League,Season,Date,Home_Team,Away_Team,IGHXG,IGAXG,TIGXG,CTMCL,Delta,Prediction,Total_Goals,Actual_Result,Score
Premier League,2019-2020,Aug 09 2019 - 7:00pm,Liverpool,Norwich City,0.0,0.0,0.0,-0.021458333333333357,0.021458333333333357,Over,5,Over,1
Premier League,2019-2020,Aug 10 2019 - 11:30am,West Ham United,Manchester City,0.0,0.0,0.0,0.4703225806451603,-0.4703225806451603,Under,5,Over,0
Premier League,2019-2020,Aug 10 2019 - 2:00pm,AFC Bournemouth,Sheffield United,0.0,0.0,0.0,1.358983050847458,-1.358983050847458,Under,2,Over,0
Premier League,2019-2020,Aug 10 2019 - 2:00pm,Burnley,Southampton,0.0,0.0,0.0,1.6317307692307692,-1.6317307692307692,Under,3,Over,0
Premier League,2019-2020,Aug 10 2019 - 2:00pm,Crystal Palace,Everton,0.0,0.0,0.0,1.671604938271605,-1.671604938271605,Under,0,Under,1
Premier League,2019-2020,Aug 10 2019 - 2:00pm,Watford,Brighton & Hove Albion,0.0,0.0,0.0,1.6317307692307692,-1.6317307692307692,Under,3,Over,0
Premier League,2019-2020,Aug 10 2019 - 4:30pm,Tottenham Hotspur,Aston Villa,0.0,0.0,0.0,0.9475000000000005,-0.9475000000000005,Under,4,Over,0
Premier League,2019-2020,Aug 11 2019 - 1:00pm,Leicester City,Wolverhampton Wanderers,0.0,0.0,0.0,1.671604938271605,-1.671604938271605,Under,0,Under,1
Premier League,2019-2020,Aug 11 2019 - 1:00pm,Newcastle United,Arsenal,0.0,0.0,0.0,1.2727272727272727,-1.2727272727272727,Under,1,Under,1
Premier League,2019-2020,Aug 11 2019 - 3:30pm,Manchester United,Chelsea,0.0,0.0,0.0,1.4488281249999997,-1.4488281249999997,Under,4,Over,0
Premier League,2019-2020,Aug 17 2019 - 11:30am,Arsenal,Burnley,0.0,0.0,0.0,0.9475000000000005,-0.9475000000000005,Under,3,Over,0
Premier League,2019-2020,Aug 17 2019 - 2:00pm,Aston Villa,AFC Bournemouth,0.0,0.0,0.0,1.2727272727272727,-1.2727272727272727,Under,3,Over,0
Premier League,2019-2020,Aug 17 2019 - 2:00pm,Brighton & Hove Albion,West Ham United,0.0,0.0,0.0,1.4063709677419354,-1.4063709677419354,Under,2,Over,0
Premier League,2019-2020,Aug 17 2019 - 2:00pm,Everton,Watford,0.0,0.0,0.0,1.2309433962264151,-1.2309433962264151,Under,1,Under,1
Premier League,2019-2020,Aug 17 2019 - 2:00pm,Norwich City,Newcastle United,0.0,0.0,0.0,1.4488281249999997,-1.4488281249999997,Under,4,Over,0
Premier League,2019-2020,Aug 17 2019 - 2:00pm,Southampton,Liverpool,0.0,0.0,0.0,0.9571428571428575,-0.9571428571428575,Under,3,Over,0
Premier League,2019-2020,Aug 17 2019 - 4:30pm,Manchester City,Tottenham Hotspur,0.0,0.0,0.0,0.7632432432432434,-0.7632432432432434,Under,4,Over,0
Premier League,2019-2020,Aug 18 2019 - 1:00pm,Sheffield United,Crystal Palace,0.0,0.0,0.0,1.7420454545454542,-1.7420454545454542,Under,1,Under,1
Premier League,2019-2020,Aug 18 2019 - 3:30pm,Chelsea,Leicester City,0.0,0.0,0.0,1.358983050847458,-1.358983050847458,Under,2,Over,0
Premier League,2019-2020,Aug 19 2019 - 7:00pm,Wolverhampton Wanderers,Manchester United,0.0,0.0,0.0,1.5918918918918918,-1.5918918918918918,Under,2,Over,0
Premier League,2019-2020,Aug 23 2019 - 7:00pm,Aston Villa,Everton,2.08,1.13,3.21,1.358983050847458,1.851016949152542,Over,2,Over,1
Premier League,2019-2020,Aug 24 2019 - 11:30am,Norwich City,Chelsea,1.77,1.89,3.66,0.8494871794871799,2.8105128205128205,Over,5,Over,1
Premier League,2019-2020,Aug 24 2019 - 2:00pm,Brighton & Hove Albion,Southampton,1.65,1.1,2.75,1.59,1.16,Over,2,Over,1
Premier League,2019-2020,Aug 24 2019 - 2:00pm,Manchester United,Crystal Palace,1.3,0.99,2.29,1.2309433962264151,1.059056603773585,Over,3,Over,1
Premier League,2019-2020,Aug 24 2019 - 2:00pm,Sheffield United,Leicester City,1.49,1.37,2.8600000000000003,1.713855421686747,1.1461445783132533,Over,3,Over,1
Premier League,2019-2020,Aug 24 2019 - 2:00pm,Watford,West Ham United,1.07,1.03,2.1,1.1284375000000002,0.9715624999999999,Over,4,Over,1
Premier League,2019-2020,Aug 24 2019 - 4:30pm,Liverpool,Arsenal,1.83,1.05,2.88,0.4703225806451603,2.4096774193548396,Over,4,Over,1
Premier League,2019-2020,Aug 25 2019 - 1:00pm,AFC Bournemouth,Manchester City,1.24,1.87,3.1100000000000003,0.15519230769230719,2.954807692307693,Over,4,Over,1
Premier League,2019-2020,Aug 25 2019 - 3:30pm,Tottenham Hotspur,Newcastle United,2.61,1.38,3.9899999999999998,0.8494871794871799,3.1405128205128197,Over,1,Over,1
Premier League,2019-2020,Aug 25 2019 - 3:30pm,Wolverhampton Wanderers,Burnley,0.83,1.67,2.5,1.7465517241379307,0.7534482758620693,Over,2,Over,1
Premier League,2019-2020,Aug 31 2019 - 11:30am,Southampton,Manchester United,1.27,1.05,2.3200000000000003,1.4063709677419354,0.9136290322580649,Over,2,Over,1
Premier League,2019-2020,Aug 31 2019 - 2:00pm,Chelsea,Sheffield United,1.59,1.12,2.71,1.1864705882352944,1.5235294117647056,Over,4,Over,1
Premier League,2019-2020,Aug 31 2019 - 2:00pm,Crystal Palace,Aston Villa,0.72,0.91,1.63,1.5,0.1299999999999999,Over,1,Under,0
Premier League,2019-2020,Aug 31 2019 - 2:00pm,Leicester City,AFC Bournemouth,1.5,1.26,2.76,1.065978260869565,1.6940217391304349,Over,4,Over,1
Premier League,2019-2020,Aug 31 2019 - 2:00pm,Manchester City,Brighton & Hove Albion,2.73,0.92,3.65,-0.11130434782608756,3.7613043478260875,Over,4,Over,1
Premier League,2019-2020,Aug 31 2019 - 2:00pm,Newcastle United,Watford,1.01,1.2,2.21,1.5461805555555554,0.6638194444444445,Over,2,Over,1
Premier League,2019-2020,Aug 31 2019 - 2:00pm,West Ham United,Norwich City,0.98,1.32,2.3,0.6282352941176474,1.6717647058823524,Over,2,Over,1
Premier League,2019-2020,Aug 31 2019 - 4:30pm,Burnley,Liverpool,1.17,1.69,2.86,0.9571428571428575,1.9028571428571424,Over,3,Over,1
Premier League,2019-2020,Sep 01 2019 - 1:00pm,Everton,Wolverhampton Wanderers,1.05,0.86,1.9100000000000001,1.7769230769230768,0.13307692307692331,Over,5,Over,1
Premier League,2019-2020,Sep 01 2019 - 3:30pm,Arsenal,Tottenham Hotspur,1.79,0.58,2.37,0.9475000000000005,1.4224999999999997,Over,4,Over,1
Premier League,2019-2020,Sep 14 2019 - 11:30am,Liverpool,Newcastle United,1.9,1.21,3.11,0.34000000000000075,2.769999999999999,Over,4,Over,1
Premier League,2019-2020,Sep 14 2019 - 2:00pm,Brighton & Hove Albion,Burnley,1.45,1.6,3.05,1.5863636363636364,1.4636363636363634,Over,2,Over,1
Premier League,2019-2020,Sep 14 2019 - 2:00pm,Manchester United,Leicester City,1.53,1.14,2.67,2.0249999999999995,0.6450000000000005,Over,1,Under,0
Premier League,2019-2020,Sep 14 2019 - 2:00pm,Sheffield United,Southampton,1.3,1.17,2.4699999999999998,2.453691275167785,0.016308724832214683,Over,1,Under,0
Premier League,2019-2020,Sep 14 2019 - 2:00pm,Tottenham Hotspur,Crystal Palace,2.36,0.87,3.23,1.9703947368421053,1.2596052631578947,Over,4,Over,1
Premier League,2019-2020,Sep 14 2019 - 2:00pm,Wolverhampton Wanderers,Chelsea,1.28,1.94,3.2199999999999998,1.8214285714285712,1.3985714285714286,Over,7,Over,1
Premier League,2019-2020,Sep 14 2019 - 4:30pm,Norwich City,Manchester City,1.43,1.88,3.3099999999999996,-0.9088235294117664,4.218823529411766,Over,5,Over,1
Premier League,2019-2020,Sep 15 2019 - 1:00pm,AFC Bournemouth,Everton,1.37,1.19,2.56,1.1284375000000002,1.4315624999999998,Over,4,Over,1
Premier League,2019-2020,Sep 15 2019 - 3:30pm,Watford,Arsenal,1.33,1.04,2.37,0.8711250000000004,1.4988749999999997,Over,4,Over,1
Premier League,2019-2020,Sep 16 2019 - 7:00pm,Aston Villa,West Ham United,1.52,1.5,3.02,0.9571428571428575,2.0628571428571423,Over,0,Under,0
Premier League,2019-2020,Sep 20 2019 - 7:00pm,Southampton,AFC Bournemouth,1.22,1.23,2.45,1.097659574468085,1.3523404255319151,Over,4,Over,1
Premier League,2019-2020,Sep 21 2019 - 11:30am,Leicester City,Tottenham Hotspur,1.71,1.18,2.8899999999999997,1.2727272727272727,1.617272727272727,Over,3,Over,1
Premier League,2019-2020,Sep 21 2019 - 2:00pm,Burnley,Norwich City,1.08,1.32,2.4000000000000004,1.065978260869565,1.3340217391304354,Over,2,Over,1
Premier League,2019-2020,Sep 21 2019 - 2:00pm,Everton,Sheffield United,1.55,1.13,2.6799999999999997,1.5,1.1799999999999997,Over,2,Over,1
Premier League,2019-2020,Sep 21 2019 - 2:00pm,Manchester City,Watford,2.31,1.31,3.62,-0.5921052631578969,4.212105263157897,Over,8,Over,1
Premier League,2019-2020,Sep 21 2019 - 4:30pm,Newcastle United,Brighton & Hove Albion,1.33,1.05,2.38,1.7720108695652173,0.6079891304347826,Over,0,Under,0
Premier League,2019-2020,Sep 22 2019 - 1:00pm,Crystal Palace,Wolverhampton Wanderers,1.6,1.08,2.68,1.7720108695652173,0.9079891304347829,Over,2,Over,1
Premier League,2019-2020,Sep 22 2019 - 1:00pm,West Ham United,Manchester United,1.58,1.78,3.3600000000000003,1.097659574468085,2.2623404255319155,Over,2,Over,1
Premier League,2019-2020,Sep 22 2019 - 3:30pm,Arsenal,Aston Villa,2.31,1.05,3.3600000000000003,0.5289062499999997,2.831093750000001,Over,5,Over,1
Premier League,2019-2020,Sep 22 2019 - 3:30pm,Chelsea,Liverpool,1.6,1.75,3.35,0.9100000000000004,2.4399999999999995,Over,3,Over,1
Premier League,2019-2020,Sep 28 2019 - 11:30am,Sheffield United,Liverpool,1.51,1.51,3.02,0.9571428571428575,2.0628571428571423,Over,1,Over,1
Premier League,2019-2020,Sep 28 2019 - 2:00pm,AFC Bournemouth,West Ham United,1.4,1.48,2.88,0.6785714285714293,2.2014285714285706,Over,4,Over,1
Premier League,2019-2020,Sep 28 2019 - 2:00pm,Aston Villa,Burnley,1.46,1.45,2.91,1.358983050847458,1.551016949152542,Over,4,Over,1
Premier League,2019-2020,Sep 28 2019 - 2:00pm,Chelsea,Brighton & Hove Albion,1.59,1.36,2.95,0.9571428571428575,1.9928571428571427,Over,2,Over,1
Premier League,2019-2020,Sep 28 2019 - 2:00pm,Crystal Palace,Norwich City,1.6,1.3,2.9000000000000004,1.1092708333333332,1.7907291666666671,Over,2,Over,1
Premier League,2019-2020,Sep 28 2019 - 2:00pm,Tottenham Hotspur,Southampton,2.23,1.32,3.55,0.8400000000000007,2.709999999999999,Over,3,Over,1
Premier League,2019-2020,Sep 28 2019 - 2:00pm,Wolverhampton Wanderers,Watford,1.31,1.19,2.5,1.4488281249999997,1.0511718750000003,Over,2,Over,1
Premier League,2019-2020,Sep 28 2019 - 4:30pm,Everton,Manchester City,1.61,2.41,4.0200000000000005,0.6879999999999997,3.3320000000000007,Over,4,Over,1
Premier League,2019-2020,Sep 29 2019 - 3:30pm,Leicester City,Newcastle United,1.83,1.09,2.92,1.5471830985915491,1.3728169014084508,Over,5,Over,1
Premier League,2019-2020,Sep 30 2019 - 7:00pm,Manchester United,Arsenal,1.5,1.12,2.62,1.0333333333333332,1.586666666666667,Over,2,Over,1
Premier League,2019-2020,Oct 05 2019 - 11:30am,Brighton & Hove Albion,Tottenham Hotspur,1.6,1.31,2.91,1.1284375000000002,1.7815625,Over,3,Over,1
Premier League,2019-2020,Oct 05 2019 - 2:00pm,Burnley,Everton,1.38,1.45,2.83,1.5471830985915491,1.282816901408451,Over,1,Under,0
Premier League,2019-2020,Oct 05 2019 - 2:00pm,Liverpool,Leicester City,2.21,1.25,3.46,0.9741860465116281,2.485813953488372,Over,3,Over,1
Premier League,2019-2020,Oct 05 2019 - 2:00pm,Norwich City,Aston Villa,1.26,1.35,2.6100000000000003,0.9100000000000004,1.7,Over,6,Over,1
Premier League,2019-2020,Oct 05 2019 - 2:00pm,Watford,Sheffield United,2.0,0.95,2.95,1.5,1.4500000000000002,Over,0,Under,0
Premier League,2019-2020,Oct 05 2019 - 4:30pm,West Ham United,Crystal Palace,1.53,1.18,2.71,1.1864705882352944,1.5235294117647056,Over,3,Over,1
Premier League,2019-2020,Oct 06 2019 - 1:00pm,Arsenal,AFC Bournemouth,2.35,1.18,3.5300000000000002,-0.01249999999999929,3.5424999999999995,Over,1,Over,1
Premier League,2019-2020,Oct 06 2019 - 1:00pm,Manchester City,Wolverhampton Wanderers,2.65,1.3,3.95,0.360689655172413,3.589310344827587,Over,2,Over,1
Premier League,2019-2020,Oct 06 2019 - 1:00pm,Southampton,Chelsea,1.72,1.89,3.61,1.065978260869565,2.544021739130435,Over,5,Over,1
Premier League,2019-2020,Oct 06 2019 - 3:30pm,Newcastle United,Manchester United,1.34,1.58,2.92,1.671604938271605,1.248395061728395,Over,1,Under,0
Premier League,2019-2020,Oct 19 2019 - 11:30am,Everton,West Ham United,1.58,1.61,3.1900000000000004,1.065978260869565,2.1240217391304355,Over,2,Over,1
Premier League,2019-2020,Oct 19 2019 - 2:00pm,AFC Bournemouth,Norwich City,1.44,1.3,2.74,0.360689655172413,2.379310344827587,Over,0,Under,0
Premier League,2019-2020,Oct 19 2019 - 2:00pm,Aston Villa,Brighton & Hove Albion,1.51,1.27,2.7800000000000002,1.2727272727272727,1.5072727272727275,Over,3,Over,1
Premier League,2019-2020,Oct 19 2019 - 2:00pm,Chelsea,Newcastle United,1.87,0.92,2.79,0.9475000000000005,1.8424999999999996,Over,1,Over,1
Premier League,2019-2020,Oct 19 2019 - 2:00pm,Leicester City,Burnley,1.89,1.35,3.24,1.2309433962264151,2.009056603773585,Over,3,Over,1
Premier League,2019-2020,Oct 19 2019 - 2:00pm,Tottenham Hotspur,Watford,2.01,1.29,3.3,0.8400000000000007,2.459999999999999,Over,2,Over,1
Premier League,2019-2020,Oct 19 2019 - 2:00pm,Wolverhampton Wanderers,Southampton,1.21,1.55,2.76,1.5482142857142855,1.2117857142857142,Over,2,Over,1
Premier League,2019-2020,Oct 19 2019 - 4:30pm,Crystal Palace,Manchester City,1.65,2.45,4.1,0.4703225806451603,3.6296774193548393,Over,2,Over,1
Premier League,2019-2020,Oct 20 2019 - 3:30pm,Manchester United,Liverpool,1.57,1.61,3.18,1.358983050847458,1.821016949152542,Over,2,Over,1
Premier League,2019-2020,Oct 21 2019 - 7:00pm,Sheffield United,Arsenal,1.49,1.26,2.75,1.4063709677419354,1.3436290322580646,Over,1,Under,0
Premier League,2019-2020,Oct 25 2019 - 7:00pm,Southampton,Leicester City,1.57,1.13,2.7,1.5,1.2000000000000002,Over,9,Over,1
Premier League,2019-2020,Oct 26 2019 - 11:30am,Manchester City,Aston Villa,2.32,1.58,3.9,3.5,0.3999999999999999,Over,3,Under,0
Premier League,2019-2020,Oct 26 2019 - 2:00pm,Brighton & Hove Albion,Everton,1.77,1.38,3.15,1.4488281249999997,1.7011718750000002,Over,5,Over,1
Premier League,2019-2020,Oct 26 2019 - 2:00pm,Watford,AFC Bournemouth,1.82,1.07,2.89,1.2309433962264151,1.659056603773585,Over,0,Under,0
Premier League,2019-2020,Oct 26 2019 - 2:00pm,West Ham United,Sheffield United,1.4,1.04,2.44,-1.3776923076923135,3.8176923076923135,Over,2,Over,1
Premier League,2019-2020,Oct 26 2019 - 4:30pm,Burnley,Chelsea,1.32,1.83,3.1500000000000004,1.1092708333333332,2.040729166666667,Over,6,Over,1
Premier League,2019-2020,Oct 27 2019 - 2:00pm,Newcastle United,Wolverhampton Wanderers,1.34,1.22,2.56,1.875,0.685,Over,2,Over,1
Premier League,2019-2020,Oct 27 2019 - 4:30pm,Arsenal,Crystal Palace,2.01,1.17,3.1799999999999997,0.7978947368421054,2.3821052631578943,Over,4,Over,1
Premier League,2019-2020,Oct 27 2019 - 4:30pm,Liverpool,Tottenham Hotspur,2.22,1.27,3.49,0.5845454545454551,2.9054545454545453,Over,3,Over,1
Premier League,2019-2020,Oct 27 2019 - 4:30pm,Norwich City,Manchester United,1.54,1.59,3.13,1.362416666666667,1.7675833333333328,Over,4,Over,1
Premier League,2019-2020,Nov 02 2019 - 12:30pm,AFC Bournemouth,Manchester United,1.46,1.74,3.2,1.4488281249999997,1.7511718750000005,Over,1,Under,0
Premier League,2019-2020,Nov 02 2019 - 3:00pm,Arsenal,Wolverhampton Wanderers,1.97,1.34,3.31,1.1776000000000002,2.1323999999999996,Over,2,Over,1
Premier League,2019-2020,Nov 02 2019 - 3:00pm,Aston Villa,Liverpool,1.74,1.59,3.33,0.4703225806451603,2.8596774193548398,Over,3,Over,1
Premier League,2019-2020,Nov 02 2019 - 3:00pm,Brighton & Hove Albion,Norwich City,1.66,1.28,2.94,0.9475000000000005,1.9924999999999995,Over,2,Over,1
Premier League,2019-2020,Nov 02 2019 - 3:00pm,Manchester City,Southampton,2.48,1.55,4.03,-1.0921875000000019,5.122187500000003,Over,3,Over,1
Premier League,2019-2020,Nov 02 2019 - 3:00pm,Sheffield United,Burnley,1.42,1.35,2.77,1.843298969072165,0.926701030927835,Over,3,Over,1
Premier League,2019-2020,Nov 02 2019 - 3:00pm,West Ham United,Newcastle United,1.42,0.88,2.3,1.2727272727272727,1.0272727272727271,Over,5,Over,1
Premier League,2019-2020,Nov 02 2019 - 5:30pm,Watford,Chelsea,1.66,1.86,3.52,1.065978260869565,2.454021739130435,Over,3,Over,1
Premier League,2019-2020,Nov 03 2019 - 2:00pm,Crystal Palace,Leicester City,1.51,1.58,3.09,1.4063709677419354,1.6836290322580645,Over,2,Over,1
Premier League,2019-2020,Nov 03 2019 - 4:30pm,Everton,Tottenham Hotspur,1.8,1.27,3.0700000000000003,1.097659574468085,1.9723404255319152,Over,2,Over,1
Premier League,2019-2020,Nov 08 2019 - 8:00pm,Norwich City,Watford,1.5,1.21,2.71,1.065978260869565,1.644021739130435,Over,2,Over,1
Premier League,2019-2020,Nov 09 2019 - 12:30pm,Chelsea,Crystal Palace,1.89,1.22,3.11,0.9741860465116281,2.1358139534883716,Over,2,Over,1
Premier League,2019-2020,Nov 09 2019 - 3:00pm,Burnley,West Ham United,1.41,1.51,2.92,1.065978260869565,1.854021739130435,Over,3,Over,1
Premier League,2019-2020,Nov 09 2019 - 3:00pm,Newcastle United,AFC Bournemouth,1.39,1.22,2.61,1.6344155844155845,0.9755844155844153,Over,3,Over,1
Premier League,2019-2020,Nov 09 2019 - 3:00pm,Southampton,Everton,1.43,1.34,2.77,1.5,1.27,Over,3,Over,1
Premier League,2019-2020,Nov 09 2019 - 3:00pm,Tottenham Hotspur,Sheffield United,1.97,1.1,3.0700000000000003,1.2235576923076923,1.846442307692308,Over,2,Over,1
Premier League,2019-2020,Nov 09 2019 - 5:30pm,Leicester City,Arsenal,1.88,1.32,3.2,0.7978947368421054,2.4021052631578947,Over,2,Over,1
Premier League,2019-2020,Nov 10 2019 - 2:00pm,Manchester United,Brighton & Hove Albion,1.45,1.44,2.8899999999999997,1.4488281249999997,1.441171875,Over,4,Over,1
Premier League,2019-2020,Nov 10 2019 - 2:00pm,Wolverhampton Wanderers,Aston Villa,1.14,1.52,2.66,1.3072321428571432,1.352767857142857,Over,3,Over,1
Premier League,2019-2020,Nov 10 2019 - 4:30pm,Liverpool,Manchester City,2.4,2.47,4.87,0.7978947368421054,4.072105263157894,Over,4,Over,1
Premier League,2019-2020,Nov 23 2019 - 12:30pm,West Ham United,Tottenham Hotspur,1.59,1.19,2.7800000000000002,0.7978947368421054,1.9821052631578948,Over,5,Over,1
Premier League,2019-2020,Nov 23 2019 - 3:00pm,AFC Bournemouth,Wolverhampton Wanderers,1.47,1.51,2.98,1.6344155844155845,1.3455844155844154,Over,3,Over,1
Premier League,2019-2020,Nov 23 2019 - 3:00pm,Arsenal,Southampton,1.86,1.38,3.24,0.5845454545454551,2.6554545454545453,Over,4,Over,1
Premier League,2019-2020,Nov 23 2019 - 3:00pm,Brighton & Hove Albion,Leicester City,1.86,1.6,3.46,1.358983050847458,2.101016949152542,Over,2,Over,1
Premier League,2019-2020,Nov 23 2019 - 3:00pm,Crystal Palace,Liverpool,1.49,1.76,3.25,1.2309433962264151,2.019056603773585,Over,3,Over,1
Premier League,2019-2020,Nov 23 2019 - 3:00pm,Everton,Norwich City,1.72,1.18,2.9,0.6785714285714293,2.2214285714285706,Over,2,Over,1
Premier League,2019-2020,Nov 23 2019 - 3:00pm,Watford,Burnley,1.63,1.25,2.88,1.6317307692307692,1.2482692307692307,Over,3,Over,1
Premier League,2019-2020,Nov 23 2019 - 5:30pm,Manchester City,Chelsea,2.61,1.93,4.54,0.360689655172413,4.179310344827587,Over,3,Over,1
Premier League,2019-2020,Nov 24 2019 - 4:30pm,Sheffield United,Manchester United,1.47,1.74,3.21,1.671604938271605,1.538395061728395,Over,6,Over,1
Premier League,2019-2020,Nov 25 2019 - 8:00pm,Aston Villa,Newcastle United,1.59,1.01,2.6,1.1864705882352944,1.4135294117647057,Over,2,Over,1
Premier League,2019-2020,Nov 30 2019 - 12:30pm,Newcastle United,Manchester City,1.46,2.4,3.86,0.360689655172413,3.499310344827587,Over,4,Over,1
Premier League,2019-2020,Nov 30 2019 - 3:00pm,Burnley,Crystal Palace,1.4,1.13,2.53,1.5471830985915491,0.9828169014084507,Over,2,Over,1
Premier League,2019-2020,Nov 30 2019 - 3:00pm,Chelsea,West Ham United,1.98,1.41,3.3899999999999997,0.07000000000000028,3.3199999999999994,Over,1,Over,1
Premier League,2019-2020,Nov 30 2019 - 3:00pm,Liverpool,Brighton & Hove Albion,2.26,1.35,3.61,0.360689655172413,3.249310344827587,Over,3,Over,1
Premier League,2019-2020,Nov 30 2019 - 3:00pm,Tottenham Hotspur,AFC Bournemouth,1.96,1.33,3.29,0.6785714285714293,2.6114285714285708,Over,5,Over,1
Premier League,2019-2020,Nov 30 2019 - 5:30pm,Southampton,Watford,1.33,1.23,2.56,1.4063709677419354,1.1536290322580647,Over,3,Over,1
Premier League,2019-2020,Dec 01 2019 - 2:00pm,Norwich City,Arsenal,1.6,1.27,2.87,0.360689655172413,2.509310344827587,Over,4,Over,1
Premier League,2019-2020,Dec 01 2019 - 2:00pm,Wolverhampton Wanderers,Sheffield United,1.25,1.19,2.44,1.7769230769230768,0.6630769230769231,Over,2,Over,1
Premier League,2019-2020,Dec 01 2019 - 4:30pm,Leicester City,Everton,1.94,1.57,3.51,1.1284375000000002,2.3815624999999994,Over,3,Over,1
Premier League,2019-2020,Dec 01 2019 - 4:30pm,Manchester United,Aston Villa,1.64,1.5,3.1399999999999997,0.9475000000000005,2.192499999999999,Over,4,Over,1
Premier League,2019-2020,Dec 03 2019 - 7:30pm,Crystal Palace,AFC Bournemouth,1.54,1.45,2.99,1.4063709677419354,1.5836290322580648,Over,1,Under,0
Premier League,2019-2020,Dec 03 2019 - 8:15pm,Burnley,Manchester City,1.47,2.43,3.9000000000000004,0.4703225806451603,3.42967741935484,Over,5,Over,1
Premier League,2019-2020,Dec 04 2019 - 7:30pm,Leicester City,Watford,1.97,1.22,3.19,0.6879999999999997,2.5020000000000002,Over,2,Over,1
Premier League,2019-2020,Dec 04 2019 - 7:30pm,Wolverhampton Wanderers,West Ham United,1.38,1.35,2.73,1.3121052631578949,1.417894736842105,Over,2,Over,1
Premier League,2019-2020,Dec 04 2019 - 7:30pm,Manchester United,Tottenham Hotspur,1.69,1.3,2.99,1.362416666666667,1.6275833333333332,Over,3,Over,1
Premier League,2019-2020,Dec 04 2019 - 7:30pm,Chelsea,Aston Villa,1.99,1.48,3.4699999999999998,0.35172413793103363,3.118275862068966,Over,3,Over,1
Premier League,2019-2020,Dec 04 2019 - 7:30pm,Southampton,Norwich City,1.37,1.23,2.6,1.065978260869565,1.5340217391304352,Over,3,Over,1
Premier League,2019-2020,Dec 04 2019 - 8:15pm,Liverpool,Everton,2.21,1.54,3.75,0.9475000000000005,2.8024999999999993,Over,7,Over,1
Premier League,2019-2020,Dec 05 2019 - 7:30pm,Sheffield United,Newcastle United,1.53,1.1,2.63,1.6344155844155845,0.9955844155844153,Over,2,Over,1
Premier League,2019-2020,Dec 05 2019 - 8:15pm,Arsenal,Brighton & Hove Albion,1.81,1.38,3.19,0.6694285714285715,2.5205714285714285,Over,3,Over,1
Premier League,2019-2020,Dec 07 2019 - 12:30pm,Everton,Chelsea,1.79,1.84,3.63,0.9571428571428575,2.6728571428571426,Over,4,Over,1
Premier League,2019-2020,Dec 07 2019 - 3:00pm,AFC Bournemouth,Liverpool,1.44,1.7,3.1399999999999997,0.7632432432432434,2.3767567567567562,Over,3,Over,1
Premier League,2019-2020,Dec 07 2019 - 3:00pm,Tottenham Hotspur,Burnley,1.9,1.26,3.16,0.9571428571428575,2.202857142857143,Over,5,Over,1
Premier League,2019-2020,Dec 07 2019 - 3:00pm,Watford,Crystal Palace,1.66,1.12,2.7800000000000002,1.6317307692307692,1.148269230769231,Over,0,Under,0
Premier League,2019-2020,Dec 07 2019 - 5:30pm,Manchester City,Manchester United,2.5,1.71,4.21,0.6879999999999997,3.5220000000000002,Over,3,Over,1
Premier League,2019-2020,Dec 08 2019 - 2:00pm,Aston Villa,Leicester City,1.69,1.68,3.37,0.8494871794871799,2.5205128205128204,Over,5,Over,1
Premier League,2019-2020,Dec 08 2019 - 2:00pm,Newcastle United,Southampton,1.38,1.51,2.8899999999999997,1.5482142857142855,1.3417857142857141,Over,3,Over,1
Premier League,2019-2020,Dec 08 2019 - 2:00pm,Norwich City,Sheffield United,1.64,1.26,2.9,1.3072321428571432,1.5927678571428567,Over,3,Over,1
Premier League,2019-2020,Dec 08 2019 - 4:30pm,Brighton & Hove Albion,Wolverhampton Wanderers,1.73,1.61,3.34,1.671604938271605,1.668395061728395,Over,4,Over,1
Premier League,2019-2020,Dec 09 2019 - 8:00pm,West Ham United,Arsenal,1.59,1.41,3.0,0.4703225806451603,2.5296774193548397,Over,4,Over,1
Premier League,2019-2020,Dec 14 2019 - 12:30pm,Liverpool,Watford,2.13,1.18,3.3099999999999996,0.15519230769230719,3.1548076923076924,Over,2,Over,1
Premier League,2019-2020,Dec 14 2019 - 3:00pm,Burnley,Newcastle United,1.38,1.09,2.4699999999999998,1.713855421686747,0.7561445783132528,Over,1,Under,0
Premier League,2019-2020,Dec 14 2019 - 3:00pm,Chelsea,AFC Bournemouth,2.13,1.45,3.58,0.5289062499999997,3.0510937500000006,Over,1,Over,1
Premier League,2019-2020,Dec 14 2019 - 3:00pm,Leicester City,Norwich City,1.93,1.23,3.16,0.35172413793103363,2.8082758620689665,Over,2,Over,1
Premier League,2019-2020,Dec 14 2019 - 3:00pm,Sheffield United,Aston Villa,1.61,1.49,3.1,1.1092708333333332,1.9907291666666669,Over,2,Over,1
Premier League,2019-2020,Dec 14 2019 - 5:30pm,Southampton,West Ham United,1.43,1.3,2.73,0.9475000000000005,1.7824999999999995,Over,1,Over,1
Premier League,2019-2020,Dec 15 2019 - 2:00pm,Manchester United,Everton,1.69,1.54,3.23,1.2235576923076923,2.006442307692308,Over,2,Over,1
Premier League,2019-2020,Dec 15 2019 - 2:00pm,Wolverhampton Wanderers,Tottenham Hotspur,1.46,1.3,2.76,1.2727272727272727,1.487272727272727,Over,3,Over,1
Premier League,2019-2020,Dec 15 2019 - 4:30pm,Arsenal,Manchester City,1.78,2.42,4.2,-0.11130434782608756,4.311304347826088,Over,3,Over,1
Premier League,2019-2020,Dec 16 2019 - 7:45pm,Crystal Palace,Brighton & Hove Albion,1.49,1.51,3.0,1.5918918918918918,1.4081081081081082,Over,2,Over,1
Premier League,2019-2020,Dec 21 2019 - 12:30pm,Everton,Arsenal,1.78,1.39,3.17,0.7632432432432434,2.4067567567567565,Over,0,Under,0
Premier League,2019-2020,Dec 21 2019 - 3:00pm,AFC Bournemouth,Burnley,1.31,1.24,2.55,1.5461805555555554,1.0038194444444444,Over,1,Under,0
Premier League,2019-2020,Dec 21 2019 - 3:00pm,Aston Villa,Southampton,1.68,1.56,3.24,1.0333333333333332,2.206666666666667,Over,4,Over,1
Premier League,2019-2020,Dec 21 2019 - 3:00pm,Brighton & Hove Albion,Sheffield United,1.72,1.27,2.99,1.5,1.4900000000000002,Over,1,Under,0
Premier League,2019-2020,Dec 21 2019 - 3:00pm,Newcastle United,Crystal Palace,1.38,1.06,2.44,1.8688118811881187,0.5711881188118813,Over,1,Under,0
Premier League,2019-2020,Dec 21 2019 - 3:00pm,Norwich City,Wolverhampton Wanderers,1.65,1.63,3.28,1.3072321428571432,1.9727678571428566,Over,3,Over,1
Premier League,2019-2020,Dec 21 2019 - 5:30pm,Manchester City,Leicester City,2.54,1.79,4.33,0.2255555555555535,4.104444444444447,Over,4,Over,1
Premier League,2019-2020,Dec 22 2019 - 2:00pm,Watford,Manchester United,1.65,1.68,3.33,1.3121052631578949,2.017894736842105,Over,2,Over,1
Premier League,2019-2020,Dec 22 2019 - 4:30pm,Tottenham Hotspur,Chelsea,1.87,1.82,3.6900000000000004,1.097659574468085,2.5923404255319156,Over,2,Over,1
Premier League,2019-2020,Dec 26 2019 - 12:30pm,Tottenham Hotspur,Brighton & Hove Albion,1.75,1.59,3.34,0.9741860465116281,2.365813953488372,Over,3,Over,1
Premier League,2019-2020,Dec 26 2019 - 3:00pm,AFC Bournemouth,Arsenal,1.24,1.35,2.59,1.065978260869565,1.524021739130435,Over,2,Over,1
Premier League,2019-2020,Dec 26 2019 - 3:00pm,Aston Villa,Norwich City,1.75,1.24,2.99,0.7978947368421054,2.192105263157895,Over,1,Over,1
Premier League,2019-2020,Dec 26 2019 - 3:00pm,Chelsea,Southampton,2.13,1.61,3.74,0.8400000000000007,2.8999999999999995,Over,2,Over,1
Premier League,2019-2020,Dec 26 2019 - 3:00pm,Crystal Palace,West Ham United,1.49,1.32,2.81,1.5471830985915491,1.262816901408451,Over,3,Over,1
Premier League,2019-2020,Dec 26 2019 - 3:00pm,Everton,Burnley,1.71,1.17,2.88,1.5471830985915491,1.3328169014084508,Over,1,Under,0
Premier League,2019-2020,Dec 26 2019 - 3:00pm,Sheffield United,Watford,1.6,1.18,2.7800000000000002,1.671604938271605,1.1083950617283953,Over,2,Over,1
Premier League,2019-2020,Dec 26 2019 - 5:30pm,Manchester United,Newcastle United,1.8,1.08,2.88,1.1864705882352944,1.6935294117647055,Over,5,Over,1
Premier League,2019-2020,Dec 26 2019 - 8:00pm,Leicester City,Liverpool,1.92,1.84,3.76,0.6879999999999997,3.072,Over,4,Over,1
Premier League,2019-2020,Dec 27 2019 - 7:45pm,Wolverhampton Wanderers,Manchester City,1.57,2.36,3.9299999999999997,0.8711250000000004,3.0588749999999996,Over,5,Over,1
Premier League,2019-2020,Dec 28 2019 - 12:30pm,Brighton & Hove Albion,AFC Bournemouth,1.65,1.42,3.07,1.358983050847458,1.7110169491525418,Over,2,Over,1
Premier League,2019-2020,Dec 28 2019 - 3:00pm,Newcastle United,Everton,1.38,1.52,2.9,1.7098214285714286,1.1901785714285713,Over,3,Over,1
Premier League,2019-2020,Dec 28 2019 - 3:00pm,Southampton,Crystal Palace,1.44,1.13,2.57,1.6317307692307692,0.9382692307692306,Over,2,Over,1
Premier League,2019-2020,Dec 28 2019 - 3:00pm,Watford,Aston Villa,1.62,1.4,3.02,1.1776000000000002,1.8423999999999998,Over,3,Over,1
Premier League,2019-2020,Dec 28 2019 - 5:30pm,Norwich City,Tottenham Hotspur,1.64,1.33,2.9699999999999998,0.8494871794871799,2.12051282051282,Over,4,Over,1
Premier League,2019-2020,Dec 28 2019 - 5:30pm,West Ham United,Leicester City,1.62,1.68,3.3,0.8400000000000007,2.459999999999999,Over,3,Over,1
Premier League,2019-2020,Dec 28 2019 - 7:45pm,Burnley,Manchester United,1.37,1.71,3.08,1.4488281249999997,1.6311718750000004,Over,2,Over,1
Premier League,2019-2020,Dec 29 2019 - 2:00pm,Arsenal,Chelsea,1.7,1.82,3.52,0.9100000000000004,2.6099999999999994,Over,3,Over,1
Premier League,2019-2020,Dec 29 2019 - 4:30pm,Liverpool,Wolverhampton Wanderers,2.1,1.63,3.73,0.8711250000000004,2.8588749999999994,Over,1,Over,1
Premier League,2019-2020,Dec 29 2019 - 6:00pm,Manchester City,Sheffield United,2.57,1.22,3.79,0.6694285714285715,3.1205714285714286,Over,2,Over,1
Premier League,2019-2020,Jan 01 2020 - 12:30pm,Brighton & Hove Albion,Chelsea,1.69,1.82,3.51,1.1092708333333332,2.4007291666666664,Over,2,Over,1
Premier League,2019-2020,Jan 01 2020 - 12:30pm,Burnley,Aston Villa,1.33,1.42,2.75,1.2727272727272727,1.4772727272727273,Over,3,Over,1
Premier League,2019-2020,Jan 01 2020 - 3:00pm,Newcastle United,Leicester City,1.45,1.7,3.15,1.3121052631578949,1.837894736842105,Over,3,Over,1
Premier League,2019-2020,Jan 01 2020 - 3:00pm,Southampton,Tottenham Hotspur,1.48,1.41,2.8899999999999997,1.065978260869565,1.8240217391304347,Over,1,Under,0
Premier League,2019-2020,Jan 01 2020 - 3:00pm,Watford,Wolverhampton Wanderers,1.67,1.6,3.27,1.5461805555555554,1.7238194444444446,Over,3,Over,1
Premier League,2019-2020,Jan 01 2020 - 5:30pm,Manchester City,Everton,2.51,1.58,4.09,0.4703225806451603,3.6196774193548396,Over,3,Over,1
Premier League,2019-2020,Jan 01 2020 - 5:30pm,Norwich City,Crystal Palace,1.56,1.1,2.66,1.5918918918918918,1.0681081081081083,Over,2,Over,1
Premier League,2019-2020,Jan 01 2020 - 5:30pm,West Ham United,AFC Bournemouth,1.62,1.39,3.01,1.4063709677419354,1.6036290322580644,Over,4,Over,1
Premier League,2019-2020,Jan 01 2020 - 8:00pm,Arsenal,Manchester United,1.63,1.7,3.33,1.138979591836735,2.191020408163265,Over,2,Over,1
Premier League,2019-2020,Jan 02 2020 - 8:00pm,Liverpool,Sheffield United,2.04,1.18,3.2199999999999998,1.065978260869565,2.154021739130435,Over,2,Over,1
Premier League,2019-2020,Jan 10 2020 - 8:00pm,Sheffield United,West Ham United,1.62,1.32,2.9400000000000004,1.5,1.4400000000000004,Over,1,Under,0
Premier League,2019-2020,Jan 11 2020 - 12:30pm,Crystal Palace,Arsenal,1.52,1.45,2.9699999999999998,1.1776000000000002,1.7923999999999995,Over,2,Over,1
Premier League,2019-2020,Jan 11 2020 - 3:00pm,Chelsea,Burnley,2.11,1.11,3.2199999999999998,1.0333333333333332,2.1866666666666665,Over,3,Over,1
Premier League,2019-2020,Jan 11 2020 - 3:00pm,Everton,Brighton & Hove Albion,1.75,1.59,3.34,1.3121052631578949,2.027894736842105,Over,1,Under,0
Premier League,2019-2020,Jan 11 2020 - 3:00pm,Leicester City,Southampton,1.78,1.54,3.3200000000000003,1.065978260869565,2.2540217391304354,Over,3,Over,1
Premier League,2019-2020,Jan 11 2020 - 3:00pm,Manchester United,Norwich City,1.88,1.33,3.21,0.8400000000000007,2.369999999999999,Over,4,Over,1
Premier League,2019-2020,Jan 11 2020 - 3:00pm,Wolverhampton Wanderers,Newcastle United,1.71,1.06,2.77,1.5,1.27,Over,2,Over,1
Premier League,2019-2020,Jan 11 2020 - 5:30pm,Tottenham Hotspur,Liverpool,1.72,1.86,3.58,0.9571428571428575,2.6228571428571428,Over,1,Over,1
Premier League,2019-2020,Jan 12 2020 - 2:00pm,AFC Bournemouth,Watford,1.25,1.14,2.3899999999999997,1.358983050847458,1.0310169491525416,Over,3,Over,1
Premier League,2019-2020,Jan 12 2020 - 4:30pm,Aston Villa,Manchester City,1.71,2.2,3.91,-0.3342857142857145,4.244285714285715,Over,7,Over,1
Premier League,2019-2020,Jan 18 2020 - 12:30pm,Watford,Tottenham Hotspur,1.63,1.42,3.05,1.3121052631578949,1.737894736842105,Over,0,Under,0
Premier League,2019-2020,Jan 18 2020 - 3:00pm,Arsenal,Sheffield United,1.59,1.14,2.73,1.138979591836735,1.591020408163265,Over,2,Over,1
Premier League,2019-2020,Jan 18 2020 - 3:00pm,Brighton & Hove Albion,Aston Villa,1.72,1.42,3.1399999999999997,1.065978260869565,2.0740217391304347,Over,2,Over,1
Premier League,2019-2020,Jan 18 2020 - 3:00pm,Manchester City,Crystal Palace,2.49,1.15,3.64,-0.21818181818181825,3.8581818181818184,Over,4,Over,1
Premier League,2019-2020,Jan 18 2020 - 3:00pm,Norwich City,AFC Bournemouth,1.56,1.34,2.9000000000000004,1.2309433962264151,1.6690566037735852,Over,1,Under,0
Premier League,2019-2020,Jan 18 2020 - 3:00pm,Southampton,Wolverhampton Wanderers,1.47,1.63,3.0999999999999996,1.5,1.5999999999999996,Over,5,Over,1
Premier League,2019-2020,Jan 18 2020 - 3:00pm,West Ham United,Everton,1.65,1.53,3.1799999999999997,1.3121052631578949,1.8678947368421048,Over,2,Over,1
Premier League,2019-2020,Jan 18 2020 - 5:30pm,Newcastle United,Chelsea,1.39,1.8,3.19,1.065978260869565,2.124021739130435,Over,1,Under,0
Premier League,2019-2020,Jan 19 2020 - 2:00pm,Burnley,Leicester City,1.4,1.76,3.16,1.362416666666667,1.797583333333333,Over,3,Over,1
Premier League,2019-2020,Jan 19 2020 - 4:30pm,Liverpool,Manchester United,2.06,1.69,3.75,1.138979591836735,2.611020408163265,Over,2,Over,1
Premier League,2019-2020,Jan 21 2020 - 7:30pm,AFC Bournemouth,Brighton & Hove Albion,1.24,1.54,2.7800000000000002,1.358983050847458,1.4210169491525422,Over,4,Over,1
Premier League,2019-2020,Jan 21 2020 - 7:30pm,Aston Villa,Watford,1.64,1.22,2.86,1.2309433962264151,1.6290566037735847,Over,3,Over,1
Premier League,2019-2020,Jan 21 2020 - 7:30pm,Everton,Newcastle United,1.76,1.03,2.79,1.3072321428571432,1.4827678571428569,Over,4,Over,1
Premier League,2019-2020,Jan 21 2020 - 7:30pm,Sheffield United,Manchester City,1.62,2.24,3.8600000000000003,0.9475000000000005,2.9124999999999996,Over,1,Over,1
Premier League,2019-2020,Jan 21 2020 - 7:30pm,Crystal Palace,Southampton,1.47,1.6,3.0700000000000003,1.6317307692307692,1.438269230769231,Over,2,Over,1
Premier League,2019-2020,Jan 21 2020 - 8:15pm,Chelsea,Arsenal,2.1,1.4,3.5,0.9571428571428575,2.5428571428571427,Over,4,Over,1
Premier League,2019-2020,Jan 22 2020 - 7:30pm,Leicester City,West Ham United,1.71,1.29,3.0,0.9100000000000004,2.09,Over,5,Over,1
Premier League,2019-2020,Jan 22 2020 - 7:30pm,Tottenham Hotspur,Norwich City,1.7,1.3,3.0,0.9475000000000005,2.0524999999999993,Over,3,Over,1
Premier League,2019-2020,Jan 22 2020 - 8:15pm,Manchester United,Burnley,1.89,1.09,2.98,1.362416666666667,1.617583333333333,Over,2,Over,1
Premier League,2019-2020,Jan 23 2020 - 8:00pm,Wolverhampton Wanderers,Liverpool,1.67,1.86,3.5300000000000002,1.358983050847458,2.171016949152542,Over,3,Over,1
Premier League,2019-2020,Jan 29 2020 - 7:45pm,West Ham United,Liverpool,1.67,1.84,3.51,0.8400000000000007,2.669999999999999,Over,2,Over,1
Premier League,2019-2020,Feb 01 2020 - 12:30pm,Leicester City,Chelsea,1.77,1.85,3.62,1.1864705882352944,2.433529411764706,Over,4,Over,1
Premier League,2019-2020,Feb 01 2020 - 3:00pm,AFC Bournemouth,Aston Villa,1.25,1.4,2.65,1.4499999999999997,1.2000000000000002,Over,3,Over,1
Premier League,2019-2020,Feb 01 2020 - 3:00pm,Crystal Palace,Sheffield United,1.42,1.16,2.58,1.9509009009009008,0.6290990990990992,Over,1,Under,0
Premier League,2019-2020,Feb 01 2020 - 3:00pm,Liverpool,Southampton,2.06,1.64,3.7,0.7632432432432434,2.9367567567567567,Over,4,Over,1
Premier League,2019-2020,Feb 01 2020 - 3:00pm,Newcastle United,Norwich City,1.37,1.3,2.67,1.5482142857142855,1.1217857142857144,Over,0,Under,0
Premier League,2019-2020,Feb 01 2020 - 3:00pm,Watford,Everton,1.64,1.52,3.16,1.5471830985915491,1.612816901408451,Over,5,Over,1
Premier League,2019-2020,Feb 01 2020 - 3:00pm,West Ham United,Brighton & Hove Albion,1.62,1.59,3.21,1.358983050847458,1.851016949152542,Over,6,Over,1
Premier League,2019-2020,Feb 01 2020 - 5:30pm,Manchester United,Wolverhampton Wanderers,1.96,1.57,3.5300000000000002,1.7420454545454542,1.787954545454546,Over,0,Under,0
Premier League,2019-2020,Feb 02 2020 - 2:00pm,Burnley,Arsenal,1.39,1.34,2.73,1.5,1.23,Over,0,Under,0
Premier League,2019-2020,Feb 02 2020 - 4:30pm,Tottenham Hotspur,Manchester City,1.7,2.22,3.92,0.7978947368421054,3.1221052631578945,Over,2,Over,1
Premier League,2019-2020,Feb 08 2020 - 12:30pm,Everton,Crystal Palace,1.81,1.12,2.93,1.7098214285714286,1.2201785714285716,Over,4,Over,1
Premier League,2019-2020,Feb 08 2020 - 5:30pm,Brighton & Hove Albion,Watford,1.68,1.22,2.9,1.4063709677419354,1.4936290322580645,Over,2,Over,1
Premier League,2019-2020,Feb 09 2020 - 2:00pm,Sheffield United,AFC Bournemouth,1.55,1.29,2.84,1.713855421686747,1.1261445783132529,Over,3,Over,1
Premier League,2019-2020,Feb 14 2020 - 8:00pm,Wolverhampton Wanderers,Leicester City,1.65,1.79,3.44,1.5,1.94,Over,0,Under,0
Premier League,2019-2020,Feb 15 2020 - 12:30pm,Southampton,Burnley,1.47,1.08,2.55,1.5461805555555554,1.0038194444444444,Over,3,Over,1
Premier League,2019-2020,Feb 15 2020 - 5:30pm,Norwich City,Liverpool,1.57,1.84,3.41,0.6282352941176474,2.7817647058823525,Over,1,Over,1
Premier League,2019-2020,Feb 16 2020 - 2:00pm,Aston Villa,Tottenham Hotspur,1.69,1.45,3.1399999999999997,1.097659574468085,2.042340425531915,Over,5,Over,1
Premier League,2019-2020,Feb 16 2020 - 4:30pm,Arsenal,Newcastle United,1.59,1.04,2.63,1.1776000000000002,1.4523999999999997,Over,4,Over,1
Premier League,2019-2020,Feb 17 2020 - 8:00pm,Chelsea,Manchester United,2.15,1.66,3.8099999999999996,1.4063709677419354,2.4036290322580642,Over,2,Over,1
Premier League,2019-2020,Feb 19 2020 - 7:30pm,Manchester City,West Ham United,2.52,1.25,3.77,-0.5921052631578969,4.362105263157897,Over,2,Over,1
Premier League,2019-2020,Feb 22 2020 - 12:30pm,Chelsea,Tottenham Hotspur,2.11,1.55,3.66,1.5,2.16,Over,3,Over,1
Premier League,2019-2020,Feb 22 2020 - 3:00pm,Burnley,AFC Bournemouth,1.41,1.29,2.7,1.6317307692307692,1.068269230769231,Over,3,Over,1
Premier League,2019-2020,Feb 22 2020 - 3:00pm,Crystal Palace,Newcastle United,1.44,1.05,2.49,1.875,0.6150000000000002,Over,1,Under,0
Premier League,2019-2020,Feb 22 2020 - 3:00pm,Sheffield United,Brighton & Hove Albion,1.58,1.62,3.2,1.7058823529411766,1.4941176470588236,Over,2,Over,1
Premier League,2019-2020,Feb 22 2020 - 3:00pm,Southampton,Aston Villa,1.48,1.46,2.94,0.964883720930233,1.975116279069767,Over,2,Over,1
Premier League,2019-2020,Feb 22 2020 - 5:30pm,Leicester City,Manchester City,1.76,2.2,3.96,0.8711250000000004,3.088875,Over,1,Over,1
Premier League,2019-2020,Feb 23 2020 - 2:00pm,Manchester United,Watford,1.98,1.2,3.1799999999999997,1.4488281249999997,1.731171875,Over,3,Over,1
Premier League,2019-2020,Feb 23 2020 - 2:00pm,Wolverhampton Wanderers,Norwich City,1.66,1.34,3.0,1.4499999999999997,1.5500000000000003,Over,3,Over,1
Premier League,2019-2020,Feb 23 2020 - 4:30pm,Arsenal,Everton,1.63,1.51,3.1399999999999997,1.138979591836735,2.0010204081632645,Over,5,Over,1
Premier League,2019-2020,Feb 24 2020 - 8:00pm,Liverpool,West Ham United,2.05,1.19,3.2399999999999998,0.4173333333333322,2.8226666666666675,Over,5,Over,1
Premier League,2019-2020,Feb 28 2020 - 8:00pm,Norwich City,Leicester City,1.5,1.74,3.24,1.1092708333333332,2.130729166666667,Over,1,Under,0
Premier League,2019-2020,Feb 29 2020 - 12:30pm,Brighton & Hove Albion,Crystal Palace,1.67,1.15,2.82,1.7769230769230768,1.043076923076923,Over,1,Under,0
Premier League,2019-2020,Feb 29 2020 - 3:00pm,AFC Bournemouth,Chelsea,1.3,1.79,3.09,1.1864705882352944,1.9035294117647055,Over,4,Over,1
Premier League,2019-2020,Feb 29 2020 - 3:00pm,Newcastle United,Burnley,1.38,1.1,2.48,1.7720108695652173,0.7079891304347827,Over,0,Under,0
Premier League,2019-2020,Feb 29 2020 - 3:00pm,West Ham United,Southampton,1.62,1.66,3.2800000000000002,1.1864705882352944,2.093529411764706,Over,4,Over,1
Premier League,2019-2020,Feb 29 2020 - 5:30pm,Watford,Liverpool,1.62,1.87,3.49,1.065978260869565,2.4240217391304353,Over,3,Over,1
Premier League,2019-2020,Mar 01 2020 - 2:00pm,Everton,Manchester United,1.82,1.63,3.45,1.4488281249999997,2.0011718750000007,Over,2,Over,1
Premier League,2019-2020,Mar 01 2020 - 2:00pm,Tottenham Hotspur,Wolverhampton Wanderers,1.62,1.56,3.18,1.675,1.5050000000000001,Over,5,Over,1
Premier League,2019-2020,Mar 07 2020 - 12:30pm,Liverpool,AFC Bournemouth,2.1,1.31,3.41,0.360689655172413,3.049310344827587,Over,3,Over,1
Premier League,2019-2020,Mar 07 2020 - 3:00pm,Arsenal,West Ham United,1.62,1.19,2.81,0.8400000000000007,1.9699999999999993,Over,1,Over,1
Premier League,2019-2020,Mar 07 2020 - 3:00pm,Crystal Palace,Watford,1.49,1.18,2.67,1.713855421686747,0.956144578313253,Over,1,Under,0
Premier League,2019-2020,Mar 07 2020 - 3:00pm,Sheffield United,Norwich City,1.61,1.31,2.92,1.5482142857142855,1.3717857142857144,Over,1,Under,0
Premier League,2019-2020,Mar 07 2020 - 3:00pm,Southampton,Newcastle United,1.56,1.04,2.6,1.358983050847458,1.241016949152542,Over,1,Under,0
Premier League,2019-2020,Mar 07 2020 - 3:00pm,Wolverhampton Wanderers,Brighton & Hove Albion,1.65,1.57,3.2199999999999998,1.4488281249999997,1.771171875,Over,0,Under,0
Premier League,2019-2020,Mar 07 2020 - 5:30pm,Burnley,Tottenham Hotspur,1.44,1.5,2.94,1.5461805555555554,1.3938194444444445,Over,2,Over,1
Premier League,2019-2020,Mar 08 2020 - 2:00pm,Chelsea,Everton,2.1,1.53,3.63,1.1864705882352944,2.4435294117647057,Over,4,Over,1
Premier League,2019-2020,Mar 08 2020 - 4:30pm,Manchester United,Manchester City,1.99,2.19,4.18,1.1284375000000002,3.0515624999999993,Over,2,Over,1
Premier League,2019-2020,Mar 09 2020 - 8:00pm,Leicester City,Aston Villa,1.71,1.41,3.12,0.9475000000000005,2.1724999999999994,Over,4,Over,1
Premier League,2019-2020,Jun 17 2020 - 5:00pm,Aston Villa,Sheffield United,1.71,1.17,2.88,1.6317307692307692,1.2482692307692307,Over,0,Under,0
Premier League,2019-2020,Jun 17 2020 - 7:15pm,Manchester City,Arsenal,2.51,1.35,3.86,0.360689655172413,3.499310344827587,Over,3,Over,1
Premier League,2019-2020,Jun 19 2020 - 5:00pm,Norwich City,Southampton,1.51,1.63,3.1399999999999997,1.4063709677419354,1.7336290322580643,Over,3,Over,1
Premier League,2019-2020,Jun 19 2020 - 7:15pm,Tottenham Hotspur,Manchester United,1.61,1.64,3.25,1.4063709677419354,1.8436290322580646,Over,2,Over,1
Premier League,2019-2020,Jun 20 2020 - 11:30am,Watford,Leicester City,1.62,1.77,3.39,1.6317307692307692,1.758269230769231,Over,2,Over,1
Premier League,2019-2020,Jun 20 2020 - 2:00pm,Brighton & Hove Albion,Arsenal,1.75,1.28,3.0300000000000002,1.5,1.5300000000000002,Over,3,Over,1
Premier League,2019-2020,Jun 20 2020 - 4:30pm,West Ham United,Wolverhampton Wanderers,1.65,1.54,3.19,1.7098214285714286,1.4801785714285713,Over,2,Over,1
Premier League,2019-2020,Jun 20 2020 - 6:45pm,AFC Bournemouth,Crystal Palace,1.29,1.16,2.45,1.7465517241379307,0.7034482758620695,Over,2,Over,1
Premier League,2019-2020,Jun 21 2020 - 1:00pm,Newcastle United,Sheffield United,1.43,1.17,2.5999999999999996,1.9989406779661016,0.601059322033898,Over,3,Over,1
Premier League,2019-2020,Jun 21 2020 - 3:15pm,Aston Villa,Chelsea,1.71,1.84,3.55,0.9571428571428575,2.5928571428571425,Over,3,Over,1
Premier League,2019-2020,Jun 21 2020 - 6:00pm,Everton,Liverpool,1.82,1.82,3.64,1.1864705882352944,2.4535294117647055,Over,0,Under,0
Premier League,2019-2020,Jun 22 2020 - 7:00pm,Manchester City,Burnley,2.51,1.1,3.61,0.6785714285714293,2.9314285714285706,Over,5,Over,1
Premier League,2019-2020,Jun 23 2020 - 5:00pm,Leicester City,Brighton & Hove Albion,1.73,1.55,3.2800000000000002,1.5,1.7800000000000002,Over,0,Under,0
Premier League,2019-2020,Jun 23 2020 - 7:15pm,Tottenham Hotspur,West Ham United,1.59,1.23,2.8200000000000003,1.2309433962264151,1.5890566037735852,Over,2,Over,1
Premier League,2019-2020,Jun 24 2020 - 5:00pm,Manchester United,Sheffield United,1.95,1.16,3.11,1.4488281249999997,1.6611718750000002,Over,3,Over,1
Premier League,2019-2020,Jun 24 2020 - 5:00pm,Newcastle United,Aston Villa,1.45,1.36,2.81,1.5471830985915491,1.262816901408451,Over,2,Over,1
Premier League,2019-2020,Jun 24 2020 - 5:00pm,Norwich City,Everton,1.48,1.47,2.95,1.5,1.4500000000000002,Over,1,Under,0
Premier League,2019-2020,Jun 24 2020 - 5:00pm,Wolverhampton Wanderers,AFC Bournemouth,1.63,1.28,2.91,1.7720108695652173,1.137989130434783,Over,1,Under,0
Premier League,2019-2020,Jun 24 2020 - 7:15pm,Liverpool,Crystal Palace,2.07,1.15,3.2199999999999998,1.1776000000000002,2.0423999999999998,Over,4,Over,1
Premier League,2019-2020,Jun 25 2020 - 5:00pm,Burnley,Watford,1.49,1.2,2.69,1.8688118811881187,0.8211881188118813,Over,1,Under,0
Premier League,2019-2020,Jun 25 2020 - 5:00pm,Southampton,Arsenal,1.52,1.32,2.84,1.1776000000000002,1.6623999999999997,Over,2,Over,1
Premier League,2019-2020,Jun 25 2020 - 7:15pm,Chelsea,Manchester City,2.11,2.14,4.25,1.1284375000000002,3.1215624999999996,Over,3,Over,1
Premier League,2019-2020,Jun 27 2020 - 11:30am,Aston Villa,Wolverhampton Wanderers,1.67,1.55,3.2199999999999998,1.805263157894737,1.4147368421052628,Over,1,Under,0
Premier League,2019-2020,Jun 28 2020 - 3:30pm,Watford,Southampton,1.61,1.69,3.3,1.7720108695652173,1.5279891304347826,Over,4,Over,1
Premier League,2019-2020,Jun 29 2020 - 7:00pm,Crystal Palace,Burnley,1.47,1.04,2.51,1.9989406779661016,0.5110593220338981,Over,1,Under,0
Premier League,2019-2020,Jun 30 2020 - 7:15pm,Brighton & Hove Albion,Manchester United,1.74,1.66,3.4,1.5,1.9,Over,3,Over,1
Premier League,2019-2020,Jul 01 2020 - 5:00pm,AFC Bournemouth,Newcastle United,1.3,1.04,2.34,1.8688118811881187,0.47118811881188116,Over,5,Over,1
Premier League,2019-2020,Jul 01 2020 - 5:00pm,Arsenal,Norwich City,1.59,1.28,2.87,1.0333333333333332,1.836666666666667,Over,4,Over,1
Premier League,2019-2020,Jul 01 2020 - 5:00pm,Everton,Leicester City,1.77,1.76,3.5300000000000002,1.6344155844155845,1.8955844155844157,Over,3,Over,1
Premier League,2019-2020,Jul 01 2020 - 7:15pm,West Ham United,Chelsea,1.6,1.88,3.48,1.2309433962264151,2.249056603773585,Over,5,Over,1
Premier League,2019-2020,Jul 02 2020 - 5:00pm,Sheffield United,Tottenham Hotspur,1.59,1.49,3.08,1.5471830985915491,1.532816901408451,Over,4,Over,1
Premier League,2019-2020,Jul 02 2020 - 7:15pm,Manchester City,Liverpool,2.49,1.79,4.28,1.0333333333333332,3.246666666666667,Over,4,Over,1
Premier League,2019-2020,Jul 04 2020 - 11:30am,Norwich City,Brighton & Hove Albion,1.45,1.52,2.9699999999999998,1.7098214285714286,1.2601785714285711,Over,1,Under,0
Premier League,2019-2020,Jul 04 2020 - 2:00pm,Leicester City,Crystal Palace,1.71,1.1,2.81,1.6344155844155845,1.1755844155844155,Over,3,Over,1
Premier League,2019-2020,Jul 04 2020 - 2:00pm,Manchester United,AFC Bournemouth,1.95,1.24,3.19,0.8494871794871799,2.34051282051282,Over,7,Over,1
Premier League,2019-2020,Jul 04 2020 - 4:30pm,Wolverhampton Wanderers,Arsenal,1.61,1.32,2.93,1.7720108695652173,1.157989130434783,Over,2,Over,1
Premier League,2019-2020,Jul 04 2020 - 7:00pm,Chelsea,Watford,2.09,1.21,3.3,1.2309433962264151,2.0690566037735847,Over,3,Over,1
Premier League,2019-2020,Jul 05 2020 - 11:00am,Burnley,Sheffield United,1.48,1.13,2.61,1.9789473684210528,0.6310526315789471,Over,2,Over,1
Premier League,2019-2020,Jul 05 2020 - 1:15pm,Newcastle United,West Ham United,1.45,1.21,2.66,1.4063709677419354,1.2536290322580648,Over,4,Over,1
Premier League,2019-2020,Jul 05 2020 - 3:30pm,Liverpool,Aston Villa,2.12,1.37,3.49,0.5289062499999997,2.9610937500000007,Over,2,Over,1
Premier League,2019-2020,Jul 05 2020 - 6:00pm,Southampton,Manchester City,1.52,2.11,3.63,0.6785714285714293,2.9514285714285706,Over,1,Over,1
Premier League,2019-2020,Jul 06 2020 - 7:00pm,Tottenham Hotspur,Everton,1.6,1.47,3.0700000000000003,1.4063709677419354,1.663629032258065,Over,1,Under,0
Premier League,2019-2020,Jul 07 2020 - 5:00pm,Crystal Palace,Chelsea,1.48,1.9,3.38,1.4063709677419354,1.9736290322580645,Over,5,Over,1
Premier League,2019-2020,Jul 07 2020 - 5:00pm,Watford,Norwich City,1.58,1.27,2.85,1.59,1.26,Over,3,Over,1
Premier League,2019-2020,Jul 07 2020 - 7:15pm,Arsenal,Leicester City,1.61,1.77,3.38,1.4063709677419354,1.9736290322580645,Over,2,Over,1
Premier League,2019-2020,Jul 08 2020 - 5:00pm,Manchester City,Newcastle United,2.43,1.06,3.49,0.14615384615384652,3.3438461538461537,Over,5,Over,1
Premier League,2019-2020,Jul 08 2020 - 5:00pm,Sheffield United,Wolverhampton Wanderers,1.56,1.53,3.09,1.9789473684210528,1.111052631578947,Over,1,Under,0
Premier League,2019-2020,Jul 08 2020 - 5:00pm,West Ham United,Burnley,1.58,1.05,2.63,1.5,1.13,Over,1,Under,0
Premier League,2019-2020,Jul 08 2020 - 7:15pm,Brighton & Hove Albion,Liverpool,1.69,1.77,3.46,1.3072321428571432,2.152767857142857,Over,4,Over,1
Premier League,2019-2020,Jul 09 2020 - 5:00pm,AFC Bournemouth,Tottenham Hotspur,1.29,1.48,2.77,1.2727272727272727,1.4972727272727273,Over,0,Under,0
Premier League,2019-2020,Jul 09 2020 - 5:00pm,Everton,Southampton,1.72,1.69,3.41,1.5461805555555554,1.8638194444444447,Over,2,Over,1
Premier League,2019-2020,Jul 09 2020 - 7:15pm,Aston Villa,Manchester United,1.64,1.66,3.3,0.7727027027027029,2.527297297297297,Over,3,Over,1
Premier League,2019-2020,Jul 11 2020 - 11:30am,Norwich City,West Ham United,1.44,1.26,2.7,1.4063709677419354,1.2936290322580648,Over,4,Over,1
Premier League,2019-2020,Jul 11 2020 - 11:30am,Watford,Newcastle United,1.57,1.04,2.6100000000000003,1.59,1.0200000000000002,Over,3,Over,1
Premier League,2019-2020,Jul 11 2020 - 2:00pm,Liverpool,Burnley,2.07,1.06,3.13,0.6785714285714293,2.4514285714285706,Over,2,Over,1
Premier League,2019-2020,Jul 11 2020 - 4:30pm,Sheffield United,Chelsea,1.56,1.9,3.46,1.4063709677419354,2.0536290322580646,Over,3,Over,1
Premier League,2019-2020,Jul 11 2020 - 7:00pm,Brighton & Hove Albion,Manchester City,1.68,2.17,3.8499999999999996,0.6879999999999997,3.162,Over,5,Over,1
Premier League,2019-2020,Jul 12 2020 - 11:00am,Wolverhampton Wanderers,Everton,1.58,1.46,3.04,1.9789473684210528,1.0610526315789472,Over,3,Over,1
Premier League,2019-2020,Jul 12 2020 - 1:15pm,Aston Villa,Crystal Palace,1.6,1.08,2.68,1.59,1.09,Over,2,Over,1
Premier League,2019-2020,Jul 12 2020 - 3:30pm,Tottenham Hotspur,Arsenal,1.59,1.3,2.89,1.4488281249999997,1.4411718750000004,Over,3,Over,1
Premier League,2019-2020,Jul 12 2020 - 6:00pm,AFC Bournemouth,Leicester City,1.29,1.76,3.05,1.5,1.5499999999999998,Over,5,Over,1
Premier League,2019-2020,Jul 13 2020 - 7:00pm,Manchester United,Southampton,1.98,1.7,3.6799999999999997,0.6879999999999997,2.992,Over,4,Over,1
Premier League,2019-2020,Jul 14 2020 - 7:15pm,Chelsea,Norwich City,2.12,1.28,3.4000000000000004,0.15519230769230719,3.244807692307693,Over,1,Over,1
Premier League,2019-2020,Jul 15 2020 - 5:00pm,Burnley,Wolverhampton Wanderers,1.46,1.5,2.96,1.875,1.085,Over,2,Over,1
Premier League,2019-2020,Jul 15 2020 - 5:00pm,Manchester City,AFC Bournemouth,2.47,1.23,3.7,-0.3257142857142856,4.025714285714286,Over,3,Over,1
Premier League,2019-2020,Jul 15 2020 - 5:00pm,Newcastle United,Tottenham Hotspur,1.46,1.46,2.92,1.3072321428571432,1.6127678571428568,Over,4,Over,1
Premier League,2019-2020,Jul 15 2020 - 7:15pm,Arsenal,Liverpool,1.62,1.8,3.42,0.8711250000000004,2.548875,Over,3,Over,1
Premier League,2019-2020,Jul 16 2020 - 5:00pm,Everton,Aston Villa,1.69,1.36,3.05,1.4488281249999997,1.6011718750000001,Over,2,Over,1
Premier League,2019-2020,Jul 16 2020 - 5:00pm,Leicester City,Sheffield United,1.69,1.16,2.8499999999999996,1.6317307692307692,1.2182692307692304,Over,2,Over,1
Premier League,2019-2020,Jul 16 2020 - 7:15pm,Crystal Palace,Manchester United,1.49,1.67,3.16,1.0333333333333332,2.126666666666667,Over,2,Over,1
Premier League,2019-2020,Jul 16 2020 - 7:15pm,Southampton,Brighton & Hove Albion,1.49,1.5,2.99,1.5461805555555554,1.4438194444444448,Over,2,Over,1
Premier League,2019-2020,Jul 17 2020 - 7:00pm,West Ham United,Watford,1.62,1.2,2.8200000000000003,1.6344155844155845,1.1855844155844157,Over,4,Over,1
Premier League,2019-2020,Jul 18 2020 - 4:30pm,Norwich City,Burnley,1.43,1.05,2.48,1.6317307692307692,0.8482692307692308,Over,2,Over,1
Premier League,2019-2020,Jul 19 2020 - 1:00pm,AFC Bournemouth,Southampton,1.29,1.68,2.9699999999999998,1.138979591836735,1.8310204081632648,Over,2,Over,1
Premier League,2019-2020,Jul 19 2020 - 3:00pm,Tottenham Hotspur,Leicester City,1.59,1.77,3.3600000000000003,1.4063709677419354,1.953629032258065,Over,3,Over,1
Premier League,2019-2020,Jul 20 2020 - 5:00pm,Brighton & Hove Albion,Newcastle United,1.61,1.05,2.66,1.5,1.1600000000000001,Over,0,Under,0
Premier League,2019-2020,Jul 20 2020 - 5:00pm,Sheffield United,Everton,1.54,1.43,2.9699999999999998,1.7465517241379307,1.223448275862069,Over,1,Under,0
Premier League,2019-2020,Jul 20 2020 - 7:15pm,Wolverhampton Wanderers,Crystal Palace,1.61,1.09,2.7,1.713855421686747,0.9861445783132532,Over,2,Over,1
Premier League,2019-2020,Jul 21 2020 - 5:00pm,Watford,Manchester City,1.58,2.2,3.7800000000000002,0.6785714285714293,3.101428571428571,Over,4,Over,1
Premier League,2019-2020,Jul 21 2020 - 7:15pm,Aston Villa,Arsenal,1.62,1.32,2.9400000000000004,1.1284375000000002,1.8115625000000002,Over,1,Under,0
Premier League,2019-2020,Jul 22 2020 - 5:00pm,Manchester United,West Ham United,1.95,1.32,3.27,0.5289062499999997,2.74109375,Over,2,Over,1
Premier League,2019-2020,Jul 22 2020 - 7:15pm,Liverpool,Chelsea,2.11,1.9,4.01,1.0333333333333332,2.9766666666666666,Over,8,Over,1
Premier League,2019-2020,Jul 26 2020 - 3:00pm,Arsenal,Watford,1.56,1.23,2.79,1.0333333333333332,1.7566666666666668,Over,5,Over,1
Premier League,2019-2020,Jul 26 2020 - 3:00pm,Burnley,Brighton & Hove Albion,1.43,1.48,2.91,1.5461805555555554,1.3638194444444447,Over,3,Over,1
Premier League,2019-2020,Jul 26 2020 - 3:00pm,Chelsea,Wolverhampton Wanderers,2.15,1.51,3.66,1.7420454545454542,1.917954545454546,Over,2,Over,1
Premier League,2019-2020,Jul 26 2020 - 3:00pm,Crystal Palace,Tottenham Hotspur,1.5,1.45,2.95,1.2727272727272727,1.6772727272727275,Over,2,Over,1
Premier League,2019-2020,Jul 26 2020 - 3:00pm,Everton,AFC Bournemouth,1.66,1.25,2.91,1.1864705882352944,1.7235294117647058,Over,4,Over,1
Premier League,2019-2020,Jul 26 2020 - 3:00pm,Leicester City,Manchester United,1.71,1.68,3.3899999999999997,1.2727272727272727,2.117272727272727,Over,2,Over,1
Premier League,2019-2020,Jul 26 2020 - 3:00pm,Manchester City,Norwich City,2.4,1.23,3.63,3.316938775510205,0.313061224489795,Over,5,Over,1
Premier League,2019-2020,Jul 26 2020 - 3:00pm,Newcastle United,Liverpool,1.49,1.86,3.35,0.9100000000000004,2.4399999999999995,Over,4,Over,1
Premier League,2019-2020,Jul 26 2020 - 3:00pm,Southampton,Sheffield United,1.53,1.15,2.6799999999999997,1.2727272727272727,1.407272727272727,Over,4,Over,1
Premier League,2019-2020,Jul 26 2020 - 3:00pm,West Ham United,Aston Villa,1.62,1.38,3.0,1.2727272727272727,1.7272727272727273,Over,2,Over,1
Premier League,2020-2021,Sep 12 2020 - 11:30am,Fulham,Arsenal,0.0,0.0,0.0,1.1776000000000002,-1.1776000000000002,Under,3,Over,0
Premier League,2020-2021,Sep 12 2020 - 2:00pm,Crystal Palace,Southampton,0.0,0.0,0.0,1.6344155844155845,-1.6344155844155845,Under,1,Under,1
Premier League,2020-2021,Sep 12 2020 - 4:30pm,Liverpool,Leeds United,0.0,0.0,0.0,0.7632432432432434,-0.7632432432432434,Under,7,Over,0
Premier League,2020-2021,Sep 12 2020 - 7:00pm,West Ham United,Newcastle United,0.0,0.0,0.0,1.362416666666667,-1.362416666666667,Under,2,Over,0
Premier League,2020-2021,Sep 13 2020 - 1:00pm,West Bromwich Albion,Leicester City,0.0,0.0,0.0,1.4499999999999997,-1.4499999999999997,Under,3,Over,0
Premier League,2020-2021,Sep 13 2020 - 3:30pm,Tottenham Hotspur,Everton,0.0,0.0,0.0,1.5461805555555554,-1.5461805555555554,Under,1,Under,1
Premier League,2020-2021,Sep 14 2020 - 5:00pm,Sheffield United,Wolverhampton Wanderers,0.0,0.0,0.0,2.111111111111111,-2.111111111111111,Under,2,Under,1
Premier League,2020-2021,Sep 14 2020 - 7:15pm,Brighton & Hove Albion,Chelsea,0.0,0.0,0.0,1.1776000000000002,-1.1776000000000002,Under,4,Over,0
Premier League,2020-2021,Sep 19 2020 - 11:30am,Everton,West Bromwich Albion,0.0,0.0,0.0,1.362416666666667,-1.362416666666667,Under,7,Over,0
Premier League,2020-2021,Sep 19 2020 - 2:00pm,Leeds United,Fulham,0.0,0.0,0.0,1.4488281249999997,-1.4488281249999997,Under,7,Over,0
Premier League,2020-2021,Sep 19 2020 - 4:30pm,Manchester United,Crystal Palace,0.0,0.0,0.0,1.097659574468085,-1.097659574468085,Under,4,Over,0
Premier League,2020-2021,Sep 19 2020 - 7:00pm,Arsenal,West Ham United,0.0,0.0,0.0,0.9571428571428575,-0.9571428571428575,Under,3,Over,0
Premier League,2020-2021,Sep 20 2020 - 11:00am,Southampton,Tottenham Hotspur,0.0,0.0,0.0,1.4488281249999997,-1.4488281249999997,Under,7,Over,0
Premier League,2020-2021,Sep 20 2020 - 1:00pm,Newcastle United,Brighton & Hove Albion,0.0,0.0,0.0,1.7769230769230768,-1.7769230769230768,Under,3,Over,0
Premier League,2020-2021,Sep 20 2020 - 3:30pm,Chelsea,Liverpool,0.0,0.0,0.0,0.9741860465116281,-0.9741860465116281,Under,2,Over,0
Premier League,2020-2021,Sep 20 2020 - 6:00pm,Leicester City,Burnley,0.0,0.0,0.0,1.4488281249999997,-1.4488281249999997,Under,6,Over,0
Premier League,2020-2021,Sep 21 2020 - 5:00pm,Aston Villa,Sheffield United,0.0,0.0,0.0,1.7098214285714286,-1.7098214285714286,Under,1,Under,1
Premier League,2020-2021,Sep 21 2020 - 7:15pm,Wolverhampton Wanderers,Manchester City,0.0,0.0,0.0,1.2309433962264151,-1.2309433962264151,Under,4,Over,0
Premier League,2020-2021,Sep 26 2020 - 11:30am,Brighton & Hove Albion,Manchester United,1.27,0.0,1.27,1.2666666666666664,0.0033333333333336324,Over,5,Over,1
Premier League,2020-2021,Sep 26 2020 - 2:00pm,Crystal Palace,Everton,1.04,1.34,2.38,1.5471830985915491,0.8328169014084508,Over,3,Over,1
Premier League,2020-2021,Sep 26 2020 - 4:30pm,West Bromwich Albion,Chelsea,0.89,1.13,2.02,0.9100000000000004,1.1099999999999997,Over,6,Over,1
Premier League,2020-2021,Sep 26 2020 - 7:00pm,Burnley,Southampton,0.0,1.41,1.41,1.5,-0.09000000000000008,Under,1,Under,1
Premier League,2020-2021,Sep 27 2020 - 11:00am,Sheffield United,Leeds United,1.42,0.96,2.38,1.5461805555555554,0.8338194444444444,Over,1,Under,0
Premier League,2020-2021,Sep 27 2020 - 1:00pm,Tottenham Hotspur,Newcastle United,1.31,1.17,2.48,1.138979591836735,1.341020408163265,Over,2,Over,1
Premier League,2020-2021,Sep 27 2020 - 3:30pm,Manchester City,Leicester City,0.0,1.79,1.79,0.479354838709678,1.310645161290322,Over,7,Over,1
Premier League,2020-2021,Sep 27 2020 - 6:00pm,West Ham United,Wolverhampton Wanderers,1.19,1.2,2.3899999999999997,1.6317307692307692,0.7582692307692305,Over,4,Over,1
Premier League,2020-2021,Sep 28 2020 - 4:45pm,Fulham,Aston Villa,0.93,0.0,0.93,1.5461805555555554,-0.6161805555555554,Under,3,Over,0
Premier League,2020-2021,Sep 28 2020 - 7:00pm,Liverpool,Arsenal,2.46,1.64,4.1,0.479354838709678,3.6206451612903217,Over,4,Over,1
Premier League,2020-2021,Oct 03 2020 - 11:30am,Chelsea,Crystal Palace,0.56,1.33,1.8900000000000001,0.8494871794871799,1.0405128205128202,Over,4,Over,1
Premier League,2020-2021,Oct 03 2020 - 2:00pm,Everton,Brighton & Hove Albion,1.92,1.5,3.42,1.1683673469387759,2.251632653061224,Over,6,Over,1
Premier League,2020-2021,Oct 03 2020 - 4:30pm,Leeds United,Manchester City,1.55,1.93,3.48,0.07000000000000028,3.4099999999999997,Over,2,Over,1
Premier League,2020-2021,Oct 03 2020 - 7:00pm,Newcastle United,Burnley,0.68,1.83,2.5100000000000002,1.6344155844155845,0.8755844155844157,Over,4,Over,1
Premier League,2020-2021,Oct 04 2020 - 11:00am,Leicester City,West Ham United,1.85,1.81,3.66,1.0333333333333332,2.626666666666667,Over,3,Over,1
Premier League,2020-2021,Oct 04 2020 - 11:00am,Southampton,West Bromwich Albion,1.72,0.94,2.66,1.2666666666666664,1.3933333333333338,Over,2,Over,1
Premier League,2020-2021,Oct 04 2020 - 1:00pm,Arsenal,Sheffield United,1.19,0.62,1.81,1.358983050847458,0.451016949152542,Over,3,Over,1
Premier League,2020-2021,Oct 04 2020 - 1:00pm,Wolverhampton Wanderers,Fulham,1.0,1.61,2.6100000000000003,1.59,1.0200000000000002,Over,1,Under,0
Premier League,2020-2021,Oct 04 2020 - 3:30pm,Manchester United,Tottenham Hotspur,1.62,1.29,2.91,1.2309433962264151,1.679056603773585,Over,7,Over,1
Premier League,2020-2021,Oct 04 2020 - 6:15pm,Aston Villa,Liverpool,1.95,2.22,4.17,0.6879999999999997,3.482,Over,9,Over,1
Premier League,2020-2021,Oct 17 2020 - 11:30am,Everton,Liverpool,1.73,2.18,3.91,0.6879999999999997,3.2220000000000004,Over,4,Over,1
Premier League,2020-2021,Oct 17 2020 - 2:00pm,Chelsea,Southampton,1.27,1.08,2.35,0.8494871794871799,1.5005128205128202,Over,6,Over,1
Premier League,2020-2021,Oct 17 2020 - 4:30pm,Manchester City,Arsenal,2.06,1.18,3.24,0.9475000000000005,2.2924999999999995,Over,1,Over,1
Premier League,2020-2021,Oct 17 2020 - 7:00pm,Newcastle United,Manchester United,1.17,1.0,2.17,0.9571428571428575,1.2128571428571424,Over,5,Over,1
Premier League,2020-2021,Oct 18 2020 - 11:00am,Sheffield United,Fulham,1.52,1.42,2.94,1.7420454545454542,1.1979545454545457,Over,2,Over,1
Premier League,2020-2021,Oct 18 2020 - 1:00pm,Crystal Palace,Brighton & Hove Albion,1.11,1.48,2.59,1.5918918918918918,0.998108108108108,Over,2,Over,1
Premier League,2020-2021,Oct 18 2020 - 3:30pm,Tottenham Hotspur,West Ham United,2.1,1.73,3.83,0.8711250000000004,2.958875,Over,6,Over,1
Premier League,2020-2021,Oct 18 2020 - 6:15pm,Leicester City,Aston Villa,1.3,1.43,2.73,1.0333333333333332,1.6966666666666668,Over,1,Under,0
Premier League,2020-2021,Oct 19 2020 - 4:30pm,West Bromwich Albion,Burnley,1.0,1.56,2.56,1.5471830985915491,1.012816901408451,Over,0,Under,0
Premier League,2020-2021,Oct 19 2020 - 7:00pm,Leeds United,Wolverhampton Wanderers,1.59,1.24,2.83,1.2314772727272734,1.5985227272727267,Over,1,Under,0
Premier League,2020-2021,Oct 23 2020 - 7:00pm,Aston Villa,Leeds United,2.19,1.69,3.88,0.8494871794871799,3.0305128205128202,Over,3,Over,1
Premier League,2020-2021,Oct 24 2020 - 11:30am,West Ham United,Manchester City,1.51,2.06,3.5700000000000003,0.35172413793103363,3.2182758620689667,Over,2,Over,1
Premier League,2020-2021,Oct 24 2020 - 2:00pm,Fulham,Crystal Palace,1.4,0.95,2.3499999999999996,1.7420454545454542,0.6079545454545454,Over,3,Over,1
Premier League,2020-2021,Oct 24 2020 - 4:30pm,Manchester United,Chelsea,1.24,1.95,3.19,1.065978260869565,2.124021739130435,Over,0,Under,0
Premier League,2020-2021,Oct 24 2020 - 7:00pm,Liverpool,Sheffield United,2.55,0.86,3.4099999999999997,0.6192647058823533,2.7907352941176464,Over,3,Over,1
Premier League,2020-2021,Oct 25 2020 - 2:00pm,Southampton,Everton,1.85,1.34,3.1900000000000004,1.1864705882352944,2.0035294117647062,Over,2,Over,1
Premier League,2020-2021,Oct 25 2020 - 4:30pm,Wolverhampton Wanderers,Newcastle United,1.36,0.98,2.34,1.713855421686747,0.6261445783132529,Over,2,Over,1
Premier League,2020-2021,Oct 25 2020 - 7:15pm,Arsenal,Leicester City,1.19,1.48,2.67,1.2309433962264151,1.4390566037735848,Over,1,Under,0
Premier League,2020-2021,Oct 26 2020 - 5:30pm,Brighton & Hove Albion,West Bromwich Albion,1.7,0.98,2.6799999999999997,1.362416666666667,1.3175833333333327,Over,2,Over,1
Premier League,2020-2021,Oct 26 2020 - 8:00pm,Burnley,Tottenham Hotspur,1.12,1.82,2.9400000000000004,1.2235576923076923,1.716442307692308,Over,1,Under,0
Premier League,2020-2021,Oct 30 2020 - 8:00pm,Wolverhampton Wanderers,Crystal Palace,1.56,1.21,2.77,1.7819444444444443,0.9880555555555557,Over,2,Over,1
Premier League,2020-2021,Oct 31 2020 - 12:30pm,Sheffield United,Manchester City,1.41,2.01,3.42,0.6879999999999997,2.732,Over,1,Over,1
Premier League,2020-2021,Oct 31 2020 - 3:00pm,Burnley,Chelsea,1.31,1.64,2.95,1.2235576923076923,1.7264423076923079,Over,3,Over,1
Premier League,2020-2021,Oct 31 2020 - 5:30pm,Liverpool,West Ham United,2.39,1.67,4.0600000000000005,0.2999999999999994,3.760000000000001,Over,3,Over,1
Premier League,2020-2021,Nov 01 2020 - 12:00pm,Aston Villa,Southampton,1.89,1.35,3.24,1.097659574468085,2.1423404255319154,Over,7,Over,1
Premier League,2020-2021,Nov 01 2020 - 2:00pm,Newcastle United,Everton,0.97,1.2,2.17,1.5471830985915491,0.6228169014084508,Over,3,Over,1
Premier League,2020-2021,Nov 01 2020 - 4:30pm,Manchester United,Arsenal,1.4,1.21,2.61,1.2666666666666664,1.3433333333333335,Over,1,Under,0
Premier League,2020-2021,Nov 01 2020 - 7:15pm,Tottenham Hotspur,Brighton & Hove Albion,1.9,1.7,3.5999999999999996,1.1174468085106386,2.482553191489361,Over,3,Over,1
Premier League,2020-2021,Nov 02 2020 - 5:30pm,Fulham,West Bromwich Albion,1.6,1.14,2.74,1.5918918918918918,1.1481081081081084,Over,2,Over,1
Premier League,2020-2021,Nov 02 2020 - 8:00pm,Leeds United,Leicester City,1.62,1.33,2.95,1.6002717391304349,1.3497282608695653,Over,5,Over,1
Premier League,2020-2021,Nov 06 2020 - 5:30pm,Brighton & Hove Albion,Burnley,1.52,1.5,3.02,1.6317307692307692,1.3882692307692308,Over,0,Under,0
Premier League,2020-2021,Nov 06 2020 - 8:00pm,Southampton,Newcastle United,1.79,0.91,2.7,1.1785714285714286,1.5214285714285716,Over,2,Over,1
Premier League,2020-2021,Nov 07 2020 - 12:30pm,Everton,Manchester United,1.65,1.83,3.48,1.1174468085106386,2.3625531914893614,Over,4,Over,1
Premier League,2020-2021,Nov 07 2020 - 3:00pm,Crystal Palace,Leeds United,0.89,2.0,2.89,1.3072321428571432,1.582767857142857,Over,5,Over,1
Premier League,2020-2021,Nov 07 2020 - 5:30pm,Chelsea,Sheffield United,1.43,1.13,2.5599999999999996,1.2235576923076923,1.3364423076923073,Over,5,Over,1
Premier League,2020-2021,Nov 07 2020 - 8:00pm,West Ham United,Fulham,1.3,1.44,2.74,1.3021818181818186,1.4378181818181817,Over,1,Under,0
Premier League,2020-2021,Nov 08 2020 - 12:00pm,West Bromwich Albion,Tottenham Hotspur,1.19,1.62,2.81,1.065978260869565,1.7440217391304351,Over,1,Under,0
Premier League,2020-2021,Nov 08 2020 - 2:00pm,Leicester City,Wolverhampton Wanderers,1.34,1.12,2.46,1.7769230769230768,0.6830769230769231,Over,1,Under,0
Premier League,2020-2021,Nov 08 2020 - 4:30pm,Manchester City,Liverpool,1.89,2.3,4.1899999999999995,0.5939393939393944,3.596060606060605,Over,2,Over,1
Premier League,2020-2021,Nov 08 2020 - 7:15pm,Arsenal,Aston Villa,1.23,1.43,2.66,1.01875,1.64125,Over,3,Over,1
Premier League,2020-2021,Nov 21 2020 - 12:30pm,Newcastle United,Chelsea,1.06,1.74,2.8,1.0526666666666664,1.7473333333333334,Over,2,Over,1
Premier League,2020-2021,Nov 21 2020 - 3:00pm,Aston Villa,Brighton & Hove Albion,2.02,1.53,3.55,1.0526666666666664,2.4973333333333336,Over,3,Over,1
Premier League,2020-2021,Nov 21 2020 - 5:30pm,Tottenham Hotspur,Manchester City,1.76,2.02,3.7800000000000002,0.8267105263157897,2.953289473684211,Over,2,Over,1
Premier League,2020-2021,Nov 21 2020 - 8:00pm,Manchester United,West Bromwich Albion,1.33,1.2,2.5300000000000002,0.9292682926829272,1.600731707317073,Over,1,Over,1
Premier League,2020-2021,Nov 22 2020 - 12:00pm,Fulham,Everton,1.66,1.38,3.04,1.1683673469387759,1.8716326530612242,Over,5,Over,1
Premier League,2020-2021,Nov 22 2020 - 2:00pm,Sheffield United,West Ham United,1.25,1.46,2.71,1.6344155844155845,1.0755844155844154,Over,1,Under,0
Premier League,2020-2021,Nov 22 2020 - 4:30pm,Leeds United,Arsenal,1.57,1.18,2.75,1.1174468085106386,1.6325531914893614,Over,0,Under,0
Premier League,2020-2021,Nov 22 2020 - 7:15pm,Liverpool,Leicester City,2.18,1.4,3.58,0.8168421052631587,2.7631578947368416,Over,3,Over,1
Premier League,2020-2021,Nov 23 2020 - 5:30pm,Burnley,Crystal Palace,1.08,1.2,2.2800000000000002,1.8161290322580645,0.4638709677419357,Over,1,Under,0
Premier League,2020-2021,Nov 23 2020 - 8:00pm,Wolverhampton Wanderers,Southampton,1.67,1.28,2.95,1.6344155844155845,1.3155844155844156,Over,2,Over,1
Premier League,2020-2021,Nov 27 2020 - 8:00pm,Crystal Palace,Newcastle United,1.08,0.89,1.9700000000000002,0.6640000000000004,1.3059999999999998,Over,2,Over,1
Premier League,2020-2021,Nov 28 2020 - 12:30pm,Brighton & Hove Albion,Liverpool,1.71,2.05,3.76,0.6882352941176473,3.0717647058823525,Over,2,Over,1
Premier League,2020-2021,Nov 28 2020 - 3:00pm,Manchester City,Burnley,1.61,1.29,2.9000000000000004,0.36999999999999966,2.5300000000000007,Over,5,Over,1
Premier League,2020-2021,Nov 28 2020 - 5:30pm,Everton,Leeds United,1.51,1.85,3.3600000000000003,0.7727027027027029,2.5872972972972974,Over,1,Over,1
Premier League,2020-2021,Nov 28 2020 - 8:00pm,West Bromwich Albion,Sheffield United,1.19,1.07,2.26,1.7819444444444443,0.47805555555555546,Over,1,Under,0
Premier League,2020-2021,Nov 29 2020 - 2:00pm,Southampton,Manchester United,1.78,1.8,3.58,1.2235576923076923,2.3564423076923076,Over,5,Over,1
Premier League,2020-2021,Nov 29 2020 - 4:30pm,Chelsea,Tottenham Hotspur,1.64,1.74,3.38,1.2666666666666664,2.1133333333333333,Over,0,Under,0
Premier League,2020-2021,Nov 29 2020 - 7:15pm,Arsenal,Wolverhampton Wanderers,1.3,1.09,2.39,1.8161290322580645,0.5738709677419356,Over,3,Over,1
Premier League,2020-2021,Nov 30 2020 - 5:30pm,Leicester City,Fulham,1.3,1.37,2.67,1.1683673469387759,1.501632653061224,Over,3,Over,1
Premier League,2020-2021,Nov 30 2020 - 8:00pm,West Ham United,Aston Villa,1.22,1.49,2.71,1.1683673469387759,1.541632653061224,Over,3,Over,1
Premier League,2020-2021,Dec 05 2020 - 12:30pm,Burnley,Everton,1.13,1.4,2.53,1.5,1.0299999999999998,Over,2,Over,1
Premier League,2020-2021,Dec 05 2020 - 3:00pm,Manchester City,Fulham,1.75,1.4,3.15,-0.09260869565217389,3.242608695652174,Over,2,Over,1
Premier League,2020-2021,Dec 05 2020 - 5:30pm,West Ham United,Manchester United,1.13,1.84,2.9699999999999998,1.2666666666666664,1.7033333333333334,Over,4,Over,1
Premier League,2020-2021,Dec 05 2020 - 8:00pm,Chelsea,Leeds United,1.63,2.0,3.63,0.42649999999999944,3.2035000000000005,Over,4,Over,1
Premier League,2020-2021,Dec 06 2020 - 12:00pm,West Bromwich Albion,Crystal Palace,1.31,1.32,2.63,1.671604938271605,0.958395061728395,Over,6,Over,1
Premier League,2020-2021,Dec 06 2020 - 2:15pm,Sheffield United,Leicester City,1.29,1.38,2.67,1.5471830985915491,1.1228169014084508,Over,3,Over,1
Premier League,2020-2021,Dec 06 2020 - 4:30pm,Tottenham Hotspur,Arsenal,1.54,1.15,2.69,1.355431034482759,1.334568965517241,Over,2,Over,1
Premier League,2020-2021,Dec 06 2020 - 7:15pm,Liverpool,Wolverhampton Wanderers,2.29,1.16,3.45,1.0728888888888888,2.3771111111111116,Over,4,Over,1
Premier League,2020-2021,Dec 07 2020 - 8:00pm,Brighton & Hove Albion,Southampton,1.64,1.21,2.8499999999999996,1.4488281249999997,1.401171875,Over,3,Over,1
Premier League,2020-2021,Dec 11 2020 - 8:00pm,Leeds United,West Ham United,1.75,1.48,3.23,0.6879999999999997,2.5420000000000003,Over,3,Over,1
Premier League,2020-2021,Dec 12 2020 - 12:30pm,Wolverhampton Wanderers,Aston Villa,1.85,1.6,3.45,1.4476190476190474,2.002380952380953,Over,1,Under,0
Premier League,2020-2021,Dec 12 2020 - 3:00pm,Newcastle United,West Bromwich Albion,1.04,1.1,2.14,1.59,0.55,Over,3,Over,1
Premier League,2020-2021,Dec 12 2020 - 5:30pm,Manchester United,Manchester City,1.48,2.09,3.57,0.9571428571428575,2.612857142857142,Over,0,Under,0
Premier League,2020-2021,Dec 12 2020 - 8:00pm,Everton,Chelsea,1.64,1.7,3.34,0.9292682926829272,2.4107317073170726,Over,1,Over,1
Premier League,2020-2021,Dec 13 2020 - 12:00pm,Southampton,Sheffield United,1.7,1.29,2.99,1.4040983606557378,1.5859016393442624,Over,3,Over,1
Premier League,2020-2021,Dec 13 2020 - 2:15pm,Crystal Palace,Tottenham Hotspur,1.2,1.54,2.74,1.358983050847458,1.3810169491525421,Over,2,Over,1
Premier League,2020-2021,Dec 13 2020 - 4:30pm,Fulham,Liverpool,1.76,1.83,3.59,0.5939393939393944,2.996060606060605,Over,2,Over,1
Premier League,2020-2021,Dec 13 2020 - 7:15pm,Arsenal,Burnley,1.35,1.19,2.54,1.358983050847458,1.181016949152542,Over,1,Under,0
Premier League,2020-2021,Dec 13 2020 - 7:15pm,Leicester City,Brighton & Hove Albion,1.41,1.59,3.0,1.4499999999999997,1.5500000000000003,Over,3,Over,1
Premier League,2020-2021,Dec 15 2020 - 6:00pm,Wolverhampton Wanderers,Chelsea,1.89,1.65,3.54,1.5918918918918918,1.9481081081081082,Over,3,Over,1
Premier League,2020-2021,Dec 15 2020 - 8:00pm,Manchester City,West Bromwich Albion,1.82,1.16,2.98,-0.01249999999999929,2.9924999999999993,Over,2,Over,1
Premier League,2020-2021,Dec 16 2020 - 6:00pm,Arsenal,Southampton,1.51,1.24,2.75,1.2235576923076923,1.5264423076923077,Over,2,Over,1
Premier League,2020-2021,Dec 16 2020 - 6:00pm,Leeds United,Newcastle United,1.76,1.06,2.8200000000000003,0.9571428571428575,1.8628571428571428,Over,7,Over,1
Premier League,2020-2021,Dec 16 2020 - 6:00pm,Leicester City,Everton,1.51,1.51,3.02,1.0728888888888888,1.9471111111111112,Over,2,Over,1
Premier League,2020-2021,Dec 16 2020 - 8:00pm,Fulham,Brighton & Hove Albion,1.72,1.58,3.3,1.5471830985915491,1.7528169014084507,Over,0,Under,0
Premier League,2020-2021,Dec 16 2020 - 8:00pm,West Ham United,Crystal Palace,1.3,1.44,2.74,1.4476190476190474,1.2923809523809529,Over,2,Over,1
Premier League,2020-2021,Dec 16 2020 - 8:00pm,Liverpool,Tottenham Hotspur,2.19,1.59,3.7800000000000002,1.01875,2.7612500000000004,Over,3,Over,1
Premier League,2020-2021,Dec 17 2020 - 6:00pm,Aston Villa,Burnley,2.02,1.2,3.2199999999999998,1.3072321428571432,1.9127678571428566,Over,0,Under,0
Premier League,2020-2021,Dec 17 2020 - 8:00pm,Sheffield United,Manchester United,1.21,1.81,3.02,1.097659574468085,1.922340425531915,Over,5,Over,1
Premier League,2020-2021,Dec 19 2020 - 12:30pm,Crystal Palace,Liverpool,1.31,1.8,3.1100000000000003,1.097659574468085,2.0123404255319155,Over,7,Over,1
Premier League,2020-2021,Dec 19 2020 - 3:00pm,Southampton,Manchester City,1.74,1.94,3.6799999999999997,1.01875,2.66125,Over,1,Under,0
Premier League,2020-2021,Dec 19 2020 - 5:30pm,Everton,Arsenal,1.58,1.23,2.81,1.4040983606557378,1.4059016393442623,Over,3,Over,1
Premier League,2020-2021,Dec 19 2020 - 8:00pm,Newcastle United,Fulham,1.14,1.29,2.4299999999999997,1.4488281249999997,0.981171875,Over,2,Over,1
Premier League,2020-2021,Dec 20 2020 - 12:00pm,Brighton & Hove Albion,Sheffield United,1.62,1.17,2.79,1.5918918918918918,1.1981081081081082,Over,2,Over,1
Premier League,2020-2021,Dec 20 2020 - 2:15pm,Tottenham Hotspur,Leicester City,1.41,1.44,2.8499999999999996,1.3021818181818186,1.547818181818181,Over,2,Over,1
Premier League,2020-2021,Dec 20 2020 - 4:30pm,Manchester United,Leeds United,1.4,1.88,3.28,-0.10217391304347778,3.3821739130434776,Over,8,Over,1
Premier League,2020-2021,Dec 20 2020 - 7:15pm,West Bromwich Albion,Aston Villa,1.33,1.61,2.9400000000000004,1.1683673469387759,1.7716326530612245,Over,3,Over,1
Premier League,2020-2021,Dec 21 2020 - 5:30pm,Burnley,Wolverhampton Wanderers,1.15,1.18,2.33,1.84921875,0.48078125000000016,Over,3,Over,1
Premier League,2020-2021,Dec 21 2020 - 8:00pm,Chelsea,West Ham United,1.81,1.6,3.41,0.9571428571428575,2.452857142857143,Over,3,Over,1
Premier League,2020-2021,Dec 26 2020 - 12:30pm,Leicester City,Manchester United,1.49,1.83,3.3200000000000003,0.9392682926829272,2.3807317073170733,Over,4,Over,1
Premier League,2020-2021,Dec 26 2020 - 3:00pm,Aston Villa,Crystal Palace,2.17,1.39,3.5599999999999996,1.2235576923076923,2.336442307692307,Over,3,Over,1
Premier League,2020-2021,Dec 26 2020 - 3:00pm,Fulham,Southampton,1.65,1.33,2.98,1.5471830985915491,1.4328169014084509,Over,0,Under,0
Premier League,2020-2021,Dec 26 2020 - 5:30pm,Arsenal,Chelsea,1.46,1.69,3.15,1.5,1.65,Over,4,Over,1
Premier League,2020-2021,Dec 26 2020 - 8:00pm,Manchester City,Newcastle United,1.99,1.1,3.09,-0.10217391304347778,3.1921739130434776,Over,2,Over,1
Premier League,2020-2021,Dec 26 2020 - 8:00pm,Sheffield United,Everton,1.28,1.5,2.7800000000000002,1.5938356164383563,1.186164383561644,Over,1,Under,0
Premier League,2020-2021,Dec 27 2020 - 12:00pm,Leeds United,Burnley,1.97,1.17,3.1399999999999997,0.6282352941176474,2.511764705882352,Over,1,Over,1
Premier League,2020-2021,Dec 27 2020 - 2:15pm,West Ham United,Brighton & Hove Albion,1.29,1.56,2.85,1.5,1.35,Over,4,Over,1
Premier League,2020-2021,Dec 27 2020 - 4:30pm,Liverpool,West Bromwich Albion,2.27,1.08,3.35,0.1646153846153826,3.1853846153846175,Over,2,Over,1
Premier League,2020-2021,Dec 27 2020 - 7:15pm,Wolverhampton Wanderers,Tottenham Hotspur,1.87,1.51,3.38,1.675,1.7049999999999998,Over,2,Over,1
Premier League,2020-2021,Dec 28 2020 - 3:00pm,Crystal Palace,Leicester City,1.26,1.49,2.75,1.5471830985915491,1.2028169014084509,Over,2,Over,1
Premier League,2020-2021,Dec 28 2020 - 5:30pm,Chelsea,Aston Villa,1.77,1.78,3.55,0.8494871794871799,2.70051282051282,Over,2,Over,1
Premier League,2020-2021,Dec 29 2020 - 6:00pm,Brighton & Hove Albion,Arsenal,1.75,1.27,3.02,1.5492753623188404,1.4707246376811596,Over,1,Under,0
Premier League,2020-2021,Dec 29 2020 - 6:00pm,Burnley,Sheffield United,1.2,1.13,2.33,1.875,0.45500000000000007,Over,1,Under,0
Premier League,2020-2021,Dec 29 2020 - 6:00pm,Southampton,West Ham United,1.66,1.49,3.15,1.4499999999999997,1.7000000000000002,Over,0,Under,0
Premier League,2020-2021,Dec 29 2020 - 6:00pm,West Bromwich Albion,Leeds United,1.21,1.92,3.13,1.01875,2.11125,Over,5,Over,1
Premier League,2020-2021,Dec 29 2020 - 8:00pm,Manchester United,Wolverhampton Wanderers,1.66,1.24,2.9,1.1776000000000002,1.7223999999999997,Over,1,Under,0
Premier League,2020-2021,Dec 30 2020 - 8:00pm,Newcastle United,Liverpool,1.18,1.78,2.96,0.5845454545454551,2.375454545454545,Over,0,Under,0
Premier League,2020-2021,Jan 01 2021 - 5:30pm,Everton,West Ham United,1.52,1.44,2.96,1.4488281249999997,1.5111718750000003,Over,1,Under,0
Premier League,2020-2021,Jan 01 2021 - 8:00pm,Manchester United,Aston Villa,1.65,1.7,3.3499999999999996,0.7727027027027029,2.5772972972972967,Over,3,Over,1
Premier League,2020-2021,Jan 02 2021 - 12:30pm,Tottenham Hotspur,Leeds United,1.42,1.92,3.34,0.6375000000000002,2.7024999999999997,Over,3,Over,1
Premier League,2020-2021,Jan 02 2021 - 3:00pm,Crystal Palace,Sheffield United,1.18,1.15,2.33,1.7465517241379307,0.5834482758620694,Over,2,Over,1
Premier League,2020-2021,Jan 02 2021 - 5:30pm,Brighton & Hove Albion,Wolverhampton Wanderers,1.72,1.25,2.9699999999999998,1.9789473684210528,0.991052631578947,Over,6,Over,1
Premier League,2020-2021,Jan 02 2021 - 8:00pm,West Bromwich Albion,Arsenal,1.14,1.27,2.41,1.5,0.9100000000000001,Over,4,Over,1
Premier League,2020-2021,Jan 03 2021 - 2:15pm,Newcastle United,Leicester City,1.2,1.52,2.7199999999999998,1.4063709677419354,1.3136290322580644,Over,3,Over,1
Premier League,2020-2021,Jan 03 2021 - 4:30pm,Chelsea,Manchester City,1.79,1.88,3.67,1.2235576923076923,2.4464423076923074,Over,4,Over,1
Premier League,2020-2021,Jan 04 2021 - 8:00pm,Southampton,Liverpool,1.61,1.83,3.4400000000000004,0.43600000000000083,3.0039999999999996,Over,1,Over,1
Premier League,2020-2021,Jan 12 2021 - 6:00pm,Sheffield United,Newcastle United,1.27,1.07,2.34,1.8145833333333332,0.5254166666666666,Over,1,Under,0
Premier League,2020-2021,Jan 12 2021 - 8:15pm,Burnley,Manchester United,1.15,1.74,2.8899999999999997,1.0596590909090908,1.8303409090909089,Over,1,Under,0
Premier League,2020-2021,Jan 12 2021 - 8:15pm,Wolverhampton Wanderers,Everton,1.87,1.44,3.31,1.8333333333333335,1.4766666666666666,Over,3,Over,1
Premier League,2020-2021,Jan 13 2021 - 6:00pm,Manchester City,Brighton & Hove Albion,1.95,1.57,3.52,0.792432432432433,2.727567567567567,Over,1,Over,1
Premier League,2020-2021,Jan 13 2021 - 8:15pm,Tottenham Hotspur,Fulham,1.51,1.32,2.83,1.285865384615385,1.5441346153846152,Over,2,Over,1
Premier League,2020-2021,Jan 14 2021 - 8:00pm,Arsenal,Crystal Palace,1.53,1.45,2.98,1.3517543859649126,1.6282456140350874,Over,0,Under,0
Premier League,2020-2021,Jan 16 2021 - 12:30pm,Wolverhampton Wanderers,West Bromwich Albion,1.84,1.06,2.9000000000000004,1.7759259259259257,1.1240740740740747,Over,5,Over,1
Premier League,2020-2021,Jan 16 2021 - 3:00pm,Leeds United,Brighton & Hove Albion,1.9,1.49,3.3899999999999997,1.0728888888888888,2.317111111111111,Over,1,Under,0
Premier League,2020-2021,Jan 16 2021 - 3:00pm,West Ham United,Burnley,1.33,1.28,2.6100000000000003,1.5978873239436622,1.0121126760563381,Over,1,Under,0
Premier League,2020-2021,Jan 16 2021 - 5:30pm,Fulham,Chelsea,1.63,1.7,3.33,1.2915094339622644,2.0384905660377357,Over,1,Under,0
Premier League,2020-2021,Jan 16 2021 - 8:00pm,Leicester City,Southampton,1.47,1.24,2.71,1.399322033898305,1.310677966101695,Over,2,Over,1
Premier League,2020-2021,Jan 17 2021 - 2:00pm,Sheffield United,Tottenham Hotspur,1.35,1.43,2.7800000000000002,1.5514925373134325,1.2285074626865677,Over,4,Over,1
Premier League,2020-2021,Jan 17 2021 - 4:30pm,Liverpool,Manchester United,2.24,1.76,4.0,0.8581081081081086,3.141891891891891,Over,0,Under,0
Premier League,2020-2021,Jan 17 2021 - 7:15pm,Manchester City,Crystal Palace,2.01,1.45,3.46,0.8267105263157897,2.6332894736842105,Over,4,Over,1
Premier League,2020-2021,Jan 18 2021 - 8:00pm,Arsenal,Newcastle United,1.56,1.08,2.64,1.2915094339622644,1.3484905660377358,Over,3,Over,1
Premier League,2020-2021,Jan 19 2021 - 6:00pm,West Ham United,West Bromwich Albion,1.38,1.1,2.48,1.2969444444444447,1.1830555555555553,Over,3,Over,1
Premier League,2020-2021,Jan 19 2021 - 8:15pm,Leicester City,Chelsea,1.51,1.79,3.3,1.3399074074074078,1.960092592592592,Over,2,Over,1
Premier League,2020-2021,Jan 20 2021 - 6:00pm,Manchester City,Aston Villa,1.97,1.7,3.67,0.6882352941176473,2.9817647058823527,Over,2,Over,1
Premier League,2020-2021,Jan 20 2021 - 8:15pm,Fulham,Manchester United,1.58,1.72,3.3,1.0241860465116277,2.275813953488372,Over,3,Over,1
Premier League,2020-2021,Jan 21 2021 - 8:00pm,Liverpool,Burnley,2.21,1.27,3.48,1.0089285714285712,2.471071428571429,Over,1,Under,0
Premier League,2020-2021,Jan 23 2021 - 8:00pm,Aston Villa,Newcastle United,2.24,1.01,3.25,1.01875,2.23125,Over,2,Over,1
Premier League,2020-2021,Jan 26 2021 - 6:00pm,Newcastle United,Leeds United,1.19,1.94,3.13,1.0596590909090908,2.070340909090909,Over,3,Over,1
Premier League,2020-2021,Jan 26 2021 - 6:00pm,Crystal Palace,West Ham United,1.19,1.45,2.6399999999999997,1.655357142857143,0.9846428571428567,Over,5,Over,1
Premier League,2020-2021,Jan 26 2021 - 8:15pm,West Bromwich Albion,Manchester City,1.15,1.89,3.04,0.8267105263157897,2.2132894736842106,Over,5,Over,1
Premier League,2020-2021,Jan 26 2021 - 8:15pm,Southampton,Arsenal,1.54,1.43,2.9699999999999998,1.2603773584905658,1.709622641509434,Over,4,Over,1
Premier League,2020-2021,Jan 27 2021 - 6:00pm,Burnley,Aston Villa,1.14,1.66,2.8,1.3440000000000005,1.4559999999999993,Over,5,Over,1
Premier League,2020-2021,Jan 27 2021 - 6:00pm,Chelsea,Wolverhampton Wanderers,1.75,1.27,3.02,1.4476190476190474,1.5723809523809527,Over,0,Under,0
Premier League,2020-2021,Jan 27 2021 - 7:30pm,Brighton & Hove Albion,Fulham,1.71,1.37,3.08,1.6894736842105265,1.3905263157894736,Over,0,Under,0
Premier League,2020-2021,Jan 27 2021 - 8:15pm,Everton,Leicester City,1.48,1.5,2.98,1.5,1.48,Over,2,Over,1
Premier League,2020-2021,Jan 27 2021 - 8:15pm,Manchester United,Sheffield United,1.73,1.15,2.88,0.8900000000000006,1.9899999999999993,Over,3,Over,1
Premier League,2020-2021,Jan 28 2021 - 8:00pm,Tottenham Hotspur,Liverpool,1.54,1.83,3.37,1.1174468085106386,2.2525531914893615,Over,4,Over,1
Premier League,2020-2021,Jan 30 2021 - 12:30pm,Everton,Newcastle United,1.45,1.01,2.46,1.4437499999999996,1.0162500000000003,Over,2,Over,1
Premier League,2020-2021,Jan 30 2021 - 3:00pm,Crystal Palace,Wolverhampton Wanderers,1.18,1.18,2.36,1.8333333333333335,0.5266666666666664,Over,1,Under,0
Premier League,2020-2021,Jan 30 2021 - 3:00pm,Manchester City,Sheffield United,2.07,1.12,3.19,0.6470588235294124,2.5429411764705874,Over,1,Over,1
Premier League,2020-2021,Jan 30 2021 - 3:00pm,West Bromwich Albion,Fulham,1.11,1.36,2.47,1.7265625,0.7434375000000002,Over,4,Over,1
Premier League,2020-2021,Jan 30 2021 - 5:30pm,Arsenal,Manchester United,1.64,1.76,3.4,1.2538461538461536,2.1461538461538465,Over,0,Under,0
Premier League,2020-2021,Jan 30 2021 - 8:00pm,Southampton,Aston Villa,1.55,1.73,3.2800000000000002,1.0089285714285712,2.271071428571429,Over,1,Under,0
Premier League,2020-2021,Jan 31 2021 - 12:00pm,Chelsea,Burnley,1.79,1.24,3.0300000000000002,1.1273333333333335,1.9026666666666667,Over,2,Over,1
Premier League,2020-2021,Jan 31 2021 - 2:00pm,Leicester City,Leeds United,1.5,1.87,3.37,1.1587500000000002,2.2112499999999997,Over,4,Over,1
Premier League,2020-2021,Jan 31 2021 - 4:30pm,West Ham United,Liverpool,1.42,1.84,3.26,1.01875,2.24125,Over,4,Over,1
Premier League,2020-2021,Jan 31 2021 - 7:15pm,Brighton & Hove Albion,Tottenham Hotspur,1.72,1.44,3.16,1.6044117647058824,1.5555882352941177,Over,1,Under,0
Premier League,2020-2021,Feb 02 2021 - 6:00pm,Sheffield United,West Bromwich Albion,1.38,1.12,2.5,1.6933333333333334,0.8066666666666666,Over,3,Over,1
Premier League,2020-2021,Feb 02 2021 - 6:00pm,Wolverhampton Wanderers,Arsenal,1.9,1.41,3.3099999999999996,1.7402597402597404,1.5697402597402592,Over,3,Over,1
Premier League,2020-2021,Feb 02 2021 - 8:15pm,Manchester United,Southampton,1.76,1.26,3.02,0.6282352941176474,2.391764705882353,Over,9,Over,1
Premier League,2020-2021,Feb 02 2021 - 8:15pm,Newcastle United,Crystal Palace,1.31,1.33,2.64,1.4488281249999997,1.1911718750000004,Over,3,Over,1
Premier League,2020-2021,Feb 03 2021 - 6:00pm,Burnley,Manchester City,1.17,1.94,3.11,0.9741860465116281,2.1358139534883716,Over,2,Over,1
Premier League,2020-2021,Feb 03 2021 - 6:00pm,Fulham,Leicester City,1.56,1.56,3.12,1.552651515151515,1.567348484848485,Over,2,Over,1
Premier League,2020-2021,Feb 03 2021 - 7:30pm,Leeds United,Everton,1.85,1.4,3.25,1.0089285714285712,2.241071428571429,Over,3,Over,1
Premier League,2020-2021,Feb 03 2021 - 8:15pm,Aston Villa,West Ham United,2.19,1.49,3.6799999999999997,1.3121052631578949,2.367894736842105,Over,4,Over,1
Premier League,2020-2021,Feb 03 2021 - 8:15pm,Liverpool,Brighton & Hove Albion,2.29,1.44,3.73,1.097659574468085,2.6323404255319147,Over,1,Under,0
Premier League,2020-2021,Feb 04 2021 - 8:00pm,Tottenham Hotspur,Chelsea,1.46,1.75,3.21,1.5492753623188404,1.6607246376811595,Over,1,Under,0
Premier League,2020-2021,Feb 06 2021 - 12:30pm,Aston Villa,Arsenal,2.07,1.38,3.4499999999999997,1.2727272727272727,2.177272727272727,Over,1,Under,0
Premier League,2020-2021,Feb 06 2021 - 3:00pm,Burnley,Brighton & Hove Albion,1.09,1.45,2.54,1.8145833333333332,0.7254166666666668,Over,2,Over,1
Premier League,2020-2021,Feb 06 2021 - 3:00pm,Newcastle United,Southampton,1.41,1.18,2.59,1.3517543859649126,1.2382456140350873,Over,5,Over,1
Premier League,2020-2021,Feb 06 2021 - 5:30pm,Fulham,West Ham United,1.55,1.58,3.13,1.5550781249999996,1.5749218750000002,Over,0,Under,0
Premier League,2020-2021,Feb 06 2021 - 8:00pm,Manchester United,Everton,1.89,1.41,3.3,1.094,2.2059999999999995,Over,6,Over,1
Premier League,2020-2021,Feb 07 2021 - 12:00pm,Tottenham Hotspur,West Bromwich Albion,1.41,1.11,2.52,1.391517857142857,1.128482142857143,Over,2,Over,1
Premier League,2020-2021,Feb 07 2021 - 2:00pm,Wolverhampton Wanderers,Leicester City,1.89,1.53,3.42,1.7098214285714286,1.7101785714285713,Over,0,Under,0
Premier League,2020-2021,Feb 07 2021 - 4:30pm,Liverpool,Manchester City,2.2,1.95,4.15,1.3121052631578949,2.8378947368421055,Over,5,Over,1
Premier League,2020-2021,Feb 07 2021 - 7:15pm,Sheffield United,Chelsea,1.44,1.77,3.21,1.4476190476190474,1.7623809523809526,Over,3,Over,1
Premier League,2020-2021,Feb 08 2021 - 8:00pm,Leeds United,Crystal Palace,1.89,1.3,3.19,1.1174468085106386,2.0725531914893613,Over,2,Over,1
Premier League,2020-2021,Feb 13 2021 - 12:30pm,Leicester City,Liverpool,1.56,1.83,3.39,1.1174468085106386,2.2725531914893615,Over,4,Over,1
Premier League,2020-2021,Feb 13 2021 - 3:00pm,Crystal Palace,Burnley,1.19,1.14,2.33,1.922043010752688,0.40795698924731205,Over,3,Over,1
Premier League,2020-2021,Feb 13 2021 - 5:30pm,Manchester City,Tottenham Hotspur,2.01,1.43,3.4399999999999995,1.0034883720930232,2.4365116279069765,Over,3,Over,1
Premier League,2020-2021,Feb 13 2021 - 8:00pm,Brighton & Hove Albion,Aston Villa,1.76,1.69,3.45,1.2666666666666664,2.1833333333333336,Over,0,Under,0
Premier League,2020-2021,Feb 14 2021 - 12:00pm,Southampton,Wolverhampton Wanderers,1.6,1.17,2.77,1.7179878048780488,1.0520121951219512,Over,3,Over,1
Premier League,2020-2021,Feb 14 2021 - 2:00pm,West Bromwich Albion,Manchester United,1.08,1.74,2.8200000000000003,0.9475000000000005,1.8724999999999998,Over,2,Over,1
Premier League,2020-2021,Feb 14 2021 - 4:30pm,Arsenal,Leeds United,1.64,1.84,3.48,1.097659574468085,2.3823404255319147,Over,6,Over,1
Premier League,2020-2021,Feb 14 2021 - 7:00pm,Everton,Fulham,1.44,1.4,2.84,1.552651515151515,1.2873484848484849,Over,2,Over,1
Premier League,2020-2021,Feb 15 2021 - 6:00pm,West Ham United,Sheffield United,1.39,1.08,2.4699999999999998,1.5492753623188404,0.9207246376811593,Over,3,Over,1
Premier League,2020-2021,Feb 15 2021 - 8:00pm,Chelsea,Newcastle United,1.81,1.06,2.87,1.138979591836735,1.7310204081632652,Over,2,Over,1
Premier League,2020-2021,Feb 17 2021 - 6:00pm,Burnley,Fulham,1.21,1.42,2.63,1.7222222222222223,0.9077777777777776,Over,2,Over,1
Premier League,2020-2021,Feb 17 2021 - 8:15pm,Everton,Manchester City,1.4,1.89,3.29,1.065978260869565,2.224021739130435,Over,4,Over,1
Premier League,2020-2021,Feb 19 2021 - 8:00pm,Wolverhampton Wanderers,Leeds United,1.84,1.8,3.64,1.399322033898305,2.2406779661016953,Over,1,Under,0
Premier League,2020-2021,Feb 20 2021 - 12:30pm,Southampton,Chelsea,1.57,1.73,3.3,1.2969444444444447,2.003055555555555,Over,2,Over,1
Premier League,2020-2021,Feb 20 2021 - 3:00pm,Burnley,West Bromwich Albion,1.21,1.08,2.29,1.7179878048780488,0.5720121951219512,Over,0,Under,0
Premier League,2020-2021,Feb 20 2021 - 5:30pm,Liverpool,Everton,2.12,1.38,3.5,0.8692307692307695,2.6307692307692303,Over,2,Over,1
Premier League,2020-2021,Feb 20 2021 - 8:00pm,Fulham,Sheffield United,1.58,1.12,2.7,1.7179878048780488,0.9820121951219514,Over,1,Under,0
Premier League,2020-2021,Feb 21 2021 - 12:00pm,West Ham United,Tottenham Hotspur,1.42,1.38,2.8,1.355431034482759,1.444568965517241,Over,3,Over,1
Premier League,2020-2021,Feb 21 2021 - 2:05pm,Aston Villa,Leicester City,2.06,1.52,3.58,1.2666666666666664,2.3133333333333335,Over,3,Over,1
Premier League,2020-2021,Feb 21 2021 - 4:30pm,Arsenal,Manchester City,1.64,1.91,3.55,1.1683673469387759,2.381632653061224,Over,1,Under,0
Premier League,2020-2021,Feb 21 2021 - 7:00pm,Manchester United,Newcastle United,1.89,1.08,2.9699999999999998,0.7461111111111114,2.2238888888888884,Over,4,Over,1
Premier League,2020-2021,Feb 22 2021 - 8:00pm,Brighton & Hove Albion,Crystal Palace,1.87,1.29,3.16,1.7179878048780488,1.4420121951219513,Over,3,Over,1
Premier League,2020-2021,Feb 23 2021 - 6:00pm,Leeds United,Southampton,1.91,1.28,3.19,1.0241860465116277,2.1658139534883722,Over,3,Over,1
Premier League,2020-2021,Feb 27 2021 - 12:30pm,Manchester City,West Ham United,2.01,1.53,3.54,0.953125,2.586875,Over,3,Over,1
Premier League,2020-2021,Feb 27 2021 - 3:00pm,West Bromwich Albion,Brighton & Hove Albion,1.07,1.42,2.49,1.5958333333333334,0.8941666666666668,Over,1,Under,0
Premier League,2020-2021,Feb 27 2021 - 5:30pm,Leeds United,Aston Villa,1.87,1.61,3.4800000000000004,0.8400000000000007,2.6399999999999997,Over,1,Over,1
Premier League,2020-2021,Feb 27 2021 - 8:00pm,Newcastle United,Wolverhampton Wanderers,1.4,1.19,2.59,1.7923295454545456,0.7976704545454543,Over,2,Over,1
Premier League,2020-2021,Feb 28 2021 - 12:00pm,Crystal Palace,Fulham,1.23,1.4,2.63,1.8217391304347825,0.8082608695652174,Over,0,Under,0
Premier League,2020-2021,Feb 28 2021 - 12:00pm,Leicester City,Arsenal,1.58,1.43,3.01,1.4476190476190474,1.5623809523809524,Over,4,Over,1
Premier League,2020-2021,Feb 28 2021 - 2:00pm,Tottenham Hotspur,Burnley,1.44,1.19,2.63,1.3517543859649126,1.2782456140350873,Over,4,Over,1
Premier League,2020-2021,Feb 28 2021 - 4:30pm,Chelsea,Manchester United,1.85,1.76,3.6100000000000003,1.5,2.1100000000000003,Over,0,Under,0
Premier League,2020-2021,Feb 28 2021 - 7:15pm,Sheffield United,Liverpool,1.43,1.83,3.26,0.9205000000000003,2.3394999999999992,Over,2,Over,1
Premier League,2020-2021,Mar 01 2021 - 8:00pm,Everton,Southampton,1.32,1.31,2.63,1.3517543859649126,1.2782456140350873,Over,1,Under,0
Premier League,2020-2021,Mar 02 2021 - 8:00pm,Manchester City,Wolverhampton Wanderers,1.97,1.23,3.2,1.094,2.106,Over,5,Over,1
Premier League,2020-2021,Mar 03 2021 - 6:00pm,Burnley,Leicester City,1.2,1.55,2.75,1.7511627906976743,0.9988372093023257,Over,2,Over,1
Premier League,2020-2021,Mar 03 2021 - 6:00pm,Sheffield United,Aston Villa,1.42,1.58,3.0,1.4450819672131145,1.5549180327868855,Over,1,Under,0
Premier League,2020-2021,Mar 03 2021 - 8:15pm,Crystal Palace,Manchester United,1.18,1.74,2.92,1.2470588235294116,1.6729411764705884,Over,0,Under,0
Premier League,2020-2021,Mar 04 2021 - 6:00pm,West Bromwich Albion,Everton,1.06,1.36,2.42,1.5514925373134325,0.8685074626865674,Over,1,Under,0
Premier League,2020-2021,Mar 04 2021 - 6:00pm,Fulham,Tottenham Hotspur,1.62,1.45,3.0700000000000003,1.5492753623188404,1.5207246376811598,Over,1,Under,0
Premier League,2020-2021,Mar 04 2021 - 8:15pm,Liverpool,Chelsea,2.12,1.72,3.84,1.3479464285714289,2.492053571428571,Over,1,Under,0
Premier League,2020-2021,Mar 06 2021 - 12:30pm,Burnley,Arsenal,1.23,1.43,2.66,1.424262295081967,1.2357377049180331,Over,2,Over,1
Premier League,2020-2021,Mar 06 2021 - 3:00pm,Sheffield United,Southampton,1.37,1.29,2.66,1.2042045454545451,1.455795454545455,Over,2,Over,1
Premier League,2020-2021,Mar 06 2021 - 5:30pm,Aston Villa,Wolverhampton Wanderers,1.99,1.19,3.1799999999999997,1.3042857142857145,1.8757142857142852,Over,0,Under,0
Premier League,2020-2021,Mar 06 2021 - 8:00pm,Brighton & Hove Albion,Leicester City,1.93,1.56,3.49,1.5503676470588235,1.9396323529411768,Over,3,Over,1
Premier League,2020-2021,Mar 07 2021 - 12:00pm,West Bromwich Albion,Newcastle United,1.1,1.11,2.21,1.7656626506024096,0.4443373493975904,Over,0,Under,0
Premier League,2020-2021,Mar 07 2021 - 2:00pm,Liverpool,Fulham,2.04,1.43,3.4699999999999998,0.35211538461538394,3.117884615384616,Over,1,Over,1
Premier League,2020-2021,Mar 07 2021 - 4:30pm,Manchester City,Manchester United,2.04,1.72,3.76,1.2538461538461536,2.506153846153846,Over,2,Over,1
Premier League,2020-2021,Mar 07 2021 - 7:15pm,Tottenham Hotspur,Crystal Palace,1.47,1.23,2.7,1.2915094339622644,1.4084905660377358,Over,5,Over,1
Premier League,2020-2021,Mar 08 2021 - 6:00pm,Chelsea,Everton,1.85,1.37,3.22,1.1999999999999997,2.0200000000000005,Over,2,Over,1
Premier League,2020-2021,Mar 08 2021 - 8:00pm,West Ham United,Leeds United,1.39,1.82,3.21,0.7857142857142858,2.4242857142857144,Over,2,Over,1
Premier League,2020-2021,Mar 10 2021 - 6:00pm,Manchester City,Southampton,2.08,1.32,3.4000000000000004,0.5781250000000007,2.8218749999999995,Over,7,Over,1
Premier League,2020-2021,Mar 12 2021 - 8:00pm,Newcastle United,Aston Villa,1.46,1.61,3.0700000000000003,1.7055624999999999,1.3644375000000004,Over,2,Over,1
Premier League,2020-2021,Mar 13 2021 - 12:30pm,Leeds United,Chelsea,1.84,1.7,3.54,1.2603773584905658,2.2796226415094343,Over,0,Under,0
Premier League,2020-2021,Mar 13 2021 - 3:00pm,Crystal Palace,West Bromwich Albion,1.17,1.09,2.26,1.7759259259259257,0.4840740740740741,Over,1,Under,0
Premier League,2020-2021,Mar 13 2021 - 5:30pm,Everton,Burnley,1.3,1.21,2.51,1.6857142857142857,0.8242857142857141,Over,3,Over,1
Premier League,2020-2021,Mar 13 2021 - 8:00pm,Fulham,Manchester City,1.61,1.89,3.5,1.2470588235294116,2.2529411764705882,Over,3,Over,1
Premier League,2020-2021,Mar 14 2021 - 12:00pm,Southampton,Brighton & Hove Albion,1.5,1.46,2.96,1.562238805970149,1.3977611940298509,Over,3,Over,1
Premier League,2020-2021,Mar 14 2021 - 2:00pm,Leicester City,Sheffield United,1.52,1.08,2.6,1.3227272727272732,1.277272727272727,Over,5,Over,1
Premier League,2020-2021,Mar 14 2021 - 4:30pm,Arsenal,Tottenham Hotspur,1.58,1.42,3.0,1.3132075471698117,1.6867924528301883,Over,3,Over,1
Premier League,2020-2021,Mar 14 2021 - 7:15pm,Manchester United,West Ham United,1.91,1.49,3.4,1.3968103448275861,2.003189655172414,Over,1,Under,0
Premier League,2020-2021,Mar 15 2021 - 8:00pm,Wolverhampton Wanderers,Liverpool,1.83,1.84,3.67,1.4463709677419352,2.2236290322580645,Over,1,Under,0
Premier League,2020-2021,Mar 19 2021 - 8:00pm,Fulham,Leeds United,1.55,1.81,3.3600000000000003,1.5,1.8600000000000003,Over,3,Over,1
Premier League,2020-2021,Mar 20 2021 - 8:00pm,Brighton & Hove Albion,Newcastle United,1.88,1.12,3.0,1.7179878048780488,1.2820121951219512,Over,3,Over,1
Premier League,2020-2021,Mar 21 2021 - 3:00pm,West Ham United,Arsenal,1.4,1.44,2.84,1.4463709677419352,1.3936290322580647,Over,6,Over,1
Premier League,2020-2021,Mar 21 2021 - 7:30pm,Aston Villa,Tottenham Hotspur,1.91,1.38,3.29,1.4450819672131145,1.8449180327868855,Over,2,Over,1
Premier League,2020-2021,Apr 03 2021 - 11:30am,Chelsea,West Bromwich Albion,1.88,1.11,2.99,1.5750000000000002,1.415,Over,7,Over,1
Premier League,2020-2021,Apr 03 2021 - 2:00pm,Leeds United,Sheffield United,1.78,1.03,2.81,1.2969444444444447,1.5130555555555554,Over,3,Over,1
Premier League,2020-2021,Apr 03 2021 - 4:30pm,Leicester City,Manchester City,1.55,1.86,3.41,1.2364705882352942,2.173529411764706,Over,2,Over,1
Premier League,2020-2021,Apr 03 2021 - 7:00pm,Arsenal,Liverpool,1.58,1.83,3.41,1.5398734177215188,1.8701265822784814,Over,3,Over,1
Premier League,2020-2021,Apr 04 2021 - 11:00am,Southampton,Burnley,1.49,1.24,2.73,1.7020348837209303,1.0279651162790697,Over,5,Over,1
Premier League,2020-2021,Apr 04 2021 - 1:05pm,Newcastle United,Tottenham Hotspur,1.46,1.37,2.83,1.2750000000000004,1.5549999999999997,Over,4,Over,1
Premier League,2020-2021,Apr 04 2021 - 3:30pm,Aston Villa,Fulham,1.85,1.41,3.26,1.3312500000000005,1.9287499999999993,Over,4,Over,1
Premier League,2020-2021,Apr 04 2021 - 6:30pm,Manchester United,Brighton & Hove Albion,1.9,1.45,3.3499999999999996,1.399322033898305,1.9506779661016946,Over,3,Over,1
Premier League,2020-2021,Apr 05 2021 - 5:00pm,Everton,Crystal Palace,1.33,1.2,2.5300000000000002,1.6416417910447763,0.888358208955224,Over,2,Over,1
Premier League,2020-2021,Apr 05 2021 - 7:15pm,Wolverhampton Wanderers,West Ham United,1.81,1.44,3.25,1.6902857142857144,1.5597142857142856,Over,5,Over,1
Premier League,2020-2021,Apr 09 2021 - 7:00pm,Fulham,Wolverhampton Wanderers,1.54,1.21,2.75,1.8333333333333335,0.9166666666666665,Over,1,Under,0
Premier League,2020-2021,Apr 10 2021 - 11:30am,Manchester City,Leeds United,2.09,1.79,3.88,0.5187096774193554,3.3612903225806443,Over,3,Over,1
Premier League,2020-2021,Apr 10 2021 - 2:00pm,Liverpool,Aston Villa,2.05,1.63,3.6799999999999997,0.8914473684210527,2.788552631578947,Over,3,Over,1
Premier League,2020-2021,Apr 10 2021 - 4:30pm,Crystal Palace,Chelsea,1.17,1.73,2.9,1.4665573770491804,1.4334426229508195,Over,5,Over,1
Premier League,2020-2021,Apr 11 2021 - 11:00am,Burnley,Newcastle United,1.25,1.08,2.33,1.7977011494252872,0.5322988505747128,Over,3,Over,1
Premier League,2020-2021,Apr 11 2021 - 1:05pm,West Ham United,Leicester City,1.42,1.53,2.95,1.399322033898305,1.5506779661016952,Over,5,Over,1
Premier League,2020-2021,Apr 11 2021 - 3:30pm,Tottenham Hotspur,Manchester United,1.49,1.68,3.17,1.2969444444444447,1.8730555555555553,Over,4,Over,1
Premier League,2020-2021,Apr 11 2021 - 6:00pm,Sheffield United,Arsenal,1.35,1.48,2.83,1.5,1.33,Over,3,Over,1
Premier League,2020-2021,Apr 12 2021 - 5:00pm,West Bromwich Albion,Southampton,1.13,1.33,2.46,1.3707547169811323,1.0892452830188677,Over,3,Over,1
Premier League,2020-2021,Apr 12 2021 - 7:15pm,Brighton & Hove Albion,Everton,1.86,1.33,3.1900000000000004,1.6067164179104478,1.5832835820895526,Over,0,Under,0
Premier League,2020-2021,Apr 16 2021 - 7:00pm,Everton,Tottenham Hotspur,1.35,1.38,2.73,1.4164912280701751,1.3135087719298248,Over,4,Over,1
Premier League,2020-2021,Apr 17 2021 - 11:30am,Newcastle United,West Ham United,1.52,1.44,2.96,1.3399074074074078,1.6200925925925922,Over,5,Over,1
Premier League,2020-2021,Apr 17 2021 - 7:15pm,Wolverhampton Wanderers,Sheffield United,1.83,1.04,2.87,1.7265625,1.1434375,Over,1,Under,0
Premier League,2020-2021,Apr 18 2021 - 12:30pm,Arsenal,Fulham,1.52,1.44,2.96,1.5,1.46,Over,2,Over,1
Premier League,2020-2021,Apr 18 2021 - 3:00pm,Manchester United,Burnley,1.91,1.24,3.15,1.0089285714285712,2.1410714285714287,Over,4,Over,1
Premier League,2020-2021,Apr 19 2021 - 7:00pm,Leeds United,Liverpool,1.83,1.84,3.67,0.707714285714286,2.9622857142857137,Over,2,Over,1
Premier League,2020-2021,Apr 20 2021 - 7:15pm,Chelsea,Brighton & Hove Albion,1.89,1.42,3.3099999999999996,1.713855421686747,1.5961445783132526,Over,0,Under,0
Premier League,2020-2021,Apr 21 2021 - 5:00pm,Tottenham Hotspur,Southampton,1.48,1.36,2.84,1.1487234042553192,1.6912765957446807,Over,3,Over,1
Premier League,2020-2021,Apr 21 2021 - 7:15pm,Aston Villa,Manchester City,1.85,1.83,3.68,1.1487234042553192,2.5312765957446812,Over,3,Over,1
Premier League,2020-2021,Apr 22 2021 - 7:00pm,Leicester City,West Bromwich Albion,1.5,1.15,2.65,1.2470588235294116,1.4029411764705884,Over,3,Over,1
Premier League,2020-2021,Apr 23 2021 - 7:00pm,Arsenal,Everton,1.55,1.29,2.84,1.5,1.3399999999999999,Over,1,Under,0
Premier League,2020-2021,Apr 24 2021 - 11:30am,Liverpool,Newcastle United,2.09,1.11,3.2,0.5575000000000006,2.6424999999999996,Over,2,Over,1
Premier League,2020-2021,Apr 24 2021 - 4:30pm,West Ham United,Chelsea,1.38,1.8,3.1799999999999997,1.5102272727272723,1.6697727272727274,Over,1,Under,0
Premier League,2020-2021,Apr 24 2021 - 7:00pm,Sheffield United,Brighton & Hove Albion,1.33,1.41,2.74,1.682051282051282,1.0579487179487181,Over,1,Under,0
Premier League,2020-2021,Apr 25 2021 - 11:00am,Wolverhampton Wanderers,Burnley,1.81,1.23,3.04,1.8015217391304348,1.2384782608695653,Over,4,Over,1
Premier League,2020-2021,Apr 25 2021 - 1:00pm,Leeds United,Manchester United,1.81,1.68,3.49,0.8027027027027032,2.687297297297297,Over,0,Under,0
Premier League,2020-2021,Apr 25 2021 - 6:00pm,Aston Villa,West Bromwich Albion,1.77,1.12,2.89,1.399322033898305,1.4906779661016951,Over,4,Over,1
Premier League,2020-2021,Apr 26 2021 - 7:00pm,Leicester City,Crystal Palace,1.53,1.23,2.76,1.5304477611940297,1.22955223880597,Over,3,Over,1
Premier League,2020-2021,Apr 30 2021 - 7:00pm,Southampton,Leicester City,1.55,1.55,3.1,1.3968103448275861,1.703189655172414,Over,2,Over,1
Premier League,2020-2021,May 01 2021 - 11:30am,Crystal Palace,Manchester City,1.13,1.82,2.95,1.2334615384615382,1.716538461538462,Over,2,Over,1
Premier League,2020-2021,May 01 2021 - 2:00pm,Brighton & Hove Albion,Leeds United,1.89,1.71,3.5999999999999996,1.3332727272727274,2.2667272727272723,Over,2,Over,1
Premier League,2020-2021,May 01 2021 - 4:30pm,Chelsea,Fulham,1.83,1.39,3.2199999999999998,1.5978873239436622,1.6221126760563376,Over,2,Over,1
Premier League,2020-2021,May 01 2021 - 7:00pm,Everton,Aston Villa,1.4,1.61,3.01,1.40175,1.6082499999999997,Over,3,Over,1
Premier League,2020-2021,May 02 2021 - 1:00pm,Newcastle United,Arsenal,1.53,1.5,3.0300000000000002,0.9961538461538457,2.0338461538461545,Over,2,Over,1
Premier League,2020-2021,May 02 2021 - 6:15pm,Tottenham Hotspur,Sheffield United,1.48,1.08,2.56,1.0704545454545453,1.4895454545454547,Over,4,Over,1
Premier League,2020-2021,May 03 2021 - 5:00pm,West Bromwich Albion,Wolverhampton Wanderers,1.19,1.2,2.3899999999999997,1.7355769230769231,0.6544230769230766,Over,2,Over,1
Premier League,2020-2021,May 03 2021 - 7:15pm,Burnley,West Ham United,1.33,1.47,2.8,1.3479464285714289,1.452053571428571,Over,3,Over,1
Premier League,2020-2021,May 07 2021 - 7:00pm,Leicester City,Newcastle United,1.55,1.1,2.6500000000000004,1.4463709677419352,1.2036290322580652,Over,6,Over,1
Premier League,2020-2021,May 08 2021 - 11:30am,Leeds United,Tottenham Hotspur,1.76,1.38,3.1399999999999997,0.8800000000000006,2.259999999999999,Over,4,Over,1
Premier League,2020-2021,May 08 2021 - 2:00pm,Sheffield United,Crystal Palace,1.31,1.21,2.52,1.7098591549295774,0.8101408450704226,Over,2,Over,1
Premier League,2020-2021,May 08 2021 - 4:30pm,Manchester City,Chelsea,2.17,1.82,3.99,1.5863636363636364,2.403636363636364,Over,3,Over,1
Premier League,2020-2021,May 08 2021 - 7:15pm,Liverpool,Southampton,2.12,1.36,3.4800000000000004,0.7362500000000003,2.7437500000000004,Over,2,Over,1
Premier League,2020-2021,May 09 2021 - 11:00am,Wolverhampton Wanderers,Brighton & Hove Albion,1.77,1.45,3.2199999999999998,1.7759259259259257,1.444074074074074,Over,3,Over,1
Premier League,2020-2021,May 09 2021 - 1:05pm,Aston Villa,Manchester United,1.86,1.69,3.55,1.1048888888888886,2.4451111111111112,Over,4,Over,1
Premier League,2020-2021,May 09 2021 - 3:30pm,West Ham United,Everton,1.37,1.26,2.63,1.244081632653061,1.3859183673469389,Over,1,Under,0
Premier League,2020-2021,May 09 2021 - 6:00pm,Arsenal,West Bromwich Albion,1.56,1.12,2.68,0.7847058823529416,1.8952941176470586,Over,4,Over,1
Premier League,2020-2021,May 10 2021 - 7:00pm,Fulham,Burnley,1.55,1.27,2.8200000000000003,1.671604938271605,1.1483950617283953,Over,2,Over,1
Premier League,2020-2021,May 11 2021 - 5:00pm,Manchester United,Leicester City,1.94,1.63,3.57,1.4785714285714284,2.0914285714285716,Over,3,Over,1
Premier League,2020-2021,May 11 2021 - 7:15pm,Southampton,Crystal Palace,1.51,1.28,2.79,1.380357142857143,1.409642857142857,Over,4,Over,1
Premier League,2020-2021,May 12 2021 - 7:15pm,Chelsea,Arsenal,1.79,1.54,3.33,1.5503676470588235,1.7796323529411766,Over,1,Under,0
Premier League,2020-2021,May 13 2021 - 5:00pm,Aston Villa,Everton,1.84,1.26,3.1,1.399322033898305,1.700677966101695,Over,0,Under,0
Premier League,2020-2021,May 13 2021 - 7:15pm,Manchester United,Liverpool,1.86,1.86,3.72,1.0034883720930232,2.7165116279069768,Over,6,Over,1
Premier League,2020-2021,May 14 2021 - 7:00pm,Newcastle United,Manchester City,1.48,1.84,3.3200000000000003,0.7180000000000002,2.6020000000000003,Over,7,Over,1
Premier League,2020-2021,May 15 2021 - 11:30am,Burnley,Leeds United,1.32,1.69,3.01,0.9101250000000005,2.099874999999999,Over,4,Over,1
Premier League,2020-2021,May 15 2021 - 2:00pm,Southampton,Fulham,1.51,1.39,2.9,1.399322033898305,1.500677966101695,Over,4,Over,1
Premier League,2020-2021,May 15 2021 - 7:00pm,Brighton & Hove Albion,West Ham United,1.88,1.52,3.4,1.4450819672131145,1.9549180327868854,Over,2,Over,1
Premier League,2020-2021,May 16 2021 - 11:00am,Crystal Palace,Aston Villa,1.13,1.63,2.76,1.4790625,1.2809374999999998,Over,5,Over,1
Premier League,2020-2021,May 16 2021 - 1:05pm,Tottenham Hotspur,Wolverhampton Wanderers,1.53,1.26,2.79,1.1683673469387759,1.6216326530612242,Over,2,Over,1
Premier League,2020-2021,May 16 2021 - 3:30pm,West Bromwich Albion,Liverpool,1.19,1.88,3.07,0.3294642857142853,2.7405357142857145,Over,3,Over,1
Premier League,2020-2021,May 16 2021 - 6:00pm,Everton,Sheffield United,1.41,1.07,2.48,1.2470588235294116,1.2329411764705884,Over,1,Under,0
Premier League,2020-2021,May 18 2021 - 5:00pm,Manchester United,Fulham,1.86,1.38,3.24,0.792432432432433,2.4475675675675674,Over,2,Over,1
Premier League,2020-2021,May 18 2021 - 5:00pm,Southampton,Leeds United,1.52,1.69,3.21,0.7666666666666673,2.4433333333333325,Over,2,Over,1
Premier League,2020-2021,May 18 2021 - 6:00pm,Brighton & Hove Albion,Manchester City,1.84,1.85,3.6900000000000004,1.2538461538461536,2.4361538461538466,Over,5,Over,1
Premier League,2020-2021,May 18 2021 - 7:15pm,Chelsea,Leicester City,1.81,1.61,3.42,1.5978873239436622,1.8221126760563378,Over,3,Over,1
Premier League,2020-2021,May 19 2021 - 5:00pm,Everton,Wolverhampton Wanderers,1.43,1.28,2.71,1.5492753623188404,1.1607246376811595,Over,1,Under,0
Premier League,2020-2021,May 19 2021 - 5:00pm,Newcastle United,Sheffield United,1.47,1.09,2.56,1.1587500000000002,1.4012499999999999,Over,1,Under,0
Premier League,2020-2021,May 19 2021 - 5:00pm,Tottenham Hotspur,Aston Villa,1.61,1.66,3.27,0.6775,2.5925000000000002,Over,3,Over,1
Premier League,2020-2021,May 19 2021 - 6:00pm,Crystal Palace,Arsenal,1.21,1.51,2.7199999999999998,1.3517543859649126,1.3682456140350872,Over,4,Over,1
Premier League,2020-2021,May 19 2021 - 7:15pm,Burnley,Liverpool,1.35,1.93,3.2800000000000002,0.17442307692307635,3.105576923076924,Over,3,Over,1
Premier League,2020-2021,May 19 2021 - 7:15pm,West Bromwich Albion,West Ham United,1.2,1.53,2.73,0.8800000000000006,1.8499999999999994,Over,4,Over,1
Premier League,2020-2021,May 23 2021 - 3:00pm,Arsenal,Brighton & Hove Albion,1.58,1.43,3.01,1.3780000000000003,1.6319999999999995,Over,2,Over,1
Premier League,2020-2021,May 23 2021 - 3:00pm,Aston Villa,Chelsea,1.81,1.8,3.6100000000000003,1.0526666666666664,2.557333333333334,Over,3,Over,1
Premier League,2020-2021,May 23 2021 - 3:00pm,Fulham,Newcastle United,1.6,1.13,2.73,1.4015625,1.3284375,Over,2,Over,1
Premier League,2020-2021,May 23 2021 - 3:00pm,Leeds United,West Bromwich Albion,1.78,1.12,2.9000000000000004,-0.3290000000000015,3.229000000000002,Over,4,Over,1
Premier League,2020-2021,May 23 2021 - 3:00pm,Leicester City,Tottenham Hotspur,1.61,1.38,2.99,0.9380952380952383,2.051904761904762,Over,6,Over,1
Premier League,2020-2021,May 23 2021 - 3:00pm,Liverpool,Crystal Palace,2.11,1.29,3.4,0.07920000000000016,3.3207999999999998,Over,2,Over,1
Premier League,2020-2021,May 23 2021 - 3:00pm,Manchester City,Everton,2.13,1.28,3.41,0.9475000000000005,2.4624999999999995,Over,5,Over,1
Premier League,2020-2021,May 23 2021 - 3:00pm,Sheffield United,Burnley,1.29,1.29,2.58,1.3471698113207546,1.2328301886792454,Over,1,Under,0
Premier League,2020-2021,May 23 2021 - 3:00pm,West Ham United,Southampton,1.37,1.37,2.74,1.2288888888888887,1.5111111111111115,Over,3,Over,1
Premier League,2020-2021,May 23 2021 - 3:00pm,Wolverhampton Wanderers,Manchester United,1.8,1.72,3.52,1.3968103448275861,2.123189655172414,Over,3,Over,1
Premier League,2021-2022,Aug 13 2021 - 7:00pm,Brentford,Arsenal,0.0,0.0,0.0,1.6857142857142857,-1.6857142857142857,Under,2,Over,0
Premier League,2021-2022,Aug 14 2021 - 11:30am,Manchester United,Leeds United,0.0,0.0,0.0,1.0596590909090908,-1.0596590909090908,Under,6,Over,0
Premier League,2021-2022,Aug 14 2021 - 2:00pm,Burnley,Brighton & Hove Albion,0.0,0.0,0.0,1.7720108695652173,-1.7720108695652173,Under,3,Over,0
Premier League,2021-2022,Aug 14 2021 - 2:00pm,Chelsea,Crystal Palace,0.0,0.0,0.0,0.6444444444444437,-0.6444444444444437,Under,3,Over,0
Premier League,2021-2022,Aug 14 2021 - 2:00pm,Everton,Southampton,0.0,0.0,0.0,1.2098684210526323,-1.2098684210526323,Under,4,Over,0
Premier League,2021-2022,Aug 14 2021 - 2:00pm,Leicester City,Wolverhampton Wanderers,0.0,0.0,0.0,1.4463709677419352,-1.4463709677419352,Under,1,Under,1
Premier League,2021-2022,Aug 14 2021 - 2:00pm,Watford,Aston Villa,0.0,0.0,0.0,1.4423728813559318,-1.4423728813559318,Under,5,Over,0
Premier League,2021-2022,Aug 14 2021 - 4:30pm,Norwich City,Liverpool,0.0,0.0,0.0,0.8240540540540544,-0.8240540540540544,Under,3,Over,0
Premier League,2021-2022,Aug 15 2021 - 1:00pm,Newcastle United,West Ham United,0.0,0.0,0.0,1.3968103448275861,-1.3968103448275861,Under,6,Over,0
Premier League,2021-2022,Aug 15 2021 - 3:30pm,Tottenham Hotspur,Manchester City,0.0,0.0,0.0,1.4463709677419352,-1.4463709677419352,Under,1,Under,1
Premier League,2021-2022,Aug 21 2021 - 11:30am,Liverpool,Burnley,0.0,0.0,0.0,0.6454545454545455,-0.6454545454545455,Under,2,Over,0
Premier League,2021-2022,Aug 21 2021 - 2:00pm,Aston Villa,Newcastle United,0.0,0.0,0.0,1.1487234042553192,-1.1487234042553192,Under,2,Over,0
Premier League,2021-2022,Aug 21 2021 - 2:00pm,Crystal Palace,Brentford,0.0,0.0,0.0,1.7355769230769231,-1.7355769230769231,Under,0,Under,1
Premier League,2021-2022,Aug 21 2021 - 2:00pm,Leeds United,Everton,0.0,0.0,0.0,1.1995918367346938,-1.1995918367346938,Under,4,Over,0
Premier League,2021-2022,Aug 21 2021 - 2:00pm,Manchester City,Norwich City,0.0,0.0,0.0,0.17442307692307635,-0.17442307692307635,Under,5,Over,0
Premier League,2021-2022,Aug 21 2021 - 4:30pm,Brighton & Hove Albion,Watford,0.0,0.0,0.0,1.6894736842105265,-1.6894736842105265,Under,2,Over,0
Premier League,2021-2022,Aug 22 2021 - 1:00pm,Southampton,Manchester United,0.0,0.0,0.0,1.0814772727272728,-1.0814772727272728,Under,2,Over,0
Premier League,2021-2022,Aug 22 2021 - 1:00pm,Wolverhampton Wanderers,Tottenham Hotspur,0.0,0.0,0.0,1.6489583333333333,-1.6489583333333333,Under,1,Under,1
Premier League,2021-2022,Aug 22 2021 - 3:30pm,Arsenal,Chelsea,0.0,0.0,0.0,1.6489583333333333,-1.6489583333333333,Under,2,Over,0
Premier League,2021-2022,Aug 23 2021 - 7:00pm,West Ham United,Leicester City,0.0,0.0,0.0,1.2915094339622644,-1.2915094339622644,Under,5,Over,0
Premier League,2021-2022,Aug 28 2021 - 11:30am,Manchester City,Arsenal,2.53,2.35,4.88,1.045813953488372,3.834186046511628,Over,5,Over,1
Premier League,2021-2022,Aug 28 2021 - 2:00pm,Aston Villa,Brentford,1.31,1.58,2.89,1.770731707317073,1.1192682926829272,Over,2,Over,1
Premier League,2021-2022,Aug 28 2021 - 2:00pm,Brighton & Hove Albion,Everton,1.59,2.03,3.62,1.8088235294117647,1.8111764705882354,Over,2,Over,1
Premier League,2021-2022,Aug 28 2021 - 2:00pm,Newcastle United,Southampton,1.77,0.99,2.76,1.3942105263157896,1.3657894736842102,Over,4,Over,1
Premier League,2021-2022,Aug 28 2021 - 2:00pm,Norwich City,Leicester City,1.32,0.68,2.0,1.1995918367346938,0.8004081632653062,Over,3,Over,1
Premier League,2021-2022,Aug 28 2021 - 2:00pm,West Ham United,Crystal Palace,2.4,0.52,2.92,1.3440000000000005,1.5759999999999994,Over,4,Over,1
Premier League,2021-2022,Aug 28 2021 - 4:30pm,Liverpool,Chelsea,2.88,2.28,5.16,1.4450819672131145,3.7149180327868856,Over,2,Over,1
Premier League,2021-2022,Aug 29 2021 - 1:00pm,Burnley,Leeds United,1.36,1.23,2.59,1.2470588235294116,1.3429411764705883,Over,2,Over,1
Premier League,2021-2022,Aug 29 2021 - 1:00pm,Tottenham Hotspur,Watford,1.29,1.29,2.58,1.285865384615385,1.2941346153846152,Over,1,Under,0
Premier League,2021-2022,Aug 29 2021 - 3:30pm,Wolverhampton Wanderers,Manchester United,2.64,1.72,4.36,1.1909374999999998,3.169062500000001,Over,1,Under,0
Premier League,2021-2022,Sep 11 2021 - 11:30am,Crystal Palace,Tottenham Hotspur,1.0,1.25,2.25,1.7222222222222223,0.5277777777777777,Over,3,Over,1
Premier League,2021-2022,Sep 11 2021 - 2:00pm,Arsenal,Norwich City,1.08,0.2,1.28,0.953125,0.326875,Over,1,Over,1
Premier League,2021-2022,Sep 11 2021 - 2:00pm,Brentford,Brighton & Hove Albion,1.04,1.68,2.7199999999999998,1.995918367346939,0.7240816326530608,Over,1,Under,0
Premier League,2021-2022,Sep 11 2021 - 2:00pm,Leicester City,Manchester City,1.57,2.03,3.5999999999999996,1.2915094339622644,2.3084905660377353,Over,1,Under,0
Premier League,2021-2022,Sep 11 2021 - 2:00pm,Manchester United,Newcastle United,1.93,1.05,2.98,0.5083870967741941,2.4716129032258056,Over,5,Over,1
Premier League,2021-2022,Sep 11 2021 - 2:00pm,Southampton,West Ham United,1.15,2.33,3.48,1.094,2.386,Over,0,Under,0
Premier League,2021-2022,Sep 11 2021 - 2:00pm,Watford,Wolverhampton Wanderers,1.43,1.59,3.02,1.8517241379310345,1.1682758620689655,Over,2,Over,1
Premier League,2021-2022,Sep 11 2021 - 4:30pm,Chelsea,Aston Villa,1.97,1.31,3.2800000000000002,0.9929268292682922,2.2870731707317082,Over,3,Over,1
Premier League,2021-2022,Sep 12 2021 - 3:30pm,Leeds United,Liverpool,1.94,2.38,4.32,0.7773611111111114,3.542638888888889,Over,3,Over,1
Premier League,2021-2022,Sep 13 2021 - 7:00pm,Everton,Burnley,1.56,1.22,2.7800000000000002,1.6400000000000001,1.1400000000000001,Over,4,Over,1
Premier League,2021-2022,Sep 17 2021 - 7:00pm,Newcastle United,Leeds United,1.5,1.35,2.85,0.9707317073170731,1.879268292682927,Over,2,Over,1
Premier League,2021-2022,Sep 18 2021 - 11:30am,Wolverhampton Wanderers,Brentford,2.19,1.37,3.56,1.861436170212766,1.698563829787234,Over,2,Over,1
Premier League,2021-2022,Sep 18 2021 - 2:00pm,Burnley,Arsenal,1.38,1.29,2.67,1.399322033898305,1.270677966101695,Over,1,Under,0
Premier League,2021-2022,Sep 18 2021 - 2:00pm,Liverpool,Crystal Palace,2.91,0.85,3.7600000000000002,0.5403225806451617,3.2196774193548388,Over,3,Over,1
Premier League,2021-2022,Sep 18 2021 - 2:00pm,Manchester City,Southampton,2.8,1.64,4.4399999999999995,0.09879999999999889,4.341200000000001,Over,0,Under,0
Premier League,2021-2022,Sep 18 2021 - 2:00pm,Norwich City,Watford,1.44,1.15,2.59,1.645890410958904,0.9441095890410958,Over,4,Over,1
Premier League,2021-2022,Sep 18 2021 - 4:30pm,Aston Villa,Everton,1.26,1.86,3.12,1.2797872340425538,1.8402127659574463,Over,3,Over,1
Premier League,2021-2022,Sep 19 2021 - 1:00pm,Brighton & Hove Albion,Leicester City,1.55,0.95,2.5,1.7355769230769231,0.7644230769230769,Over,3,Over,1
Premier League,2021-2022,Sep 19 2021 - 1:00pm,West Ham United,Manchester United,2.01,1.51,3.5199999999999996,1.2470588235294116,2.272941176470588,Over,3,Over,1
Premier League,2021-2022,Sep 19 2021 - 3:30pm,Tottenham Hotspur,Chelsea,1.69,1.6,3.29,1.6857142857142857,1.6042857142857143,Over,3,Over,1
Premier League,2021-2022,Sep 25 2021 - 11:30am,Chelsea,Manchester City,1.69,2.41,4.1,1.5978873239436622,2.5021126760563375,Over,1,Under,0
Premier League,2021-2022,Sep 25 2021 - 11:30am,Manchester United,Aston Villa,2.17,1.74,3.91,0.8800000000000006,3.0299999999999994,Over,1,Over,1
Premier League,2021-2022,Sep 25 2021 - 2:00pm,Everton,Norwich City,1.69,0.7,2.3899999999999997,1.3942105263157896,0.9957894736842101,Over,2,Over,1
Premier League,2021-2022,Sep 25 2021 - 2:00pm,Leeds United,West Ham United,1.63,1.96,3.59,1.0596590909090908,2.530340909090909,Over,3,Over,1
Premier League,2021-2022,Sep 25 2021 - 2:00pm,Leicester City,Burnley,1.25,1.39,2.6399999999999997,1.3399074074074078,1.300092592592592,Over,4,Over,1
Premier League,2021-2022,Sep 25 2021 - 2:00pm,Watford,Newcastle United,1.26,1.21,2.4699999999999998,1.5978873239436622,0.8721126760563376,Over,2,Over,1
Premier League,2021-2022,Sep 25 2021 - 4:30pm,Brentford,Liverpool,0.99,2.72,3.71,1.5415584415584416,2.1684415584415584,Over,6,Over,1
Premier League,2021-2022,Sep 26 2021 - 1:00pm,Southampton,Wolverhampton Wanderers,1.15,1.67,2.82,1.645890410958904,1.1741095890410957,Over,1,Under,0
Premier League,2021-2022,Sep 26 2021 - 3:30pm,Arsenal,Tottenham Hotspur,1.92,0.88,2.8,1.552651515151515,1.2473484848484848,Over,4,Over,1
Premier League,2021-2022,Sep 27 2021 - 7:00pm,Crystal Palace,Brighton & Hove Albion,1.53,1.29,2.8200000000000003,1.8088235294117647,1.0111764705882356,Over,2,Over,1
Premier League,2021-2022,Oct 02 2021 - 11:30am,Manchester United,Everton,2.3,1.63,3.9299999999999997,1.068372093023256,2.861627906976744,Over,2,Over,1
Premier League,2021-2022,Oct 02 2021 - 2:00pm,Burnley,Norwich City,1.59,0.88,2.47,1.5503676470588235,0.9196323529411767,Over,0,Under,0
Premier League,2021-2022,Oct 02 2021 - 2:00pm,Chelsea,Southampton,1.33,1.5,2.83,1.045813953488372,1.7841860465116282,Over,4,Over,1
Premier League,2021-2022,Oct 02 2021 - 2:00pm,Leeds United,Watford,1.68,1.41,3.09,1.068372093023256,2.021627906976744,Over,1,Under,0
Premier League,2021-2022,Oct 02 2021 - 2:00pm,Wolverhampton Wanderers,Newcastle United,1.88,1.49,3.37,1.4463709677419352,1.923629032258065,Over,3,Over,1
Premier League,2021-2022,Oct 02 2021 - 4:30pm,Brighton & Hove Albion,Arsenal,1.51,1.35,2.8600000000000003,1.6021739130434782,1.257826086956522,Over,0,Under,0
Premier League,2021-2022,Oct 03 2021 - 1:00pm,Crystal Palace,Leicester City,1.45,1.17,2.62,1.5514925373134325,1.0685074626865676,Over,4,Over,1
Premier League,2021-2022,Oct 03 2021 - 1:00pm,Tottenham Hotspur,Aston Villa,1.46,1.5,2.96,1.285865384615385,1.674134615384615,Over,3,Over,1
Premier League,2021-2022,Oct 03 2021 - 1:00pm,West Ham United,Brentford,1.85,1.28,3.13,1.5978873239436622,1.5321126760563377,Over,3,Over,1
Premier League,2021-2022,Oct 03 2021 - 3:30pm,Liverpool,Manchester City,2.94,2.24,5.18,1.2470588235294116,3.932941176470588,Over,4,Over,1
Premier League,2021-2022,Oct 16 2021 - 11:30am,Watford,Liverpool,1.44,2.51,3.9499999999999997,0.7562500000000003,3.1937499999999996,Over,5,Over,1
Premier League,2021-2022,Oct 16 2021 - 2:00pm,Aston Villa,Wolverhampton Wanderers,1.36,1.43,2.79,1.5755555555555558,1.2144444444444442,Over,5,Over,1
Premier League,2021-2022,Oct 16 2021 - 2:00pm,Leicester City,Manchester United,1.59,1.83,3.42,1.2158823529411764,2.2041176470588235,Over,6,Over,1
Premier League,2021-2022,Oct 16 2021 - 2:00pm,Manchester City,Burnley,2.43,1.4,3.83,0.07920000000000016,3.7508,Over,2,Over,1
Premier League,2021-2022,Oct 16 2021 - 2:00pm,Norwich City,Brighton & Hove Albion,1.49,1.26,2.75,1.578857142857143,1.171142857142857,Over,0,Under,0
Premier League,2021-2022,Oct 16 2021 - 2:00pm,Southampton,Leeds United,1.48,1.73,3.21,0.9205000000000003,2.2894999999999994,Over,1,Over,1
Premier League,2021-2022,Oct 16 2021 - 4:30pm,Brentford,Chelsea,1.13,1.92,3.05,1.5,1.5499999999999998,Over,1,Under,0
Premier League,2021-2022,Oct 17 2021 - 1:00pm,Everton,West Ham United,1.61,2.07,3.6799999999999997,1.3688135593220339,2.311186440677966,Over,1,Under,0
Premier League,2021-2022,Oct 17 2021 - 3:30pm,Newcastle United,Tottenham Hotspur,1.66,1.01,2.67,1.1785714285714286,1.4914285714285713,Over,5,Over,1
Premier League,2021-2022,Oct 18 2021 - 7:00pm,Arsenal,Crystal Palace,1.83,1.05,2.88,1.426048387096774,1.453951612903226,Over,4,Over,1
Premier League,2021-2022,Oct 22 2021 - 7:00pm,Arsenal,Aston Villa,1.87,1.53,3.4000000000000004,1.3272321428571432,2.072767857142857,Over,4,Over,1
Premier League,2021-2022,Oct 23 2021 - 11:30am,Chelsea,Norwich City,1.68,0.99,2.67,0.8805000000000007,1.7894999999999992,Over,7,Over,1
Premier League,2021-2022,Oct 23 2021 - 2:00pm,Crystal Palace,Newcastle United,1.57,1.43,3.0,1.5215625,1.4784375,Over,2,Over,1
Premier League,2021-2022,Oct 23 2021 - 2:00pm,Everton,Watford,1.59,1.28,2.87,1.4695384615384617,1.4004615384615384,Over,7,Over,1
Premier League,2021-2022,Oct 23 2021 - 2:00pm,Leeds United,Wolverhampton Wanderers,1.77,1.43,3.2,1.3655172413793104,1.8344827586206898,Over,2,Over,1
Premier League,2021-2022,Oct 23 2021 - 2:00pm,Southampton,Burnley,1.62,1.28,2.9000000000000004,1.5304477611940297,1.3695522388059707,Over,4,Over,1
Premier League,2021-2022,Oct 23 2021 - 4:30pm,Brighton & Hove Albion,Manchester City,1.63,2.04,3.67,1.2538461538461536,2.416153846153846,Over,5,Over,1
Premier League,2021-2022,Oct 24 2021 - 1:00pm,Brentford,Leicester City,1.38,1.19,2.57,1.3673076923076926,1.2026923076923073,Over,3,Over,1
Premier League,2021-2022,Oct 24 2021 - 1:00pm,West Ham United,Tottenham Hotspur,1.94,1.19,3.13,1.0666666666666662,2.0633333333333335,Over,1,Under,0
Premier League,2021-2022,Oct 24 2021 - 3:30pm,Manchester United,Liverpool,2.25,2.45,4.7,0.9392682926829272,3.760731707317073,Over,5,Over,1
Premier League,2021-2022,Oct 30 2021 - 11:30am,Leicester City,Arsenal,1.77,1.28,3.05,1.4341791044776118,1.615820895522388,Over,2,Over,1
Premier League,2021-2022,Oct 30 2021 - 2:00pm,Burnley,Brentford,1.63,1.28,2.91,1.6982758620689655,1.2117241379310346,Over,4,Over,1
Premier League,2021-2022,Oct 30 2021 - 2:00pm,Liverpool,Brighton & Hove Albion,2.49,1.32,3.8100000000000005,0.9973333333333338,2.812666666666667,Over,4,Over,1
Premier League,2021-2022,Oct 30 2021 - 2:00pm,Manchester City,Crystal Palace,2.35,1.14,3.49,0.18461538461538485,3.3053846153846154,Over,2,Over,1
Premier League,2021-2022,Oct 30 2021 - 2:00pm,Newcastle United,Chelsea,1.48,1.66,3.1399999999999997,1.0089285714285712,2.1310714285714285,Over,3,Over,1
Premier League,2021-2022,Oct 30 2021 - 2:00pm,Watford,Southampton,1.28,1.33,2.6100000000000003,1.5,1.1100000000000003,Over,1,Under,0
Premier League,2021-2022,Oct 30 2021 - 4:30pm,Tottenham Hotspur,Manchester United,1.66,1.89,3.55,1.0241860465116277,2.525813953488372,Over,3,Over,1
Premier League,2021-2022,Oct 31 2021 - 2:00pm,Norwich City,Leeds United,1.54,1.41,2.95,0.9761249999999992,1.973875000000001,Over,3,Over,1
Premier League,2021-2022,Oct 31 2021 - 4:30pm,Aston Villa,West Ham United,1.44,2.01,3.4499999999999997,1.1382608695652177,2.3117391304347823,Over,5,Over,1
Premier League,2021-2022,Nov 01 2021 - 8:00pm,Wolverhampton Wanderers,Everton,1.67,1.54,3.21,1.7310126582278482,1.4789873417721517,Over,3,Over,1
Premier League,2021-2022,Nov 05 2021 - 8:00pm,Southampton,Aston Villa,1.69,1.49,3.1799999999999997,1.2470588235294116,1.9329411764705882,Over,1,Under,0
Premier League,2021-2022,Nov 06 2021 - 12:30pm,Manchester United,Manchester City,2.09,2.19,4.279999999999999,0.8794871794871795,3.40051282051282,Over,2,Over,1
Premier League,2021-2022,Nov 06 2021 - 3:00pm,Brentford,Norwich City,1.53,0.89,2.42,1.5,0.9199999999999999,Over,3,Over,1
Premier League,2021-2022,Nov 06 2021 - 3:00pm,Chelsea,Burnley,1.95,1.31,3.26,0.8578947368421053,2.4021052631578943,Over,2,Over,1
Premier League,2021-2022,Nov 06 2021 - 3:00pm,Crystal Palace,Wolverhampton Wanderers,1.62,1.31,2.93,1.6471014492753624,1.2828985507246378,Over,2,Over,1
Premier League,2021-2022,Nov 06 2021 - 5:30pm,Brighton & Hove Albion,Newcastle United,1.6,1.32,2.92,1.40175,1.5182499999999999,Over,2,Over,1
Premier League,2021-2022,Nov 07 2021 - 2:00pm,Arsenal,Watford,1.99,1.49,3.48,0.9101250000000005,2.5698749999999997,Over,1,Over,1
Premier League,2021-2022,Nov 07 2021 - 2:00pm,Everton,Tottenham Hotspur,1.6,1.18,2.7800000000000002,1.5482142857142855,1.2317857142857147,Over,0,Under,0
Premier League,2021-2022,Nov 07 2021 - 2:00pm,Leeds United,Leicester City,1.85,1.24,3.09,1.1074468085106381,1.9825531914893617,Over,2,Over,1
Premier League,2021-2022,Nov 07 2021 - 4:30pm,West Ham United,Liverpool,1.86,2.4,4.26,0.45600000000000085,3.803999999999999,Over,5,Over,1
Premier League,2021-2022,Nov 20 2021 - 12:30pm,Leicester City,Chelsea,1.82,1.86,3.68,1.2675510204081635,2.4124489795918365,Over,3,Over,1
Premier League,2021-2022,Nov 20 2021 - 3:00pm,Aston Villa,Brighton & Hove Albion,1.39,1.35,2.74,1.5670422535211266,1.1729577464788736,Over,2,Over,1
Premier League,2021-2022,Nov 20 2021 - 3:00pm,Burnley,Crystal Palace,1.69,1.13,2.82,1.5437500000000002,1.2762499999999997,Over,6,Over,1
Premier League,2021-2022,Nov 20 2021 - 3:00pm,Newcastle United,Brentford,1.36,1.32,2.68,1.3968103448275861,1.283189655172414,Over,6,Over,1
Premier League,2021-2022,Nov 20 2021 - 3:00pm,Norwich City,Southampton,1.54,1.33,2.87,1.4903676470588236,1.3796323529411765,Over,3,Over,1
Premier League,2021-2022,Nov 20 2021 - 3:00pm,Watford,Manchester United,1.32,1.77,3.09,0.8794871794871795,2.2105128205128204,Over,5,Over,1
Premier League,2021-2022,Nov 20 2021 - 3:00pm,Wolverhampton Wanderers,West Ham United,1.61,2.08,3.6900000000000004,1.5102272727272723,2.179772727272728,Over,1,Under,0
Premier League,2021-2022,Nov 20 2021 - 5:30pm,Liverpool,Arsenal,2.35,1.28,3.63,0.7978947368421054,2.8321052631578945,Over,4,Over,1
Premier League,2021-2022,Nov 21 2021 - 2:00pm,Manchester City,Everton,2.26,1.57,3.83,0.7083333333333339,3.121666666666666,Over,3,Over,1
Premier League,2021-2022,Nov 21 2021 - 4:30pm,Tottenham Hotspur,Leeds United,1.55,1.46,3.01,0.9707317073170731,2.0392682926829266,Over,3,Over,1
Premier League,2021-2022,Nov 27 2021 - 12:30pm,Arsenal,Newcastle United,1.97,1.24,3.21,0.8368421052631585,2.3731578947368415,Over,2,Over,1
Premier League,2021-2022,Nov 27 2021 - 3:00pm,Crystal Palace,Aston Villa,1.63,1.48,3.11,1.3659999999999994,1.7440000000000004,Over,3,Over,1
Premier League,2021-2022,Nov 27 2021 - 3:00pm,Liverpool,Southampton,2.27,1.36,3.63,-0.07217391304347665,3.7021739130434765,Over,4,Over,1
Premier League,2021-2022,Nov 27 2021 - 3:00pm,Norwich City,Wolverhampton Wanderers,1.47,1.25,2.7199999999999998,1.5,1.2199999999999998,Over,0,Under,0
Premier League,2021-2022,Nov 27 2021 - 5:30pm,Brighton & Hove Albion,Leeds United,1.61,1.58,3.1900000000000004,1.4161290322580644,1.773870967741936,Over,0,Under,0
Premier League,2021-2022,Nov 28 2021 - 2:00pm,Brentford,Everton,1.63,1.42,3.05,1.5514925373134325,1.4985074626865673,Over,1,Under,0
Premier League,2021-2022,Nov 28 2021 - 2:00pm,Leicester City,Watford,1.64,1.4,3.04,1.11875,1.9212500000000001,Over,6,Over,1
Premier League,2021-2022,Nov 28 2021 - 2:00pm,Manchester City,West Ham United,2.28,1.91,4.1899999999999995,0.6036363636363635,3.586363636363636,Over,3,Over,1
Premier League,2021-2022,Nov 28 2021 - 4:30pm,Chelsea,Manchester United,2.04,1.66,3.7,1.3398305084745765,2.360169491525424,Over,2,Over,1
Premier League,2021-2022,Nov 30 2021 - 7:30pm,Newcastle United,Norwich City,1.52,0.99,2.51,1.2915094339622644,1.2184905660377354,Over,2,Over,1
Premier League,2021-2022,Nov 30 2021 - 8:15pm,Leeds United,Crystal Palace,1.89,1.26,3.15,1.380357142857143,1.7696428571428569,Over,1,Under,0
Premier League,2021-2022,Dec 01 2021 - 7:30pm,Watford,Chelsea,1.4,1.84,3.24,1.1484374999999998,2.0915625,Over,3,Over,1
Premier League,2021-2022,Dec 01 2021 - 7:30pm,West Ham United,Brighton & Hove Albion,1.72,1.25,2.9699999999999998,1.4799999999999998,1.49,Over,2,Over,1
Premier League,2021-2022,Dec 01 2021 - 7:30pm,Wolverhampton Wanderers,Burnley,1.61,1.22,2.83,1.6142465753424657,1.2157534246575343,Over,0,Under,0
Premier League,2021-2022,Dec 01 2021 - 7:30pm,Southampton,Leicester City,1.6,1.26,2.8600000000000003,1.0428571428571427,1.8171428571428576,Over,4,Over,1
Premier League,2021-2022,Dec 01 2021 - 8:15pm,Aston Villa,Manchester City,1.36,2.18,3.54,0.9741860465116281,2.565813953488372,Over,3,Over,1
Premier League,2021-2022,Dec 01 2021 - 8:15pm,Everton,Liverpool,1.58,2.35,3.93,0.8494871794871799,3.08051282051282,Over,5,Over,1
Premier League,2021-2022,Dec 02 2021 - 7:30pm,Tottenham Hotspur,Brentford,1.54,1.29,2.83,1.3517543859649126,1.4782456140350875,Over,2,Over,1
Premier League,2021-2022,Dec 02 2021 - 8:15pm,Manchester United,Arsenal,1.86,1.19,3.05,1.0833333333333333,1.9666666666666666,Over,5,Over,1
Premier League,2021-2022,Dec 04 2021 - 12:30pm,West Ham United,Chelsea,1.75,1.74,3.49,1.4808823529411763,2.009117647058824,Over,5,Over,1
Premier League,2021-2022,Dec 04 2021 - 3:00pm,Newcastle United,Burnley,1.44,1.19,2.63,1.3081730769230773,1.3218269230769226,Over,1,Under,0
Premier League,2021-2022,Dec 04 2021 - 3:00pm,Southampton,Brighton & Hove Albion,1.62,1.26,2.88,1.5,1.38,Over,2,Over,1
Premier League,2021-2022,Dec 04 2021 - 3:00pm,Wolverhampton Wanderers,Liverpool,1.66,2.31,3.9699999999999998,0.8578947368421053,3.1121052631578943,Over,1,Over,1
Premier League,2021-2022,Dec 04 2021 - 5:30pm,Watford,Manchester City,1.48,2.19,3.67,0.18461538461538485,3.485384615384615,Over,4,Over,1
Premier League,2021-2022,Dec 05 2021 - 2:00pm,Leeds United,Brentford,1.87,1.24,3.1100000000000003,1.4499999999999997,1.6600000000000006,Over,4,Over,1
Premier League,2021-2022,Dec 05 2021 - 2:00pm,Manchester United,Crystal Palace,1.88,1.23,3.11,1.1875000000000002,1.9224999999999997,Over,1,Under,0
Premier League,2021-2022,Dec 05 2021 - 2:00pm,Tottenham Hotspur,Norwich City,1.56,1.14,2.7,1.2999999999999998,1.4000000000000004,Over,3,Over,1
Premier League,2021-2022,Dec 05 2021 - 4:30pm,Aston Villa,Leicester City,1.33,1.3,2.63,1.3272321428571432,1.3027678571428567,Over,3,Over,1
Premier League,2021-2022,Dec 06 2021 - 8:00pm,Everton,Arsenal,1.5,1.33,2.83,1.4577777777777776,1.3722222222222225,Over,3,Over,1
Premier League,2021-2022,Dec 10 2021 - 8:00pm,Brentford,Watford,1.55,1.46,3.01,1.4596923076923076,1.5503076923076922,Over,3,Over,1
Premier League,2021-2022,Dec 11 2021 - 12:30pm,Manchester City,Wolverhampton Wanderers,2.31,1.19,3.5,0.7888157894736845,2.7111842105263158,Over,1,Over,1
Premier League,2021-2022,Dec 11 2021 - 3:00pm,Arsenal,Southampton,2.05,1.32,3.37,1.1595744680851066,2.2104255319148933,Over,3,Over,1
Premier League,2021-2022,Dec 11 2021 - 3:00pm,Chelsea,Leeds United,2.14,1.55,3.6900000000000004,0.9904545454545459,2.6995454545454542,Over,5,Over,1
Premier League,2021-2022,Dec 11 2021 - 3:00pm,Liverpool,Aston Villa,2.28,1.44,3.7199999999999998,0.3348275862068948,3.385172413793105,Over,1,Over,1
Premier League,2021-2022,Dec 11 2021 - 5:30pm,Norwich City,Manchester United,1.52,1.51,3.0300000000000002,1.1295918367346938,1.9004081632653065,Over,1,Under,0
Premier League,2021-2022,Dec 12 2021 - 2:00pm,Burnley,West Ham United,1.72,1.78,3.5,1.3168103448275865,2.1831896551724137,Over,0,Under,0
Premier League,2021-2022,Dec 12 2021 - 2:00pm,Leicester City,Newcastle United,1.68,1.24,2.92,0.9973333333333338,1.922666666666666,Over,4,Over,1
Premier League,2021-2022,Dec 12 2021 - 4:30pm,Crystal Palace,Everton,1.59,1.49,3.08,1.678481012658228,1.4015189873417722,Over,4,Over,1
Premier League,2021-2022,Dec 14 2021 - 7:45pm,Norwich City,Aston Villa,1.52,1.33,2.85,1.4673387096774195,1.3826612903225806,Over,2,Over,1
Premier League,2021-2022,Dec 14 2021 - 8:00pm,Manchester City,Leeds United,2.42,1.55,3.9699999999999998,0.2255555555555535,3.7444444444444462,Over,7,Over,1
Premier League,2021-2022,Dec 15 2021 - 7:30pm,Brighton & Hove Albion,Wolverhampton Wanderers,1.68,1.09,2.77,1.7656626506024096,1.0043373493975905,Over,1,Under,0
Premier League,2021-2022,Dec 15 2021 - 7:30pm,Crystal Palace,Southampton,1.64,1.34,2.98,1.5452054794520547,1.4347945205479453,Over,4,Over,1
Premier League,2021-2022,Dec 15 2021 - 8:00pm,Arsenal,West Ham United,2.03,1.78,3.8099999999999996,1.1494565217391306,2.660543478260869,Over,2,Over,1
Premier League,2021-2022,Dec 16 2021 - 7:45pm,Chelsea,Everton,2.13,1.51,3.6399999999999997,1.1950000000000003,2.4449999999999994,Over,2,Over,1
Premier League,2021-2022,Dec 16 2021 - 8:00pm,Liverpool,Newcastle United,2.29,1.28,3.5700000000000003,-0.5652631578947376,4.135263157894737,Over,4,Over,1
Premier League,2021-2022,Dec 18 2021 - 5:30pm,Leeds United,Arsenal,1.86,1.31,3.17,1.11875,2.05125,Over,5,Over,1
Premier League,2021-2022,Dec 19 2021 - 2:00pm,Newcastle United,Manchester City,1.48,2.34,3.82,0.43600000000000083,3.383999999999999,Over,4,Over,1
Premier League,2021-2022,Dec 19 2021 - 2:00pm,Wolverhampton Wanderers,Chelsea,1.53,1.82,3.35,1.4224166666666664,1.9275833333333336,Over,0,Under,0
Premier League,2021-2022,Dec 19 2021 - 4:30pm,Tottenham Hotspur,Liverpool,1.61,2.3,3.91,0.8794871794871795,3.0305128205128207,Over,4,Over,1
Premier League,2021-2022,Dec 26 2021 - 3:00pm,Manchester City,Leicester City,2.55,1.34,3.8899999999999997,0.479354838709678,3.4106451612903217,Over,9,Over,1
Premier League,2021-2022,Dec 26 2021 - 3:00pm,Norwich City,Arsenal,1.48,1.45,2.9299999999999997,1.2666666666666664,1.6633333333333333,Over,5,Over,1
Premier League,2021-2022,Dec 26 2021 - 3:00pm,Tottenham Hotspur,Crystal Palace,1.58,1.2,2.7800000000000002,1.4511363636363634,1.3288636363636368,Over,3,Over,1
Premier League,2021-2022,Dec 26 2021 - 3:00pm,West Ham United,Southampton,1.7,1.37,3.0700000000000003,0.8464864864864872,2.223513513513513,Over,5,Over,1
Premier League,2021-2022,Dec 26 2021 - 5:30pm,Aston Villa,Chelsea,1.35,1.8,3.1500000000000004,1.40175,1.7482500000000003,Over,4,Over,1
Premier League,2021-2022,Dec 26 2021 - 8:00pm,Brighton & Hove Albion,Brentford,1.64,1.25,2.8899999999999997,1.675,1.2149999999999996,Over,2,Over,1
Premier League,2021-2022,Dec 27 2021 - 8:00pm,Newcastle United,Manchester United,1.4,1.54,2.94,0.9292682926829272,2.0107317073170727,Over,2,Over,1
Premier League,2021-2022,Dec 28 2021 - 3:00pm,Crystal Palace,Norwich City,1.6,1.15,2.75,1.4180952380952379,1.3319047619047621,Over,3,Over,1
Premier League,2021-2022,Dec 28 2021 - 3:00pm,Southampton,Tottenham Hotspur,1.64,1.14,2.78,1.3549090909090908,1.425090909090909,Over,2,Over,1
Premier League,2021-2022,Dec 28 2021 - 3:00pm,Watford,West Ham United,1.45,1.7,3.15,1.3272321428571432,1.8227678571428567,Over,5,Over,1
Premier League,2021-2022,Dec 28 2021 - 8:00pm,Leicester City,Liverpool,1.63,2.3,3.9299999999999997,0.9300000000000004,2.999999999999999,Over,1,Over,1
Premier League,2021-2022,Dec 29 2021 - 7:30pm,Chelsea,Brighton & Hove Albion,2.2,1.28,3.4800000000000004,1.3375000000000001,2.1425,Over,2,Over,1
Premier League,2021-2022,Dec 29 2021 - 8:15pm,Brentford,Manchester City,1.59,2.31,3.9000000000000004,0.8917073170731711,3.0082926829268293,Over,1,Over,1
Premier League,2021-2022,Dec 30 2021 - 8:15pm,Manchester United,Burnley,1.88,1.19,3.07,0.8794871794871795,2.1905128205128204,Over,4,Over,1
Premier League,2021-2022,Jan 01 2022 - 12:30pm,Arsenal,Manchester City,2.08,2.24,4.32,0.6470588235294124,3.672941176470588,Over,3,Over,1
Premier League,2021-2022,Jan 01 2022 - 3:00pm,Watford,Tottenham Hotspur,1.48,1.4,2.88,0.915131578947368,1.964868421052632,Over,1,Over,1
Premier League,2021-2022,Jan 01 2022 - 5:30pm,Crystal Palace,West Ham United,1.65,1.72,3.37,1.3889830508474577,1.9810169491525425,Over,5,Over,1
Premier League,2021-2022,Jan 02 2022 - 2:00pm,Brentford,Aston Villa,1.5,1.4,2.9,1.5297794117647057,1.3702205882352942,Over,3,Over,1
Premier League,2021-2022,Jan 02 2022 - 2:00pm,Everton,Brighton & Hove Albion,1.51,1.32,2.83,1.6096000000000001,1.2204,Over,5,Over,1
Premier League,2021-2022,Jan 02 2022 - 2:00pm,Leeds United,Burnley,1.78,1.21,2.99,1.255714285714286,1.7342857142857142,Over,4,Over,1
Premier League,2021-2022,Jan 02 2022 - 4:30pm,Chelsea,Liverpool,2.13,2.33,4.46,1.4418181818181817,3.0181818181818185,Over,4,Over,1
Premier League,2021-2022,Jan 03 2022 - 5:30pm,Manchester United,Wolverhampton Wanderers,1.9,1.12,3.02,1.40175,1.61825,Over,1,Under,0
Premier League,2021-2022,Jan 11 2022 - 7:45pm,Southampton,Brentford,1.58,1.32,2.9000000000000004,1.3123636363636364,1.587636363636364,Over,5,Over,1
Premier League,2021-2022,Jan 12 2022 - 7:45pm,West Ham United,Norwich City,1.7,1.18,2.88,0.9874999999999998,1.8925,Over,2,Over,1
Premier League,2021-2022,Jan 14 2022 - 8:00pm,Brighton & Hove Albion,Crystal Palace,1.65,1.13,2.78,1.6429054054054055,1.1370945945945943,Over,2,Over,1
Premier League,2021-2022,Jan 15 2022 - 12:30pm,Manchester City,Chelsea,2.52,1.77,4.29,1.2235576923076923,3.0664423076923075,Over,1,Under,0
Premier League,2021-2022,Jan 15 2022 - 3:00pm,Newcastle United,Watford,1.44,1.38,2.82,1.1272826086956518,1.692717391304348,Over,2,Over,1
Premier League,2021-2022,Jan 15 2022 - 3:00pm,Norwich City,Everton,1.39,1.45,2.84,1.5,1.3399999999999999,Over,3,Over,1
Premier League,2021-2022,Jan 15 2022 - 3:00pm,Wolverhampton Wanderers,Southampton,1.45,1.39,2.84,1.6933333333333334,1.1466666666666665,Over,4,Over,1
Premier League,2021-2022,Jan 15 2022 - 5:30pm,Aston Villa,Manchester United,1.31,1.55,2.8600000000000003,1.104204545454545,1.7557954545454553,Over,4,Over,1
Premier League,2021-2022,Jan 16 2022 - 2:00pm,Liverpool,Brentford,2.35,1.32,3.67,0.7773611111111114,2.8926388888888885,Over,3,Over,1
Premier League,2021-2022,Jan 16 2022 - 2:00pm,West Ham United,Leeds United,1.73,1.47,3.2,0.8794871794871795,2.3205128205128207,Over,5,Over,1
Premier League,2021-2022,Jan 18 2022 - 8:00pm,Brighton & Hove Albion,Chelsea,1.7,1.67,3.37,1.4680952380952381,1.901904761904762,Over,2,Over,1
Premier League,2021-2022,Jan 19 2022 - 7:30pm,Leicester City,Tottenham Hotspur,1.54,1.58,3.12,1.1587500000000002,1.96125,Over,5,Over,1
Premier League,2021-2022,Jan 19 2022 - 8:00pm,Brentford,Manchester United,1.48,1.55,3.0300000000000002,1.3026315789473688,1.7273684210526314,Over,4,Over,1
Premier League,2021-2022,Jan 21 2022 - 8:00pm,Watford,Norwich City,1.42,1.16,2.58,1.434590163934426,1.145409836065574,Over,3,Over,1
Premier League,2021-2022,Jan 22 2022 - 12:30pm,Everton,Aston Villa,1.57,1.44,3.01,1.5558333333333332,1.4541666666666666,Over,1,Under,0
Premier League,2021-2022,Jan 22 2022 - 3:00pm,Brentford,Wolverhampton Wanderers,1.55,1.22,2.77,1.887755102040816,0.8822448979591839,Over,3,Over,1
Premier League,2021-2022,Jan 22 2022 - 3:00pm,Leeds United,Newcastle United,1.84,1.2,3.04,1.0855434782608693,1.9544565217391308,Over,1,Under,0
Premier League,2021-2022,Jan 22 2022 - 3:00pm,Manchester United,West Ham United,1.84,1.7,3.54,1.1960784313725492,2.343921568627451,Over,1,Under,0
Premier League,2021-2022,Jan 22 2022 - 5:30pm,Southampton,Manchester City,1.59,2.18,3.7700000000000005,0.43600000000000083,3.3339999999999996,Over,2,Over,1
Premier League,2021-2022,Jan 23 2022 - 2:00pm,Arsenal,Burnley,1.97,1.21,3.1799999999999997,1.2158823529411764,1.9641176470588233,Over,0,Under,0
Premier League,2021-2022,Jan 23 2022 - 2:00pm,Crystal Palace,Liverpool,1.73,2.26,3.9899999999999998,1.0855434782608693,2.9044565217391307,Over,4,Over,1
Premier League,2021-2022,Jan 23 2022 - 2:00pm,Leicester City,Brighton & Hove Albion,1.55,1.34,2.89,1.5272916666666665,1.3627083333333336,Over,2,Over,1
Premier League,2021-2022,Jan 23 2022 - 4:30pm,Chelsea,Tottenham Hotspur,2.11,1.73,3.84,1.4040983606557378,2.4359016393442623,Over,2,Over,1
Premier League,2021-2022,Feb 05 2022 - 6:00pm,Burnley,Watford,1.62,1.44,3.06,1.3081730769230773,1.7518269230769228,Over,0,Under,0
Premier League,2021-2022,Feb 08 2022 - 7:45pm,West Ham United,Watford,1.75,1.47,3.2199999999999998,0.707714285714286,2.5122857142857136,Over,1,Over,1
Premier League,2021-2022,Feb 08 2022 - 7:45pm,Newcastle United,Everton,1.44,1.48,2.92,1.399322033898305,1.520677966101695,Over,4,Over,1
Premier League,2021-2022,Feb 08 2022 - 8:00pm,Burnley,Manchester United,1.64,1.57,3.21,1.3123636363636364,1.8976363636363636,Over,2,Over,1
Premier League,2021-2022,Feb 09 2022 - 7:45pm,Norwich City,Crystal Palace,1.41,1.08,2.49,1.5109523809523806,0.9790476190476196,Over,2,Over,1
Premier League,2021-2022,Feb 09 2022 - 7:45pm,Tottenham Hotspur,Southampton,1.63,1.44,3.07,1.1383333333333332,1.9316666666666666,Over,5,Over,1
Premier League,2021-2022,Feb 09 2022 - 7:45pm,Manchester City,Brentford,2.45,1.27,3.72,-0.09260869565217389,3.812608695652174,Over,2,Over,1
Premier League,2021-2022,Feb 09 2022 - 8:00pm,Aston Villa,Leeds United,1.37,1.51,2.88,1.1074468085106381,1.7725531914893617,Over,6,Over,1
Premier League,2021-2022,Feb 10 2022 - 7:45pm,Wolverhampton Wanderers,Arsenal,1.43,1.49,2.92,1.7897959183673469,1.130204081632653,Over,1,Under,0
Premier League,2021-2022,Feb 10 2022 - 7:45pm,Liverpool,Leicester City,2.43,1.38,3.81,-0.10217391304347778,3.912173913043478,Over,2,Over,1
Premier League,2021-2022,Feb 12 2022 - 12:30pm,Manchester United,Southampton,1.83,1.54,3.37,1.2043269230769231,2.1656730769230768,Over,2,Over,1
Premier League,2021-2022,Feb 12 2022 - 3:00pm,Brentford,Crystal Palace,1.54,1.14,2.6799999999999997,1.6972972972972973,0.9827027027027024,Over,0,Under,0
Premier League,2021-2022,Feb 12 2022 - 3:00pm,Everton,Leeds United,1.57,1.56,3.13,1.3974999999999997,1.7325000000000002,Over,3,Over,1
Premier League,2021-2022,Feb 12 2022 - 3:00pm,Watford,Brighton & Hove Albion,1.47,1.4,2.87,1.7465517241379307,1.1234482758620694,Over,2,Over,1
Premier League,2021-2022,Feb 12 2022 - 5:30pm,Norwich City,Manchester City,1.36,2.23,3.59,0.2999999999999994,3.2900000000000005,Over,4,Over,1
Premier League,2021-2022,Feb 13 2022 - 2:00pm,Burnley,Liverpool,1.57,2.23,3.8,0.9000000000000001,2.8999999999999995,Over,1,Over,1
Premier League,2021-2022,Feb 13 2022 - 2:00pm,Newcastle United,Aston Villa,1.52,1.41,2.9299999999999997,1.372,1.5579999999999996,Over,1,Under,0
Premier League,2021-2022,Feb 13 2022 - 2:00pm,Tottenham Hotspur,Wolverhampton Wanderers,1.62,1.22,2.84,1.5958333333333334,1.2441666666666664,Over,2,Over,1
Premier League,2021-2022,Feb 13 2022 - 4:30pm,Leicester City,West Ham United,1.54,1.64,3.1799999999999997,1.2985344827586205,1.8814655172413792,Over,4,Over,1
Premier League,2021-2022,Feb 15 2022 - 8:15pm,Manchester United,Brighton & Hove Albion,1.83,1.41,3.24,1.3072321428571432,1.932767857142857,Over,2,Over,1
Premier League,2021-2022,Feb 19 2022 - 12:30pm,West Ham United,Newcastle United,1.72,1.27,2.99,1.3168103448275865,1.6731896551724137,Over,2,Over,1
Premier League,2021-2022,Feb 19 2022 - 3:00pm,Arsenal,Brentford,2.0,1.23,3.23,1.3655172413793104,1.8644827586206896,Over,3,Over,1
Premier League,2021-2022,Feb 19 2022 - 3:00pm,Aston Villa,Watford,1.37,1.42,2.79,1.4708955223880598,1.3191044776119403,Over,1,Under,0
Premier League,2021-2022,Feb 19 2022 - 3:00pm,Brighton & Hove Albion,Burnley,1.66,1.19,2.8499999999999996,1.6535135135135137,1.196486486486486,Over,3,Over,1
Premier League,2021-2022,Feb 19 2022 - 3:00pm,Crystal Palace,Chelsea,1.68,1.68,3.36,1.4488281249999997,1.9111718750000002,Over,1,Under,0
Premier League,2021-2022,Feb 19 2022 - 3:00pm,Liverpool,Norwich City,2.48,1.14,3.62,-0.1902272727272729,3.810227272727273,Over,4,Over,1
Premier League,2021-2022,Feb 19 2022 - 3:00pm,Southampton,Everton,1.52,1.46,2.98,1.2078999999999998,1.7721000000000002,Over,2,Over,1
Premier League,2021-2022,Feb 19 2022 - 5:30pm,Manchester City,Tottenham Hotspur,2.41,1.64,4.05,0.8592307692307699,3.19076923076923,Over,5,Over,1
Premier League,2021-2022,Feb 20 2022 - 2:00pm,Leeds United,Manchester United,1.84,1.63,3.4699999999999998,0.9934883720930234,2.4765116279069765,Over,6,Over,1
Premier League,2021-2022,Feb 20 2022 - 4:30pm,Wolverhampton Wanderers,Leicester City,1.48,1.32,2.8,1.682051282051282,1.1179487179487178,Over,3,Over,1
Premier League,2021-2022,Feb 23 2022 - 7:30pm,Burnley,Tottenham Hotspur,1.53,1.57,3.1,1.6104819277108433,1.4895180722891568,Over,1,Under,0
Premier League,2021-2022,Feb 23 2022 - 7:30pm,Watford,Crystal Palace,1.44,1.15,2.59,1.5433333333333332,1.0466666666666666,Over,5,Over,1
Premier League,2021-2022,Feb 23 2022 - 7:45pm,Liverpool,Leeds United,2.54,1.49,4.03,-0.12826086956521632,4.158260869565217,Over,6,Over,1
Premier League,2021-2022,Feb 24 2022 - 7:45pm,Arsenal,Wolverhampton Wanderers,2.08,1.21,3.29,1.6,1.69,Over,3,Over,1
Premier League,2021-2022,Feb 25 2022 - 8:00pm,Southampton,Norwich City,1.61,1.12,2.7300000000000004,1.2235576923076923,1.5064423076923081,Over,2,Over,1
Premier League,2021-2022,Feb 26 2022 - 12:30pm,Leeds United,Tottenham Hotspur,1.84,1.57,3.41,0.9205000000000003,2.4894999999999996,Over,4,Over,1
Premier League,2021-2022,Feb 26 2022 - 3:00pm,Brentford,Newcastle United,1.51,1.3,2.81,1.4640517241379312,1.3459482758620689,Over,2,Over,1
Premier League,2021-2022,Feb 26 2022 - 3:00pm,Crystal Palace,Burnley,1.62,1.2,2.8200000000000003,1.5333333333333332,1.286666666666667,Over,2,Over,1
Premier League,2021-2022,Feb 26 2022 - 3:00pm,Manchester United,Watford,1.87,1.39,3.26,1.0333333333333332,2.2266666666666666,Over,0,Under,0
Premier League,2021-2022,Feb 26 2022 - 3:30pm,Brighton & Hove Albion,Aston Villa,1.63,1.39,3.0199999999999996,1.5,1.5199999999999996,Over,2,Over,1
Premier League,2021-2022,Feb 26 2022 - 5:30pm,Everton,Manchester City,1.65,2.27,3.92,0.7824324324324328,3.137567567567567,Over,1,Over,1
Premier League,2021-2022,Feb 27 2022 - 2:00pm,West Ham United,Wolverhampton Wanderers,1.69,1.18,2.87,1.6380555555555554,1.2319444444444447,Over,1,Under,0
Premier League,2021-2022,Mar 01 2022 - 7:45pm,Burnley,Leicester City,1.56,1.41,2.9699999999999998,1.4614925373134329,1.5085074626865669,Over,2,Over,1
Premier League,2021-2022,Mar 05 2022 - 12:30pm,Leicester City,Leeds United,1.52,1.43,2.95,0.7285714285714289,2.2214285714285715,Over,1,Over,1
Premier League,2021-2022,Mar 05 2022 - 3:00pm,Aston Villa,Southampton,1.43,1.54,2.9699999999999998,1.4015625,1.5684374999999997,Over,4,Over,1
Premier League,2021-2022,Mar 05 2022 - 3:00pm,Burnley,Chelsea,1.54,1.65,3.19,1.6216463414634146,1.5683536585365854,Over,4,Over,1
Premier League,2021-2022,Mar 05 2022 - 3:00pm,Newcastle United,Brighton & Hove Albion,1.49,1.41,2.9,1.6473684210526316,1.2526315789473683,Over,3,Over,1
Premier League,2021-2022,Mar 05 2022 - 3:00pm,Norwich City,Brentford,1.33,1.2,2.5300000000000002,1.7420454545454542,0.787954545454546,Over,4,Over,1
Premier League,2021-2022,Mar 05 2022 - 3:00pm,Wolverhampton Wanderers,Crystal Palace,1.46,1.16,2.62,1.8318072289156624,0.7881927710843377,Over,2,Over,1
Premier League,2021-2022,Mar 05 2022 - 5:30pm,Liverpool,West Ham United,2.56,1.61,4.17,0.3999999999999999,3.77,Over,1,Over,1
Premier League,2021-2022,Mar 06 2022 - 2:00pm,Watford,Arsenal,1.4,1.48,2.88,0.854558823529411,2.025441176470589,Over,5,Over,1
Premier League,2021-2022,Mar 06 2022 - 4:30pm,Manchester City,Manchester United,2.44,1.66,4.1,0.9571428571428575,3.1428571428571423,Over,5,Over,1
Premier League,2021-2022,Mar 07 2022 - 8:00pm,Tottenham Hotspur,Everton,1.66,1.44,3.0999999999999996,1.2727272727272727,1.827272727272727,Over,5,Over,1
Premier League,2021-2022,Mar 10 2022 - 7:30pm,Wolverhampton Wanderers,Watford,1.49,1.37,2.8600000000000003,1.7577227722772277,1.1022772277227726,Over,4,Over,1
Premier League,2021-2022,Mar 10 2022 - 7:30pm,Southampton,Newcastle United,1.73,1.44,3.17,1.2260784313725488,1.9439215686274511,Over,3,Over,1
Premier League,2021-2022,Mar 10 2022 - 7:30pm,Norwich City,Chelsea,1.39,1.65,3.04,1.1770588235294115,1.8629411764705885,Over,4,Over,1
Premier League,2021-2022,Mar 10 2022 - 7:45pm,Leeds United,Aston Villa,1.85,1.38,3.23,1.0956521739130434,2.1343478260869566,Over,3,Over,1
Premier League,2021-2022,Mar 12 2022 - 12:30pm,Brighton & Hove Albion,Liverpool,1.6,2.17,3.77,0.8794871794871795,2.8905128205128205,Over,2,Over,1
Premier League,2021-2022,Mar 12 2022 - 3:00pm,Brentford,Burnley,1.47,1.2,2.67,1.6863380281690143,0.9836619718309856,Over,2,Over,1
Premier League,2021-2022,Mar 12 2022 - 5:30pm,Manchester United,Tottenham Hotspur,1.93,1.61,3.54,1.2235576923076923,2.3164423076923075,Over,5,Over,1
Premier League,2021-2022,Mar 13 2022 - 2:00pm,Chelsea,Newcastle United,2.1,1.42,3.52,0.900769230769231,2.619230769230769,Over,1,Over,1
Premier League,2021-2022,Mar 13 2022 - 2:00pm,Everton,Wolverhampton Wanderers,1.59,1.2,2.79,1.655357142857143,1.134642857142857,Over,1,Under,0
Premier League,2021-2022,Mar 13 2022 - 2:00pm,Leeds United,Norwich City,1.78,1.11,2.89,0.6992647058823531,2.190735294117647,Over,3,Over,1
Premier League,2021-2022,Mar 13 2022 - 2:00pm,Southampton,Watford,1.73,1.33,3.06,1.0833333333333333,1.9766666666666668,Over,3,Over,1
Premier League,2021-2022,Mar 13 2022 - 2:00pm,West Ham United,Aston Villa,1.68,1.42,3.0999999999999996,1.3227272727272732,1.7772727272727264,Over,3,Over,1
Premier League,2021-2022,Mar 13 2022 - 4:30pm,Arsenal,Leicester City,2.14,1.48,3.62,0.9837209302325582,2.6362790697674416,Over,2,Over,1
Premier League,2021-2022,Mar 14 2022 - 8:00pm,Crystal Palace,Manchester City,1.61,2.27,3.88,0.7773611111111114,3.1026388888888885,Over,0,Under,0
Premier League,2021-2022,Mar 16 2022 - 7:30pm,Brighton & Hove Albion,Tottenham Hotspur,1.57,1.6,3.17,1.4881355932203393,1.6818644067796606,Over,2,Over,1
Premier League,2021-2022,Mar 16 2022 - 8:15pm,Arsenal,Liverpool,2.15,2.17,4.32,0.9934883720930234,3.326511627906977,Over,2,Over,1
Premier League,2021-2022,Mar 17 2022 - 7:45pm,Everton,Newcastle United,1.55,1.39,2.94,1.3029411764705887,1.6370588235294112,Over,1,Under,0
Premier League,2021-2022,Mar 18 2022 - 8:00pm,Wolverhampton Wanderers,Leeds United,1.51,1.47,2.98,1.4463709677419352,1.5336290322580648,Over,5,Over,1
Premier League,2021-2022,Mar 19 2022 - 12:30pm,Aston Villa,Arsenal,1.46,1.51,2.9699999999999998,1.2578431372549017,1.712156862745098,Over,1,Under,0
Premier League,2021-2022,Mar 20 2022 - 2:00pm,Leicester City,Brentford,1.5,1.24,2.74,1.3479464285714289,1.3920535714285713,Over,3,Over,1
Premier League,2021-2022,Mar 20 2022 - 4:30pm,Tottenham Hotspur,West Ham United,1.67,1.6,3.27,0.9874999999999998,2.2825,Over,4,Over,1
Premier League,2021-2022,Apr 02 2022 - 11:30am,Liverpool,Watford,2.55,1.32,3.87,-0.20931818181818151,4.079318181818182,Over,2,Over,1
Premier League,2021-2022,Apr 02 2022 - 2:00pm,Brighton & Hove Albion,Norwich City,1.56,1.14,2.7,1.4892063492063494,1.2107936507936508,Over,0,Under,0
Premier League,2021-2022,Apr 02 2022 - 2:00pm,Burnley,Manchester City,1.48,2.26,3.7399999999999998,2.591071428571429,1.1489285714285709,Over,2,Under,0
Premier League,2021-2022,Apr 02 2022 - 2:00pm,Chelsea,Brentford,2.03,1.29,3.32,1.3227272727272732,1.9972727272727266,Over,5,Over,1
Premier League,2021-2022,Apr 02 2022 - 2:00pm,Leeds United,Southampton,1.79,1.52,3.31,0.9495121951219512,2.3604878048780487,Over,2,Over,1
Premier League,2021-2022,Apr 02 2022 - 2:00pm,Wolverhampton Wanderers,Aston Villa,1.54,1.44,2.98,1.7055624999999999,1.2744375000000001,Over,3,Over,1
Premier League,2021-2022,Apr 02 2022 - 4:30pm,Manchester United,Leicester City,1.89,1.44,3.33,0.707714285714286,2.622285714285714,Over,2,Over,1
Premier League,2021-2022,Apr 03 2022 - 1:00pm,West Ham United,Everton,1.68,1.39,3.07,1.4140983606557376,1.6559016393442623,Over,3,Over,1
Premier League,2021-2022,Apr 03 2022 - 3:30pm,Tottenham Hotspur,Newcastle United,1.68,1.43,3.11,1.2975000000000003,1.8124999999999996,Over,6,Over,1
Premier League,2021-2022,Apr 04 2022 - 7:00pm,Crystal Palace,Arsenal,1.55,1.5,3.05,1.5958333333333334,1.4541666666666664,Over,3,Over,1
Premier League,2021-2022,Apr 06 2022 - 6:30pm,Burnley,Everton,1.42,1.4,2.82,1.588,1.2319999999999998,Over,5,Over,1
Premier League,2021-2022,Apr 08 2022 - 7:00pm,Newcastle United,Wolverhampton Wanderers,1.47,1.23,2.7,1.7962365591397849,0.9037634408602153,Over,1,Under,0
Premier League,2021-2022,Apr 09 2022 - 11:30am,Everton,Manchester United,1.52,1.6,3.12,1.1159999999999997,2.0040000000000004,Over,1,Under,0
Premier League,2021-2022,Apr 09 2022 - 2:00pm,Arsenal,Brighton & Hove Albion,2.09,1.45,3.54,1.380357142857143,2.159642857142857,Over,3,Over,1
Premier League,2021-2022,Apr 09 2022 - 2:00pm,Southampton,Chelsea,1.74,1.67,3.41,0.9925000000000002,2.4175,Over,6,Over,1
Premier League,2021-2022,Apr 09 2022 - 2:00pm,Watford,Leeds United,1.42,1.49,2.91,1.02,1.8900000000000001,Over,3,Over,1
Premier League,2021-2022,Apr 09 2022 - 4:30pm,Aston Villa,Tottenham Hotspur,1.43,1.63,3.0599999999999996,1.2915094339622644,1.7684905660377352,Over,4,Over,1
Premier League,2021-2022,Apr 10 2022 - 1:00pm,Brentford,West Ham United,1.46,1.55,3.01,1.5,1.5099999999999998,Over,2,Over,1
Premier League,2021-2022,Apr 10 2022 - 1:00pm,Leicester City,Crystal Palace,1.5,1.2,2.7,1.426048387096774,1.2739516129032262,Over,3,Over,1
Premier League,2021-2022,Apr 10 2022 - 1:00pm,Norwich City,Burnley,1.38,1.19,2.57,1.7179878048780488,0.852012195121951,Over,2,Over,1
Premier League,2021-2022,Apr 10 2022 - 3:30pm,Manchester City,Liverpool,2.47,2.1,4.57,1.1074468085106381,3.462553191489362,Over,4,Over,1
Premier League,2021-2022,Apr 16 2022 - 11:30am,Tottenham Hotspur,Brighton & Hove Albion,1.7,1.42,3.12,1.4180952380952379,1.7019047619047623,Over,1,Under,0
Premier League,2021-2022,Apr 16 2022 - 2:00pm,Manchester United,Norwich City,1.88,1.11,2.99,0.8072368421052636,2.182763157894737,Over,5,Over,1
Premier League,2021-2022,Apr 16 2022 - 2:00pm,Southampton,Arsenal,1.67,1.51,3.1799999999999997,1.2326530612244895,1.9473469387755102,Over,1,Under,0
Premier League,2021-2022,Apr 16 2022 - 2:00pm,Watford,Brentford,1.41,1.33,2.74,1.5,1.2400000000000002,Over,3,Over,1
Premier League,2021-2022,Apr 17 2022 - 1:15pm,Newcastle United,Leicester City,1.47,1.44,2.91,1.4606060606060605,1.4493939393939397,Over,3,Over,1
Premier League,2021-2022,Apr 17 2022 - 1:15pm,West Ham United,Burnley,1.66,1.25,2.91,1.5284999999999997,1.3815000000000004,Over,2,Over,1
Premier League,2021-2022,Apr 19 2022 - 7:00pm,Liverpool,Manchester United,2.52,1.61,4.13,0.7978947368421054,3.3321052631578945,Over,4,Over,1
Premier League,2021-2022,Apr 20 2022 - 6:45pm,Everton,Leicester City,1.5,1.42,2.92,1.4161290322580644,1.5038709677419355,Over,2,Over,1
Premier League,2021-2022,Apr 20 2022 - 6:45pm,Chelsea,Arsenal,2.06,1.58,3.64,1.5097794117647056,2.1302205882352947,Over,6,Over,1
Premier League,2021-2022,Apr 20 2022 - 6:45pm,Newcastle United,Crystal Palace,1.5,1.2,2.7,1.6061805555555555,1.0938194444444447,Over,1,Under,0
Premier League,2021-2022,Apr 20 2022 - 7:00pm,Manchester City,Brighton & Hove Albion,2.41,1.43,3.84,0.8168421052631587,3.0231578947368414,Over,3,Over,1
Premier League,2021-2022,Apr 21 2022 - 6:45pm,Burnley,Southampton,1.44,1.54,2.98,1.5,1.48,Over,2,Over,1
Premier League,2021-2022,Apr 23 2022 - 11:30am,Arsenal,Manchester United,2.11,1.54,3.65,1.3817499999999996,2.26825,Over,4,Over,1
Premier League,2021-2022,Apr 23 2022 - 2:00pm,Leicester City,Aston Villa,1.49,1.46,2.95,1.3123636363636364,1.6376363636363638,Over,0,Under,0
Premier League,2021-2022,Apr 23 2022 - 2:00pm,Manchester City,Watford,2.4,1.29,3.69,0.26571428571428557,3.4242857142857144,Over,6,Over,1
Premier League,2021-2022,Apr 23 2022 - 2:00pm,Norwich City,Newcastle United,1.42,1.41,2.83,1.5180555555555557,1.3119444444444444,Over,3,Over,1
Premier League,2021-2022,Apr 23 2022 - 4:30pm,Brentford,Tottenham Hotspur,1.5,1.61,3.1100000000000003,1.3968103448275861,1.7131896551724142,Over,0,Under,0
Premier League,2021-2022,Apr 24 2022 - 1:00pm,Brighton & Hove Albion,Southampton,1.66,1.53,3.19,1.577142857142857,1.612857142857143,Over,4,Over,1
Premier League,2021-2022,Apr 24 2022 - 1:00pm,Burnley,Wolverhampton Wanderers,1.47,1.21,2.6799999999999997,1.718051948051948,0.9619480519480517,Over,1,Under,0
Premier League,2021-2022,Apr 24 2022 - 1:00pm,Chelsea,West Ham United,2.01,1.51,3.5199999999999996,1.3305084745762714,2.189491525423728,Over,1,Under,0
Premier League,2021-2022,Apr 24 2022 - 3:30pm,Liverpool,Everton,2.48,1.43,3.91,0.31928571428571395,3.590714285714286,Over,2,Over,1
Premier League,2021-2022,Apr 25 2022 - 7:00pm,Crystal Palace,Leeds United,1.52,1.48,3.0,1.3217543859649123,1.6782456140350877,Over,0,Under,0
Premier League,2021-2022,Apr 28 2022 - 6:45pm,Manchester United,Chelsea,1.92,1.73,3.65,1.1678999999999997,2.4821,Over,2,Over,1
Premier League,2021-2022,Apr 30 2022 - 11:30am,Newcastle United,Liverpool,1.49,2.04,3.5300000000000002,0.9874999999999998,2.5425000000000004,Over,1,Over,1
Premier League,2021-2022,Apr 30 2022 - 2:00pm,Aston Villa,Norwich City,1.5,1.14,2.6399999999999997,0.9874999999999998,1.6524999999999999,Over,2,Over,1
Premier League,2021-2022,Apr 30 2022 - 2:00pm,Southampton,Crystal Palace,1.64,1.2,2.84,1.3833333333333335,1.4566666666666663,Over,3,Over,1
Premier League,2021-2022,Apr 30 2022 - 2:00pm,Watford,Burnley,1.44,1.23,2.67,1.5,1.17,Over,3,Over,1
Premier League,2021-2022,Apr 30 2022 - 2:00pm,Wolverhampton Wanderers,Brighton & Hove Albion,1.53,1.39,2.92,1.839325842696629,1.080674157303371,Over,3,Over,1
Premier League,2021-2022,Apr 30 2022 - 4:30pm,Leeds United,Manchester City,1.77,2.26,4.029999999999999,0.6282352941176474,3.4017647058823517,Over,4,Over,1
Premier League,2021-2022,May 01 2022 - 1:00pm,Everton,Chelsea,1.5,1.77,3.27,1.4418181818181817,1.8281818181818184,Over,1,Under,0
Premier League,2021-2022,May 01 2022 - 1:00pm,Tottenham Hotspur,Leicester City,1.63,1.43,3.0599999999999996,0.9000000000000001,2.1599999999999993,Over,4,Over,1
Premier League,2021-2022,May 01 2022 - 3:30pm,West Ham United,Arsenal,1.72,1.58,3.3,1.403846153846154,1.8961538461538459,Over,3,Over,1
Premier League,2021-2022,May 02 2022 - 7:00pm,Manchester United,Brentford,1.86,1.36,3.22,1.2785714285714285,1.9414285714285717,Over,3,Over,1
Premier League,2021-2022,May 07 2022 - 2:00pm,Brentford,Southampton,1.51,1.56,3.0700000000000003,1.3399074074074078,1.7300925925925925,Over,3,Over,1
Premier League,2021-2022,May 07 2022 - 2:00pm,Burnley,Aston Villa,1.5,1.45,2.95,1.5102272727272723,1.4397727272727279,Over,4,Over,1
Premier League,2021-2022,May 07 2022 - 2:00pm,Chelsea,Wolverhampton Wanderers,2.06,1.23,3.29,1.355431034482759,1.9345689655172411,Over,4,Over,1
Premier League,2021-2022,May 07 2022 - 2:00pm,Crystal Palace,Watford,1.55,1.26,2.81,1.3655172413793104,1.4444827586206896,Over,1,Under,0
Premier League,2021-2022,May 07 2022 - 4:30pm,Brighton & Hove Albion,Manchester United,1.66,1.55,3.21,1.426048387096774,1.783951612903226,Over,4,Over,1
Premier League,2021-2022,May 07 2022 - 6:45pm,Liverpool,Tottenham Hotspur,2.46,1.58,4.04,0.7362500000000003,3.30375,Over,2,Over,1
Premier League,2021-2022,May 08 2022 - 1:00pm,Arsenal,Leeds United,2.09,1.46,3.55,0.5403225806451617,3.009677419354838,Over,3,Over,1
Premier League,2021-2022,May 08 2022 - 1:00pm,Leicester City,Everton,1.45,1.4,2.8499999999999996,1.4499999999999997,1.4,Over,3,Over,1
Premier League,2021-2022,May 08 2022 - 1:00pm,Norwich City,West Ham United,1.38,1.47,2.8499999999999996,1.2727272727272727,1.577272727272727,Over,4,Over,1
Premier League,2021-2022,May 08 2022 - 3:30pm,Manchester City,Newcastle United,2.4,1.42,3.82,0.4887096774193549,3.331290322580645,Over,5,Over,1
Premier League,2021-2022,May 10 2022 - 7:00pm,Aston Villa,Liverpool,1.53,2.08,3.6100000000000003,1.069574468085106,2.5404255319148943,Over,3,Over,1
Premier League,2021-2022,May 11 2022 - 6:30pm,Leeds United,Chelsea,1.72,1.79,3.51,1.1295918367346938,2.3804081632653062,Over,3,Over,1
Premier League,2021-2022,May 11 2022 - 6:45pm,Leicester City,Norwich City,1.5,1.12,2.62,0.9571428571428575,1.6628571428571426,Over,3,Over,1
Premier League,2021-2022,May 11 2022 - 6:45pm,Watford,Everton,1.44,1.39,2.83,1.4804477611940297,1.3495522388059704,Over,0,Under,0
Premier League,2021-2022,May 11 2022 - 7:15pm,Wolverhampton Wanderers,Manchester City,1.51,2.25,3.76,0.9205000000000003,2.8394999999999992,Over,6,Over,1
Premier League,2021-2022,May 12 2022 - 6:45pm,Tottenham Hotspur,Arsenal,1.65,1.59,3.24,1.3549090909090908,1.8850909090909094,Over,3,Over,1
Premier League,2021-2022,May 15 2022 - 11:00am,Tottenham Hotspur,Burnley,1.66,1.28,2.94,0.8531250000000004,2.0868749999999996,Over,1,Over,1
Premier League,2021-2022,May 15 2022 - 1:00pm,Aston Villa,Crystal Palace,1.53,1.23,2.76,1.4905797101449276,1.2694202898550722,Over,2,Over,1
Premier League,2021-2022,May 15 2022 - 1:00pm,Leeds United,Brighton & Hove Albion,1.65,1.43,3.08,1.2470588235294116,1.8329411764705885,Over,2,Over,1
Premier League,2021-2022,May 15 2022 - 1:00pm,Watford,Leicester City,1.4,1.4,2.8,1.1383333333333332,1.6616666666666666,Over,6,Over,1
Premier League,2021-2022,May 15 2022 - 1:00pm,West Ham United,Manchester City,1.69,2.23,3.92,0.6136363636363644,3.3063636363636357,Over,4,Over,1
Premier League,2021-2022,May 15 2022 - 1:00pm,Wolverhampton Wanderers,Norwich City,1.48,1.12,2.6,1.3074074074074076,1.2925925925925925,Over,2,Over,1
Premier League,2021-2022,May 15 2022 - 3:30pm,Everton,Brentford,1.49,1.37,2.8600000000000003,1.4098305084745761,1.4501694915254242,Over,5,Over,1
Premier League,2021-2022,May 16 2022 - 7:00pm,Newcastle United,Arsenal,1.45,1.57,3.02,1.2750000000000004,1.7449999999999997,Over,2,Over,1
Premier League,2021-2022,May 17 2022 - 6:45pm,Southampton,Liverpool,1.61,2.07,3.6799999999999997,0.17442307692307635,3.5055769230769234,Over,3,Over,1
Premier League,2021-2022,May 19 2022 - 6:45pm,Everton,Crystal Palace,1.48,1.26,2.74,1.3916666666666668,1.3483333333333334,Over,5,Over,1
Premier League,2021-2022,May 19 2022 - 7:00pm,Aston Villa,Burnley,1.53,1.26,2.79,1.355431034482759,1.4345689655172411,Over,2,Over,1
Premier League,2021-2022,May 19 2022 - 7:00pm,Chelsea,Leicester City,2.07,1.42,3.4899999999999998,1.3168103448275865,2.173189655172413,Over,2,Over,1
Premier League,2021-2022,May 22 2022 - 3:00pm,Arsenal,Everton,2.13,1.42,3.55,0.9292682926829272,2.6207317073170726,Over,6,Over,1
Premier League,2021-2022,May 22 2022 - 3:00pm,Brentford,Leeds United,1.52,1.41,2.9299999999999997,1.14,1.7899999999999998,Over,3,Over,1
Premier League,2021-2022,May 22 2022 - 3:00pm,Brighton & Hove Albion,West Ham United,1.69,1.49,3.1799999999999997,1.3272321428571432,1.8527678571428565,Over,4,Over,1
Premier League,2021-2022,May 22 2022 - 3:00pm,Burnley,Newcastle United,1.51,1.4,2.91,1.5829113924050633,1.3270886075949369,Over,3,Over,1
Premier League,2021-2022,May 22 2022 - 3:00pm,Chelsea,Watford,2.09,1.23,3.32,0.2544444444444447,3.065555555555555,Over,3,Over,1
Premier League,2021-2022,May 22 2022 - 3:00pm,Crystal Palace,Manchester United,1.58,1.56,3.14,1.1678999999999997,1.9721000000000004,Over,1,Under,0
Premier League,2021-2022,May 22 2022 - 3:00pm,Leicester City,Southampton,1.55,1.6,3.1500000000000004,0.9814772727272731,2.168522727272727,Over,5,Over,1
Premier League,2021-2022,May 22 2022 - 3:00pm,Liverpool,Wolverhampton Wanderers,2.46,1.24,3.7,0.37965517241379265,3.3203448275862075,Over,4,Over,1
Premier League,2021-2022,May 22 2022 - 3:00pm,Manchester City,Aston Villa,2.41,1.46,3.87,0.43600000000000083,3.4339999999999993,Over,5,Over,1
Premier League,2021-2022,May 22 2022 - 3:00pm,Norwich City,Tottenham Hotspur,1.37,1.55,2.92,0.36999999999999966,2.5500000000000003,Over,5,Over,1
Premier League,2022-2023,Aug 05 2022 - 7:00pm,Crystal Palace,Arsenal,0.0,0.0,0.0,1.3942622950819674,-1.3942622950819674,Under,2,Over,0
Premier League,2022-2023,Aug 06 2022 - 11:30am,Fulham,Liverpool,0.0,0.0,0.0,1.1166666666666665,-1.1166666666666665,Under,4,Over,0
Premier League,2022-2023,Aug 06 2022 - 2:00pm,AFC Bournemouth,Aston Villa,0.0,0.0,0.0,1.4437499999999996,-1.4437499999999996,Under,2,Over,0
Premier League,2022-2023,Aug 06 2022 - 2:00pm,Leeds United,Wolverhampton Wanderers,0.0,0.0,0.0,1.5291304347826085,-1.5291304347826085,Under,3,Over,0
Premier League,2022-2023,Aug 06 2022 - 2:00pm,Newcastle United,Nottingham Forest,0.0,0.0,0.0,1.4313559322033895,-1.4313559322033895,Under,2,Over,0
Premier League,2022-2023,Aug 06 2022 - 2:00pm,Tottenham Hotspur,Southampton,0.0,0.0,0.0,1.014888888888889,-1.014888888888889,Under,5,Over,0
Premier League,2022-2023,Aug 06 2022 - 4:30pm,Everton,Chelsea,0.0,0.0,0.0,1.3332727272727274,-1.3332727272727274,Under,1,Under,1
Premier League,2022-2023,Aug 07 2022 - 1:00pm,Leicester City,Brentford,0.0,0.0,0.0,1.2503773584905662,-1.2503773584905662,Under,4,Over,0
Premier League,2022-2023,Aug 07 2022 - 1:00pm,Manchester United,Brighton & Hove Albion,0.0,0.0,0.0,1.3942105263157896,-1.3942105263157896,Under,3,Over,0
Premier League,2022-2023,Aug 07 2022 - 3:30pm,West Ham United,Manchester City,0.0,0.0,0.0,1.1329411764705883,-1.1329411764705883,Under,2,Over,0
Premier League,2022-2023,Aug 13 2022 - 11:30am,Aston Villa,Everton,0.0,0.0,0.0,1.4450819672131145,-1.4450819672131145,Under,3,Over,0
Premier League,2022-2023,Aug 13 2022 - 2:00pm,Arsenal,Leicester City,0.0,0.0,0.0,1.3633333333333335,-1.3633333333333335,Under,6,Over,0
Premier League,2022-2023,Aug 13 2022 - 2:00pm,Brighton & Hove Albion,Newcastle United,0.0,0.0,0.0,1.5958333333333334,-1.5958333333333334,Under,0,Under,1
Premier League,2022-2023,Aug 13 2022 - 2:00pm,Manchester City,AFC Bournemouth,0.0,0.0,0.0,0.07920000000000016,-0.07920000000000016,Under,4,Over,0
Premier League,2022-2023,Aug 13 2022 - 2:00pm,Southampton,Leeds United,0.0,0.0,0.0,1.338688524590164,-1.338688524590164,Under,4,Over,0
Premier League,2022-2023,Aug 13 2022 - 2:00pm,Wolverhampton Wanderers,Fulham,0.0,0.0,0.0,1.5206060606060605,-1.5206060606060605,Under,0,Under,1
Premier League,2022-2023,Aug 13 2022 - 4:30pm,Brentford,Manchester United,0.0,0.0,0.0,1.2538461538461536,-1.2538461538461536,Under,4,Over,0
Premier League,2022-2023,Aug 14 2022 - 1:00pm,Nottingham Forest,West Ham United,0.0,0.0,0.0,1.3889830508474577,-1.3889830508474577,Under,1,Under,1
Premier League,2022-2023,Aug 14 2022 - 3:30pm,Chelsea,Tottenham Hotspur,0.0,0.0,0.0,1.1278409090909092,-1.1278409090909092,Under,4,Over,0
Premier League,2022-2023,Aug 15 2022 - 7:00pm,Liverpool,Crystal Palace,0.0,0.0,0.0,0.9558139534883723,-0.9558139534883723,Under,2,Over,0
Premier League,2022-2023,Aug 20 2022 - 11:30am,Tottenham Hotspur,Wolverhampton Wanderers,1.65,1.96,3.61,1.0833333333333333,2.5266666666666664,Over,1,Under,0
Premier League,2022-2023,Aug 20 2022 - 2:00pm,Crystal Palace,Aston Villa,1.35,1.08,2.43,1.661904761904762,0.7680952380952382,Over,4,Over,1
Premier League,2022-2023,Aug 20 2022 - 2:00pm,Everton,Nottingham Forest,1.26,0.71,1.97,1.5656249999999998,0.40437500000000015,Over,2,Over,1
Premier League,2022-2023,Aug 20 2022 - 2:00pm,Fulham,Brentford,1.23,1.14,2.37,1.434590163934426,0.935409836065574,Over,5,Over,1
Premier League,2022-2023,Aug 20 2022 - 2:00pm,Leicester City,Southampton,1.42,0.77,2.19,0.9495121951219512,1.2404878048780488,Over,3,Over,1
Premier League,2022-2023,Aug 20 2022 - 4:30pm,AFC Bournemouth,Arsenal,0.8,1.27,2.0700000000000003,1.2666666666666664,0.8033333333333339,Over,3,Over,1
Premier League,2022-2023,Aug 21 2022 - 1:00pm,Leeds United,Chelsea,1.51,2.11,3.62,1.338688524590164,2.281311475409836,Over,3,Over,1
Premier League,2022-2023,Aug 21 2022 - 1:00pm,West Ham United,Brighton & Hove Albion,0.72,1.67,2.3899999999999997,1.4896923076923079,0.9003076923076918,Over,2,Over,1
Premier League,2022-2023,Aug 21 2022 - 3:30pm,Newcastle United,Manchester City,2.93,1.59,4.5200000000000005,0.8805000000000007,3.6395,Over,6,Over,1
Premier League,2022-2023,Aug 22 2022 - 7:00pm,Manchester United,Liverpool,2.01,1.5,3.51,0.6136363636363644,2.8963636363636356,Over,3,Over,1
Premier League,2022-2023,Aug 27 2022 - 11:30am,Southampton,Manchester United,1.65,1.84,3.49,1.065978260869565,2.4240217391304353,Over,1,Under,0
Premier League,2022-2023,Aug 27 2022 - 2:00pm,Brentford,Everton,1.74,1.59,3.33,1.5201492537313435,1.8098507462686566,Over,2,Over,1
Premier League,2022-2023,Aug 27 2022 - 2:00pm,Brighton & Hove Albion,Leeds United,1.78,1.49,3.27,1.3272321428571432,1.9427678571428568,Over,1,Under,0
Premier League,2022-2023,Aug 27 2022 - 2:00pm,Chelsea,Leicester City,2.05,0.99,3.04,0.9101250000000005,2.1298749999999993,Over,3,Over,1
Premier League,2022-2023,Aug 27 2022 - 2:00pm,Liverpool,AFC Bournemouth,2.56,0.48,3.04,-0.0031250000000002665,3.0431250000000003,Over,9,Over,1
Premier League,2022-2023,Aug 27 2022 - 2:00pm,Manchester City,Crystal Palace,2.53,0.92,3.4499999999999997,0.15519230769230719,3.2948076923076925,Over,6,Over,1
Premier League,2022-2023,Aug 27 2022 - 4:30pm,Arsenal,Fulham,2.29,0.93,3.22,0.8917073170731711,2.328292682926829,Over,3,Over,1
Premier League,2022-2023,Aug 28 2022 - 1:00pm,Aston Villa,West Ham United,1.64,2.09,3.7299999999999995,1.0918604651162787,2.638139534883721,Over,1,Under,0
Premier League,2022-2023,Aug 28 2022 - 1:00pm,Wolverhampton Wanderers,Newcastle United,0.87,0.81,1.6800000000000002,1.5408955223880598,0.13910447761194034,Over,2,Over,1
Premier League,2022-2023,Aug 28 2022 - 3:30pm,Nottingham Forest,Tottenham Hotspur,1.72,1.06,2.7800000000000002,1.1484374999999998,1.6315625000000005,Over,2,Over,1
Premier League,2022-2023,Aug 30 2022 - 6:30pm,Crystal Palace,Brentford,1.84,1.48,3.3200000000000003,1.5865243902439023,1.733475609756098,Over,2,Over,1
Premier League,2022-2023,Aug 30 2022 - 6:30pm,Fulham,Brighton & Hove Albion,1.73,1.49,3.2199999999999998,1.5297794117647057,1.690220588235294,Over,3,Over,1
Premier League,2022-2023,Aug 30 2022 - 6:45pm,Southampton,Chelsea,1.87,1.91,3.7800000000000002,0.8900000000000006,2.8899999999999997,Over,3,Over,1
Premier League,2022-2023,Aug 30 2022 - 7:00pm,Leeds United,Everton,1.59,1.63,3.2199999999999998,1.5,1.7199999999999998,Over,2,Over,1
Premier League,2022-2023,Aug 31 2022 - 6:30pm,AFC Bournemouth,Wolverhampton Wanderers,0.85,1.87,2.72,1.5938356164383563,1.126164383561644,Over,0,Under,0
Premier League,2022-2023,Aug 31 2022 - 6:30pm,Arsenal,Aston Villa,2.47,1.34,3.8100000000000005,1.0089285714285712,2.8010714285714293,Over,3,Over,1
Premier League,2022-2023,Aug 31 2022 - 6:30pm,Manchester City,Nottingham Forest,2.4,1.12,3.52,2.6925925925925926,0.8274074074074074,Over,6,Over,1
Premier League,2022-2023,Aug 31 2022 - 6:45pm,West Ham United,Tottenham Hotspur,1.07,1.54,2.6100000000000003,1.0043902439024388,1.6056097560975615,Over,2,Over,1
Premier League,2022-2023,Aug 31 2022 - 7:00pm,Liverpool,Newcastle United,2.69,1.66,4.35,0.7824324324324328,3.5675675675675667,Over,3,Over,1
Premier League,2022-2023,Sep 01 2022 - 7:00pm,Leicester City,Manchester United,1.28,1.69,2.9699999999999998,1.01875,1.9512499999999997,Over,1,Under,0
Premier League,2022-2023,Sep 03 2022 - 11:30am,Everton,Liverpool,1.79,1.83,3.62,0.8531250000000004,2.7668749999999998,Over,0,Under,0
Premier League,2022-2023,Sep 03 2022 - 2:00pm,Brentford,Leeds United,1.94,1.31,3.25,1.1875000000000002,2.0625,Over,7,Over,1
Premier League,2022-2023,Sep 03 2022 - 2:00pm,Newcastle United,Crystal Palace,2.26,0.85,3.11,1.4040983606557378,1.705901639344262,Over,0,Under,0
Premier League,2022-2023,Sep 03 2022 - 2:00pm,Nottingham Forest,AFC Bournemouth,1.78,0.59,2.37,1.4546666666666666,0.9153333333333336,Over,5,Over,1
Premier League,2022-2023,Sep 03 2022 - 2:00pm,Tottenham Hotspur,Fulham,1.46,1.06,2.52,1.0787234042553189,1.4412765957446811,Over,3,Over,1
Premier League,2022-2023,Sep 03 2022 - 2:00pm,Wolverhampton Wanderers,Southampton,1.1,1.01,2.1100000000000003,1.5192753623188406,0.5907246376811597,Over,1,Under,0
Premier League,2022-2023,Sep 03 2022 - 2:00pm,Chelsea,West Ham United,1.53,1.6,3.13,1.0526666666666664,2.0773333333333337,Over,3,Over,1
Premier League,2022-2023,Sep 03 2022 - 4:30pm,Aston Villa,Manchester City,1.54,2.08,3.62,0.6136363636363644,3.006363636363636,Over,2,Over,1
Premier League,2022-2023,Sep 04 2022 - 1:00pm,Brighton & Hove Albion,Leicester City,1.67,1.67,3.34,1.3243396226415096,2.0156603773584902,Over,7,Over,1
Premier League,2022-2023,Sep 04 2022 - 3:30pm,Manchester United,Arsenal,1.72,1.47,3.19,1.0387499999999996,2.15125,Over,4,Over,1
Premier League,2022-2023,Sep 16 2022 - 7:00pm,Aston Villa,Southampton,1.22,1.19,2.41,1.4063709677419354,1.0036290322580648,Over,1,Under,0
Premier League,2022-2023,Sep 16 2022 - 7:00pm,Nottingham Forest,Fulham,1.66,1.09,2.75,1.4795384615384615,1.2704615384615385,Over,5,Over,1
Premier League,2022-2023,Sep 17 2022 - 11:30am,Wolverhampton Wanderers,Manchester City,1.11,1.94,3.05,0.8494871794871799,2.20051282051282,Over,3,Over,1
Premier League,2022-2023,Sep 17 2022 - 2:00pm,Newcastle United,AFC Bournemouth,2.35,0.77,3.12,1.2765740740740739,1.8434259259259262,Over,2,Over,1
Premier League,2022-2023,Sep 17 2022 - 4:30pm,Tottenham Hotspur,Leicester City,1.91,1.44,3.3499999999999996,0.8592307692307699,2.4907692307692297,Over,8,Over,1
Premier League,2022-2023,Sep 18 2022 - 11:00am,Brentford,Arsenal,1.9,1.62,3.52,0.9392682926829272,2.5807317073170726,Over,3,Over,1
Premier League,2022-2023,Sep 18 2022 - 1:15pm,Everton,West Ham United,1.69,1.42,3.11,1.518450704225352,1.5915492957746478,Over,1,Under,0
Premier League,2022-2023,Oct 01 2022 - 11:30am,Arsenal,Tottenham Hotspur,2.5,1.51,4.01,1.2985344827586205,2.711465517241379,Over,4,Over,1
Premier League,2022-2023,Oct 01 2022 - 2:00pm,AFC Bournemouth,Brentford,0.84,1.44,2.28,1.6196202531645572,0.6603797468354426,Over,0,Under,0
Premier League,2022-2023,Oct 01 2022 - 2:00pm,Crystal Palace,Chelsea,1.74,1.8,3.54,1.59,1.95,Over,3,Over,1
Premier League,2022-2023,Oct 01 2022 - 2:00pm,Fulham,Newcastle United,1.57,1.35,2.92,1.4804477611940297,1.4395522388059703,Over,5,Over,1
Premier League,2022-2023,Oct 01 2022 - 2:00pm,Liverpool,Brighton & Hove Albion,2.7,1.4,4.1,0.9000000000000001,3.1999999999999993,Over,6,Over,1
Premier League,2022-2023,Oct 01 2022 - 2:00pm,Southampton,Everton,1.71,1.36,3.0700000000000003,1.5374647887323944,1.5325352112676058,Over,3,Over,1
Premier League,2022-2023,Oct 01 2022 - 4:30pm,West Ham United,Wolverhampton Wanderers,1.23,1.92,3.15,1.3550961538461535,1.7949038461538465,Over,2,Over,1
Premier League,2022-2023,Oct 02 2022 - 1:00pm,Manchester City,Manchester United,2.34,1.53,3.87,0.6694285714285715,3.2005714285714286,Over,9,Over,1
Premier League,2022-2023,Oct 02 2022 - 3:30pm,Leeds United,Aston Villa,1.73,1.17,2.9,0.958461538461538,1.9415384615384619,Over,0,Under,0
Premier League,2022-2023,Oct 03 2022 - 7:00pm,Leicester City,Nottingham Forest,1.26,1.0,2.26,1.0880851063829788,1.171914893617021,Over,4,Over,1
Premier League,2022-2023,Oct 08 2022 - 2:00pm,AFC Bournemouth,Leicester City,0.81,1.67,2.48,1.1889795918367343,1.2910204081632657,Over,3,Over,1
Premier League,2022-2023,Oct 08 2022 - 2:00pm,Chelsea,Wolverhampton Wanderers,1.51,1.91,3.42,1.3171428571428574,2.1028571428571423,Over,3,Over,1
Premier League,2022-2023,Oct 08 2022 - 2:00pm,Manchester City,Southampton,2.39,1.11,3.5,-0.7200000000000006,4.220000000000001,Over,4,Over,1
Premier League,2022-2023,Oct 08 2022 - 2:00pm,Newcastle United,Brentford,2.41,1.47,3.88,1.2666666666666664,2.6133333333333333,Over,6,Over,1
Premier League,2022-2023,Oct 08 2022 - 4:30pm,Brighton & Hove Albion,Tottenham Hotspur,2.02,1.38,3.4,1.1748888888888886,2.2251111111111115,Over,1,Under,0
Premier League,2022-2023,Oct 09 2022 - 1:00pm,Crystal Palace,Leeds United,1.57,1.53,3.1,1.3415789473684212,1.7584210526315789,Over,3,Over,1
Premier League,2022-2023,Oct 09 2022 - 1:00pm,West Ham United,Fulham,1.39,1.31,2.7,1.1692708333333335,1.5307291666666667,Over,4,Over,1
Premier League,2022-2023,Oct 09 2022 - 3:30pm,Arsenal,Liverpool,2.59,2.07,4.66,0.9000000000000001,3.76,Over,5,Over,1
Premier League,2022-2023,Oct 09 2022 - 6:00pm,Everton,Manchester United,1.57,1.55,3.12,1.3272321428571432,1.792767857142857,Over,3,Over,1
Premier League,2022-2023,Oct 10 2022 - 7:00pm,Nottingham Forest,Aston Villa,1.53,1.43,2.96,1.3549090909090908,1.6050909090909091,Over,2,Over,1
Premier League,2022-2023,Oct 14 2022 - 7:00pm,Brentford,Brighton & Hove Albion,1.63,1.36,2.99,1.5482142857142855,1.4417857142857147,Over,2,Over,1
Premier League,2022-2023,Oct 15 2022 - 11:30am,Leicester City,Crystal Palace,1.44,1.32,2.76,1.202083333333333,1.5579166666666668,Over,0,Under,0
Premier League,2022-2023,Oct 15 2022 - 2:00pm,Fulham,AFC Bournemouth,1.34,0.9,2.24,1.2399999999999998,1.0000000000000004,Over,4,Over,1
Premier League,2022-2023,Oct 15 2022 - 2:00pm,Wolverhampton Wanderers,Nottingham Forest,1.04,1.04,2.08,1.4894531250000003,0.5905468749999998,Over,1,Under,0
Premier League,2022-2023,Oct 15 2022 - 4:30pm,Tottenham Hotspur,Everton,1.92,1.45,3.37,1.1380851063829784,2.231914893617022,Over,2,Over,1
Premier League,2022-2023,Oct 16 2022 - 1:00pm,Aston Villa,Chelsea,1.26,1.74,3.0,1.2249999999999999,1.7750000000000001,Over,2,Over,1
Premier League,2022-2023,Oct 16 2022 - 1:00pm,Leeds United,Arsenal,1.49,1.67,3.16,0.9195121951219511,2.240487804878049,Over,1,Over,1
Premier League,2022-2023,Oct 16 2022 - 1:00pm,Manchester United,Newcastle United,1.6,1.62,3.22,1.0526666666666664,2.1673333333333336,Over,0,Under,0
Premier League,2022-2023,Oct 16 2022 - 1:00pm,Southampton,West Ham United,1.84,1.5,3.34,1.2399999999999998,2.1,Over,2,Over,1
Premier League,2022-2023,Oct 16 2022 - 3:30pm,Liverpool,Manchester City,2.65,1.96,4.609999999999999,0.5381250000000006,4.071874999999999,Over,1,Over,1
Premier League,2022-2023,Oct 18 2022 - 6:30pm,Brighton & Hove Albion,Nottingham Forest,1.97,1.06,3.0300000000000002,1.2921818181818185,1.7378181818181817,Over,0,Under,0
Premier League,2022-2023,Oct 18 2022 - 7:15pm,Crystal Palace,Wolverhampton Wanderers,1.57,1.75,3.3200000000000003,1.6344155844155845,1.6855844155844157,Over,3,Over,1
Premier League,2022-2023,Oct 19 2022 - 6:30pm,AFC Bournemouth,Southampton,0.94,1.01,1.95,1.6147058823529412,0.33529411764705874,Over,1,Under,0
Premier League,2022-2023,Oct 19 2022 - 6:30pm,Brentford,Chelsea,1.5,1.65,3.15,1.3437500000000004,1.8062499999999995,Over,0,Under,0
Premier League,2022-2023,Oct 19 2022 - 6:30pm,Newcastle United,Everton,2.32,1.25,3.57,1.355431034482759,2.214568965517241,Over,1,Under,0
Premier League,2022-2023,Oct 19 2022 - 6:30pm,Liverpool,West Ham United,2.4,1.71,4.109999999999999,0.7632432432432434,3.346756756756756,Over,1,Over,1
Premier League,2022-2023,Oct 19 2022 - 7:15pm,Manchester United,Tottenham Hotspur,1.69,1.32,3.01,0.9292682926829272,2.0807317073170726,Over,2,Over,1
Premier League,2022-2023,Oct 20 2022 - 6:30pm,Fulham,Aston Villa,1.51,1.44,2.95,1.3693749999999996,1.5806250000000006,Over,3,Over,1
Premier League,2022-2023,Oct 20 2022 - 7:15pm,Leicester City,Leeds United,1.52,1.51,3.0300000000000002,1.2138461538461536,1.8161538461538467,Over,2,Over,1
Premier League,2022-2023,Oct 22 2022 - 11:30am,Nottingham Forest,Liverpool,1.43,1.83,3.26,0.7364864864864868,2.523513513513513,Over,1,Over,1
Premier League,2022-2023,Oct 22 2022 - 2:00pm,Everton,Crystal Palace,1.5,1.23,2.73,1.54,1.19,Over,3,Over,1
Premier League,2022-2023,Oct 22 2022 - 2:00pm,Manchester City,Brighton & Hove Albion,2.41,1.59,4.0,0.2544444444444447,3.7455555555555553,Over,4,Over,1
Premier League,2022-2023,Oct 22 2022 - 4:30pm,Chelsea,Manchester United,1.69,1.55,3.24,1.36,1.8800000000000001,Over,2,Over,1
Premier League,2022-2023,Oct 23 2022 - 1:00pm,Aston Villa,Brentford,1.42,1.43,2.8499999999999996,1.3437500000000004,1.5062499999999992,Over,4,Over,1
Premier League,2022-2023,Oct 23 2022 - 1:00pm,Leeds United,Fulham,1.59,1.26,2.85,1.2235576923076923,1.6264423076923078,Over,5,Over,1
Premier League,2022-2023,Oct 23 2022 - 1:00pm,Southampton,Arsenal,1.75,1.61,3.3600000000000003,0.8794871794871795,2.480512820512821,Over,2,Over,1
Premier League,2022-2023,Oct 23 2022 - 1:00pm,Wolverhampton Wanderers,Leicester City,1.12,1.59,2.71,1.372,1.3379999999999999,Over,4,Over,1
Premier League,2022-2023,Oct 23 2022 - 3:30pm,Tottenham Hotspur,Newcastle United,2.02,1.51,3.5300000000000002,1.0569767441860463,2.473023255813954,Over,3,Over,1
Premier League,2022-2023,Oct 24 2022 - 7:00pm,West Ham United,AFC Bournemouth,1.49,0.99,2.48,1.116279069767442,1.363720930232558,Over,2,Over,1
Premier League,2022-2023,Oct 29 2022 - 11:30am,Leicester City,Manchester City,1.4,1.98,3.38,-0.07217391304347665,3.4521739130434765,Over,1,Over,1
Premier League,2022-2023,Oct 29 2022 - 2:00pm,AFC Bournemouth,Tottenham Hotspur,1.1,1.27,2.37,1.1692708333333335,1.2007291666666666,Over,5,Over,1
Premier League,2022-2023,Oct 29 2022 - 2:00pm,Brentford,Wolverhampton Wanderers,1.47,1.68,3.15,1.5709333333333335,1.5790666666666664,Over,2,Over,1
Premier League,2022-2023,Oct 29 2022 - 2:00pm,Brighton & Hove Albion,Chelsea,2.02,1.7,3.7199999999999998,1.3511111111111112,2.368888888888889,Over,5,Over,1
Premier League,2022-2023,Oct 29 2022 - 2:00pm,Crystal Palace,Southampton,1.59,1.03,2.62,1.4785714285714284,1.1414285714285717,Over,1,Under,0
Premier League,2022-2023,Oct 29 2022 - 2:00pm,Newcastle United,Aston Villa,2.23,1.46,3.69,1.4817142857142855,2.208285714285714,Over,4,Over,1
Premier League,2022-2023,Oct 29 2022 - 4:30pm,Fulham,Everton,1.63,1.11,2.74,1.1608695652173908,1.5791304347826094,Over,0,Under,0
Premier League,2022-2023,Oct 29 2022 - 6:45pm,Liverpool,Leeds United,2.38,1.49,3.87,-0.4147500000000002,4.284750000000001,Over,3,Over,1
Premier League,2022-2023,Oct 30 2022 - 2:00pm,Arsenal,Nottingham Forest,2.4,0.95,3.3499999999999996,0.4887096774193549,2.8612903225806448,Over,5,Over,1
Premier League,2022-2023,Oct 30 2022 - 4:15pm,Manchester United,West Ham United,1.96,1.62,3.58,1.3475409836065577,2.2324590163934426,Over,1,Under,0
Premier League,2022-2023,Nov 05 2022 - 3:00pm,Leeds United,AFC Bournemouth,1.61,0.98,2.59,1.1960784313725492,1.3939215686274506,Over,7,Over,1
Premier League,2022-2023,Nov 05 2022 - 3:00pm,Manchester City,Fulham,2.22,1.28,3.5,-0.3342857142857145,3.8342857142857145,Over,3,Over,1
Premier League,2022-2023,Nov 05 2022 - 3:00pm,Nottingham Forest,Brentford,1.43,1.4,2.83,1.4329999999999998,1.3970000000000002,Over,4,Over,1
Premier League,2022-2023,Nov 05 2022 - 3:00pm,Wolverhampton Wanderers,Brighton & Hove Albion,1.32,1.53,2.85,1.5201492537313435,1.3298507462686566,Over,5,Over,1
Premier League,2022-2023,Nov 05 2022 - 5:30pm,Everton,Leicester City,1.51,1.49,3.0,1.4329999999999998,1.5670000000000002,Over,2,Over,1
Premier League,2022-2023,Nov 06 2022 - 12:00pm,Chelsea,Arsenal,1.56,1.56,3.12,1.3074074074074076,1.8125925925925925,Over,1,Under,0
Premier League,2022-2023,Nov 06 2022 - 2:00pm,Aston Villa,Manchester United,1.53,1.57,3.1,1.270566037735849,1.8294339622641511,Over,4,Over,1
Premier League,2022-2023,Nov 06 2022 - 2:00pm,Southampton,Newcastle United,1.67,1.55,3.2199999999999998,1.2214285714285715,1.9985714285714282,Over,5,Over,1
Premier League,2022-2023,Nov 06 2022 - 2:00pm,West Ham United,Crystal Palace,1.57,1.18,2.75,1.4557377049180327,1.2942622950819673,Over,3,Over,1
Premier League,2022-2023,Nov 06 2022 - 4:30pm,Tottenham Hotspur,Liverpool,2.0,1.89,3.8899999999999997,1.0387499999999996,2.8512500000000003,Over,3,Over,1
Premier League,2022-2023,Nov 12 2022 - 12:30pm,Manchester City,Brentford,2.18,1.34,3.5200000000000005,-1.0437499999999993,4.56375,Over,3,Over,1
Premier League,2022-2023,Nov 12 2022 - 3:00pm,AFC Bournemouth,Everton,1.09,1.12,2.21,1.5,0.71,Over,3,Over,1
Premier League,2022-2023,Nov 12 2022 - 3:00pm,Liverpool,Southampton,2.44,1.15,3.59,0.35172413793103363,3.2382758620689662,Over,4,Over,1
Premier League,2022-2023,Nov 12 2022 - 3:00pm,Nottingham Forest,Crystal Palace,1.53,1.26,2.79,1.5874647887323943,1.2025352112676058,Over,1,Under,0
Premier League,2022-2023,Nov 12 2022 - 3:00pm,Tottenham Hotspur,Leeds United,1.99,1.53,3.52,0.8794871794871795,2.6405128205128205,Over,7,Over,1
Premier League,2022-2023,Nov 12 2022 - 3:00pm,West Ham United,Leicester City,1.46,1.62,3.08,1.268823529411765,1.8111764705882352,Over,2,Over,1
Premier League,2022-2023,Nov 12 2022 - 5:30pm,Newcastle United,Chelsea,2.23,1.75,3.98,1.4499999999999997,2.5300000000000002,Over,1,Under,0
Premier League,2022-2023,Nov 12 2022 - 7:45pm,Wolverhampton Wanderers,Arsenal,1.33,1.57,2.9000000000000004,1.3398305084745765,1.5601694915254238,Over,2,Over,1
Premier League,2022-2023,Nov 13 2022 - 2:00pm,Brighton & Hove Albion,Aston Villa,2.04,1.31,3.35,1.470227272727273,1.8797727272727272,Over,3,Over,1
Premier League,2022-2023,Nov 13 2022 - 4:30pm,Fulham,Manchester United,1.77,1.53,3.3,0.9392682926829272,2.360731707317073,Over,3,Over,1
Premier League,2022-2023,Dec 26 2022 - 12:30pm,Brentford,Tottenham Hotspur,1.45,1.5,2.95,1.4147727272727273,1.5352272727272729,Over,4,Over,1
Premier League,2022-2023,Dec 26 2022 - 3:00pm,Crystal Palace,Fulham,1.62,1.19,2.81,1.4795384615384615,1.3304615384615386,Over,3,Over,1
Premier League,2022-2023,Dec 26 2022 - 3:00pm,Everton,Wolverhampton Wanderers,1.51,1.67,3.1799999999999997,1.6400000000000001,1.5399999999999996,Over,3,Over,1
Premier League,2022-2023,Dec 26 2022 - 3:00pm,Leicester City,Newcastle United,1.38,1.49,2.87,1.3272321428571432,1.542767857142857,Over,3,Over,1
Premier League,2022-2023,Dec 26 2022 - 3:00pm,Southampton,Brighton & Hove Albion,1.7,1.64,3.34,1.4488281249999997,1.8911718750000002,Over,4,Over,1
Premier League,2022-2023,Dec 26 2022 - 5:30pm,Aston Villa,Liverpool,1.45,1.85,3.3,0.8900000000000006,2.4099999999999993,Over,4,Over,1
Premier League,2022-2023,Dec 26 2022 - 8:00pm,Arsenal,West Ham United,2.46,1.62,4.08,1.3398305084745765,2.7401694915254238,Over,4,Over,1
Premier League,2022-2023,Dec 27 2022 - 5:30pm,Chelsea,AFC Bournemouth,1.43,0.97,2.4,0.788333333333334,1.611666666666666,Over,2,Over,1
Premier League,2022-2023,Dec 27 2022 - 8:00pm,Manchester United,Nottingham Forest,1.92,0.92,2.84,0.8368421052631585,2.0031578947368414,Over,3,Over,1
Premier League,2022-2023,Dec 28 2022 - 8:00pm,Leeds United,Manchester City,1.66,2.0,3.66,0.479354838709678,3.180645161290322,Over,4,Over,1
Premier League,2022-2023,Dec 30 2022 - 7:45pm,West Ham United,Brentford,1.55,1.36,2.91,1.2170212765957444,1.6929787234042557,Over,2,Over,1
Premier League,2022-2023,Dec 30 2022 - 8:00pm,Liverpool,Leicester City,2.38,1.54,3.92,0.4106896551724146,3.5093103448275853,Over,3,Over,1
Premier League,2022-2023,Dec 31 2022 - 12:30pm,Wolverhampton Wanderers,Manchester United,1.32,1.58,2.9000000000000004,1.4437499999999996,1.4562500000000007,Over,1,Under,0
Premier League,2022-2023,Dec 31 2022 - 3:00pm,AFC Bournemouth,Crystal Palace,1.18,1.23,2.41,1.6588235294117648,0.7511764705882353,Over,2,Over,1
Premier League,2022-2023,Dec 31 2022 - 3:00pm,Fulham,Southampton,1.79,1.18,2.9699999999999998,1.3305084745762714,1.6394915254237283,Over,3,Over,1
Premier League,2022-2023,Dec 31 2022 - 3:00pm,Manchester City,Everton,2.29,1.19,3.48,0.2999999999999994,3.1800000000000006,Over,2,Over,1
Premier League,2022-2023,Dec 31 2022 - 3:00pm,Newcastle United,Leeds United,2.11,1.53,3.6399999999999997,0.8794871794871795,2.76051282051282,Over,0,Under,0
Premier League,2022-2023,Dec 31 2022 - 5:30pm,Brighton & Hove Albion,Arsenal,1.92,1.59,3.51,1.3992063492063493,2.1107936507936502,Over,6,Over,1
Premier League,2022-2023,Jan 01 2023 - 2:00pm,Tottenham Hotspur,Aston Villa,1.98,1.27,3.25,1.0348837209302326,2.2151162790697674,Over,2,Over,1
Premier League,2022-2023,Jan 01 2023 - 4:30pm,Nottingham Forest,Chelsea,1.46,1.63,3.09,0.9961538461538457,2.093846153846154,Over,2,Over,1
Premier League,2022-2023,Jan 02 2023 - 5:30pm,Brentford,Liverpool,1.44,1.88,3.32,0.8267105263157897,2.49328947368421,Over,4,Over,1
Premier League,2022-2023,Jan 03 2023 - 7:45pm,Arsenal,Newcastle United,2.4,1.47,3.87,1.2058823529411762,2.664117647058824,Over,0,Under,0
Premier League,2022-2023,Jan 03 2023 - 7:45pm,Everton,Brighton & Hove Albion,1.52,1.61,3.13,1.4185344827586204,1.7114655172413795,Over,5,Over,1
Premier League,2022-2023,Jan 03 2023 - 7:45pm,Leicester City,Fulham,1.35,1.38,2.73,1.1380851063829784,1.5919148936170215,Over,1,Under,0
Premier League,2022-2023,Jan 03 2023 - 8:00pm,Manchester United,AFC Bournemouth,1.96,1.02,2.98,0.6977142857142855,2.2822857142857145,Over,3,Over,1
Premier League,2022-2023,Jan 04 2023 - 7:30pm,Southampton,Nottingham Forest,1.68,0.95,2.63,1.5570422535211268,1.072957746478873,Over,1,Under,0
Premier League,2022-2023,Jan 04 2023 - 7:45pm,Leeds United,West Ham United,1.58,1.56,3.14,1.3121052631578949,1.8278947368421052,Over,4,Over,1
Premier League,2022-2023,Jan 04 2023 - 8:00pm,Aston Villa,Wolverhampton Wanderers,1.47,1.6,3.0700000000000003,1.5482142857142855,1.5217857142857147,Over,2,Over,1
Premier League,2022-2023,Jan 04 2023 - 8:00pm,Crystal Palace,Tottenham Hotspur,1.46,1.58,3.04,1.4390624999999997,1.6009375000000003,Over,4,Over,1
Premier League,2022-2023,Jan 05 2023 - 8:00pm,Chelsea,Manchester City,1.48,2.1,3.58,1.127659574468085,2.452340425531915,Over,1,Under,0
Premier League,2022-2023,Jan 12 2023 - 8:00pm,Fulham,Chelsea,1.71,1.56,3.27,1.3035593220338981,1.966440677966102,Over,3,Over,1
Premier League,2022-2023,Jan 13 2023 - 8:00pm,Aston Villa,Leeds United,1.49,1.45,2.94,1.335775862068966,1.604224137931034,Over,3,Over,1
Premier League,2022-2023,Jan 14 2023 - 12:30pm,Manchester United,Manchester City,1.98,2.04,4.02,1.0137209302325578,3.0062790697674417,Over,3,Over,1
Premier League,2022-2023,Jan 14 2023 - 3:00pm,Brighton & Hove Albion,Liverpool,1.86,1.89,3.75,0.8267105263157897,2.9232894736842105,Over,3,Over,1
Premier League,2022-2023,Jan 14 2023 - 3:00pm,Everton,Southampton,1.5,1.18,2.6799999999999997,1.4775409836065572,1.2024590163934425,Over,3,Over,1
Premier League,2022-2023,Jan 14 2023 - 3:00pm,Nottingham Forest,Leicester City,1.47,1.48,2.95,1.3332727272727274,1.6167272727272728,Over,2,Over,1
Premier League,2022-2023,Jan 14 2023 - 3:00pm,Wolverhampton Wanderers,West Ham United,1.31,1.59,2.9000000000000004,1.682051282051282,1.2179487179487183,Over,1,Under,0
Premier League,2022-2023,Jan 14 2023 - 5:30pm,Brentford,AFC Bournemouth,1.45,1.03,2.48,1.0814772727272728,1.3985227272727272,Over,2,Over,1
Premier League,2022-2023,Jan 15 2023 - 2:00pm,Newcastle United,Fulham,2.08,1.37,3.45,1.0833333333333333,2.366666666666667,Over,1,Under,0
Premier League,2022-2023,Jan 15 2023 - 2:00pm,Chelsea,Crystal Palace,1.44,1.3,2.74,1.2578431372549017,1.4821568627450985,Over,1,Under,0
Premier League,2022-2023,Jan 15 2023 - 4:30pm,Tottenham Hotspur,Arsenal,1.88,1.61,3.49,1.1583673469387754,2.3316326530612246,Over,2,Over,1
Premier League,2022-2023,Jan 18 2023 - 8:00pm,Crystal Palace,Manchester United,1.54,1.62,3.16,1.3315789473684214,1.8284210526315787,Over,2,Over,1
Premier League,2022-2023,Jan 19 2023 - 8:00pm,Manchester City,Tottenham Hotspur,2.24,1.6,3.8400000000000003,0.6694285714285715,3.170571428571429,Over,6,Over,1
Premier League,2022-2023,Jan 21 2023 - 12:30pm,Liverpool,Chelsea,2.37,1.64,4.01,1.065978260869565,2.944021739130435,Over,0,Under,0
Premier League,2022-2023,Jan 21 2023 - 3:00pm,AFC Bournemouth,Nottingham Forest,1.16,0.98,2.1399999999999997,1.5215625,0.6184374999999998,Over,2,Over,1
Premier League,2022-2023,Jan 21 2023 - 3:00pm,Leicester City,Brighton & Hove Albion,1.4,1.64,3.04,1.270566037735849,1.769433962264151,Over,4,Over,1
Premier League,2022-2023,Jan 21 2023 - 3:00pm,Southampton,Aston Villa,1.6,1.28,2.88,1.4673387096774195,1.4126612903225804,Over,1,Under,0
Premier League,2022-2023,Jan 21 2023 - 3:00pm,West Ham United,Everton,1.62,1.1,2.72,1.5,1.2200000000000002,Over,2,Over,1
Premier League,2022-2023,Jan 21 2023 - 5:30pm,Crystal Palace,Newcastle United,1.53,1.42,2.95,1.5192753623188406,1.4307246376811595,Over,0,Under,0
Premier League,2022-2023,Jan 22 2023 - 2:00pm,Leeds United,Brentford,1.59,1.34,2.93,1.1284375000000002,1.8015625,Over,0,Under,0
Premier League,2022-2023,Jan 22 2023 - 2:00pm,Manchester City,Wolverhampton Wanderers,2.22,1.57,3.79,-0.0613043478260864,3.8513043478260864,Over,3,Over,1
Premier League,2022-2023,Jan 22 2023 - 4:30pm,Arsenal,Manchester United,2.35,1.64,3.99,1.0833333333333333,2.906666666666667,Over,5,Over,1
Premier League,2022-2023,Jan 23 2023 - 8:15pm,Fulham,Tottenham Hotspur,1.66,1.55,3.21,0.8581081081081086,2.351891891891891,Over,1,Over,1
Premier League,2022-2023,Feb 03 2023 - 8:00pm,Chelsea,Fulham,1.54,1.29,2.83,1.2915094339622644,1.5384905660377357,Over,0,Under,0
Premier League,2022-2023,Feb 04 2023 - 12:30pm,Everton,Arsenal,1.47,1.63,3.0999999999999996,1.3035593220338981,1.7964406779661015,Over,1,Under,0
Premier League,2022-2023,Feb 04 2023 - 3:00pm,Aston Villa,Leicester City,1.48,1.41,2.8899999999999997,1.40175,1.4882499999999996,Over,6,Over,1
Premier League,2022-2023,Feb 04 2023 - 3:00pm,Brentford,Southampton,1.45,1.21,2.66,1.3399074074074078,1.3200925925925924,Over,3,Over,1
Premier League,2022-2023,Feb 04 2023 - 3:00pm,Brighton & Hove Albion,AFC Bournemouth,1.86,1.04,2.9000000000000004,1.1284375000000002,1.7715625000000002,Over,1,Under,0
Premier League,2022-2023,Feb 04 2023 - 3:00pm,Manchester United,Crystal Palace,1.88,1.35,3.23,1.3021818181818186,1.9278181818181814,Over,3,Over,1
Premier League,2022-2023,Feb 04 2023 - 3:00pm,Wolverhampton Wanderers,Liverpool,1.35,1.78,3.13,1.2765740740740739,1.853425925925926,Over,3,Over,1
Premier League,2022-2023,Feb 04 2023 - 5:30pm,Newcastle United,West Ham United,2.09,1.6,3.69,1.5,2.19,Over,2,Over,1
Premier League,2022-2023,Feb 05 2023 - 2:00pm,Nottingham Forest,Leeds United,1.47,1.49,2.96,1.2326530612244895,1.7273469387755105,Over,1,Under,0
Premier League,2022-2023,Feb 05 2023 - 4:30pm,Tottenham Hotspur,Manchester City,1.9,1.92,3.82,0.8027027027027032,3.0172972972972967,Over,1,Over,1
Premier League,2022-2023,Feb 08 2023 - 8:00pm,Manchester United,Leeds United,1.86,1.51,3.37,0.6995833333333332,2.670416666666667,Over,4,Over,1
Premier League,2022-2023,Feb 11 2023 - 12:30pm,West Ham United,Chelsea,1.6,1.61,3.21,1.7058823529411766,1.5041176470588233,Over,2,Over,1
Premier League,2022-2023,Feb 11 2023 - 3:00pm,Arsenal,Brentford,2.38,1.27,3.65,1.0956521739130434,2.5543478260869565,Over,2,Over,1
Premier League,2022-2023,Feb 11 2023 - 3:00pm,Crystal Palace,Brighton & Hove Albion,1.47,1.64,3.11,1.5,1.6099999999999999,Over,2,Over,1
Premier League,2022-2023,Feb 11 2023 - 3:00pm,Fulham,Nottingham Forest,1.63,1.1,2.73,1.4450819672131145,1.2849180327868854,Over,2,Over,1
Premier League,2022-2023,Feb 11 2023 - 3:00pm,Leicester City,Tottenham Hotspur,1.35,1.51,2.8600000000000003,1.1272826086956518,1.7327173913043485,Over,5,Over,1
Premier League,2022-2023,Feb 11 2023 - 3:00pm,Southampton,Wolverhampton Wanderers,1.59,1.51,3.1,1.7465517241379307,1.3534482758620694,Over,3,Over,1
Premier League,2022-2023,Feb 11 2023 - 5:30pm,AFC Bournemouth,Newcastle United,1.2,1.49,2.69,1.4463709677419352,1.2436290322580648,Over,2,Over,1
Premier League,2022-2023,Feb 12 2023 - 2:00pm,Leeds United,Manchester United,1.6,1.59,3.1900000000000004,1.0526666666666664,2.137333333333334,Over,2,Over,1
Premier League,2022-2023,Feb 12 2023 - 4:30pm,Manchester City,Aston Villa,2.2,1.33,3.5300000000000002,0.4887096774193549,3.0412903225806454,Over,4,Over,1
Premier League,2022-2023,Feb 13 2023 - 8:00pm,Liverpool,Everton,2.3,1.08,3.38,-0.7621875000000045,4.142187500000004,Over,2,Over,1
Premier League,2022-2023,Feb 15 2023 - 7:30pm,Arsenal,Manchester City,2.42,1.93,4.35,1.2470588235294116,3.102941176470588,Over,4,Over,1
Premier League,2022-2023,Feb 18 2023 - 12:30pm,Aston Villa,Arsenal,1.56,1.65,3.21,1.4390624999999997,1.7709375000000003,Over,6,Over,1
Premier League,2022-2023,Feb 18 2023 - 3:00pm,Brentford,Crystal Palace,1.48,1.35,2.83,1.6615384615384616,1.1684615384615384,Over,2,Over,1
Premier League,2022-2023,Feb 18 2023 - 3:00pm,Brighton & Hove Albion,Fulham,1.92,1.3,3.2199999999999998,1.1785714285714286,2.041428571428571,Over,1,Under,0
Premier League,2022-2023,Feb 18 2023 - 3:00pm,Chelsea,Southampton,1.52,1.2,2.7199999999999998,1.4277777777777776,1.2922222222222222,Over,1,Under,0
Premier League,2022-2023,Feb 18 2023 - 3:00pm,Everton,Leeds United,1.48,1.5,2.98,1.429655172413793,1.550344827586207,Over,1,Under,0
Premier League,2022-2023,Feb 18 2023 - 3:00pm,Nottingham Forest,Manchester City,1.42,1.87,3.29,0.9996590909090908,2.2903409090909093,Over,2,Over,1
Premier League,2022-2023,Feb 18 2023 - 3:00pm,Wolverhampton Wanderers,AFC Bournemouth,1.37,1.05,2.42,1.5,0.9199999999999999,Over,1,Under,0
Premier League,2022-2023,Feb 18 2023 - 5:30pm,Newcastle United,Liverpool,2.02,1.8,3.8200000000000003,1.2933333333333332,2.5266666666666673,Over,2,Over,1
Premier League,2022-2023,Feb 19 2023 - 2:00pm,Manchester United,Leicester City,1.93,1.41,3.34,0.8027027027027032,2.5372972972972967,Over,3,Over,1
Premier League,2022-2023,Feb 19 2023 - 4:30pm,Tottenham Hotspur,West Ham United,1.84,1.56,3.4000000000000004,1.3171428571428574,2.0828571428571427,Over,2,Over,1
Premier League,2022-2023,Feb 24 2023 - 8:00pm,Fulham,Wolverhampton Wanderers,1.64,1.47,3.11,1.434590163934426,1.6754098360655738,Over,2,Over,1
Premier League,2022-2023,Feb 25 2023 - 3:00pm,Everton,Aston Villa,1.51,1.27,2.7800000000000002,1.7420454545454542,1.037954545454546,Over,2,Over,1
Premier League,2022-2023,Feb 25 2023 - 3:00pm,Leeds United,Southampton,1.63,1.2,2.83,1.5,1.33,Over,1,Under,0
Premier League,2022-2023,Feb 25 2023 - 3:00pm,Leicester City,Arsenal,1.41,1.68,3.09,0.9874999999999998,2.1025,Over,1,Over,1
Premier League,2022-2023,Feb 25 2023 - 3:00pm,West Ham United,Nottingham Forest,1.57,1.1,2.67,1.6344155844155845,1.0355844155844154,Over,4,Over,1
Premier League,2022-2023,Feb 25 2023 - 5:30pm,AFC Bournemouth,Manchester City,1.22,1.91,3.13,0.8072368421052636,2.3227631578947365,Over,5,Over,1
Premier League,2022-2023,Feb 25 2023 - 7:45pm,Crystal Palace,Liverpool,1.42,1.79,3.21,1.0927272727272725,2.117272727272727,Over,0,Under,0
Premier League,2022-2023,Feb 26 2023 - 1:30pm,Tottenham Hotspur,Chelsea,1.82,1.61,3.43,1.4450819672131145,1.9849180327868856,Over,2,Over,1
Premier League,2022-2023,Mar 01 2023 - 7:45pm,Arsenal,Everton,2.31,1.04,3.35,1.3341129032258068,2.0158870967741933,Over,4,Over,1
Premier League,2022-2023,Mar 01 2023 - 8:00pm,Liverpool,Wolverhampton Wanderers,2.23,1.44,3.67,1.1329411764705883,2.537058823529412,Over,2,Over,1
Premier League,2022-2023,Mar 04 2023 - 12:30pm,Manchester City,Newcastle United,2.21,1.54,3.75,0.8072368421052636,2.9427631578947366,Over,2,Over,1
Premier League,2022-2023,Mar 04 2023 - 3:00pm,Arsenal,AFC Bournemouth,2.28,1.01,3.29,0.2648148148148146,3.0251851851851854,Over,5,Over,1
Premier League,2022-2023,Mar 04 2023 - 3:00pm,Aston Villa,Crystal Palace,1.52,1.32,2.84,1.4278947368421049,1.412105263157895,Over,1,Under,0
Premier League,2022-2023,Mar 04 2023 - 3:00pm,Brighton & Hove Albion,West Ham United,1.94,1.5,3.44,1.362416666666667,2.077583333333333,Over,4,Over,1
Premier League,2022-2023,Mar 04 2023 - 3:00pm,Wolverhampton Wanderers,Tottenham Hotspur,1.38,1.5,2.88,1.3471698113207546,1.5328301886792453,Over,1,Under,0
Premier League,2022-2023,Mar 04 2023 - 3:00pm,Chelsea,Leeds United,1.52,1.44,2.96,0.8729166666666663,2.0870833333333336,Over,1,Over,1
Premier League,2022-2023,Mar 04 2023 - 5:30pm,Southampton,Leicester City,1.6,1.37,2.97,1.6196202531645572,1.350379746835443,Over,1,Under,0
Premier League,2022-2023,Mar 05 2023 - 2:00pm,Nottingham Forest,Everton,1.35,1.04,2.39,1.6769531249999998,0.7130468750000003,Over,4,Over,1
Premier League,2022-2023,Mar 05 2023 - 4:30pm,Liverpool,Manchester United,2.2,1.57,3.7700000000000005,1.11875,2.6512500000000006,Over,7,Over,1
Premier League,2022-2023,Mar 06 2023 - 8:00pm,Brentford,Fulham,1.49,1.23,2.7199999999999998,1.5272916666666665,1.1927083333333333,Over,5,Over,1
Premier League,2022-2023,Mar 11 2023 - 12:30pm,AFC Bournemouth,Liverpool,1.24,1.77,3.01,0.8267105263157897,2.1832894736842103,Over,1,Over,1
Premier League,2022-2023,Mar 11 2023 - 3:00pm,Everton,Brentford,1.55,1.26,2.81,1.6933333333333334,1.1166666666666667,Over,1,Under,0
Premier League,2022-2023,Mar 11 2023 - 3:00pm,Leeds United,Brighton & Hove Albion,1.64,1.7,3.34,1.3227272727272732,2.0172727272727267,Over,4,Over,1
Premier League,2022-2023,Mar 11 2023 - 3:00pm,Tottenham Hotspur,Nottingham Forest,1.77,1.1,2.87,1.0704545454545453,1.7995454545454548,Over,4,Over,1
Premier League,2022-2023,Mar 11 2023 - 3:00pm,Leicester City,Chelsea,1.34,1.59,2.93,1.4098305084745761,1.520169491525424,Over,4,Over,1
Premier League,2022-2023,Mar 11 2023 - 5:30pm,Crystal Palace,Manchester City,1.37,1.92,3.29,0.8229166666666672,2.467083333333333,Over,1,Over,1
Premier League,2022-2023,Mar 12 2023 - 2:00pm,Fulham,Arsenal,1.63,1.68,3.3099999999999996,1.1159999999999997,2.194,Over,3,Over,1
Premier League,2022-2023,Mar 12 2023 - 2:00pm,Manchester United,Southampton,1.8,1.18,2.98,0.7285714285714289,2.251428571428571,Over,0,Under,0
Premier League,2022-2023,Mar 12 2023 - 2:00pm,West Ham United,Aston Villa,1.61,1.28,2.89,1.5482142857142855,1.3417857142857146,Over,2,Over,1
Premier League,2022-2023,Mar 12 2023 - 4:30pm,Newcastle United,Wolverhampton Wanderers,1.98,1.38,3.36,1.5582857142857143,1.8017142857142856,Over,3,Over,1
Premier League,2022-2023,Mar 15 2023 - 7:30pm,Southampton,Brentford,1.56,1.29,2.85,1.4813043478260868,1.3686956521739133,Over,2,Over,1
Premier League,2022-2023,Mar 15 2023 - 7:30pm,Brighton & Hove Albion,Crystal Palace,1.98,1.27,3.25,1.3916666666666668,1.8583333333333332,Over,1,Under,0
Premier League,2022-2023,Mar 17 2023 - 8:00pm,Nottingham Forest,Newcastle United,1.32,1.48,2.8,1.4795384615384615,1.3204615384615384,Over,3,Over,1
Premier League,2022-2023,Mar 18 2023 - 3:00pm,Aston Villa,AFC Bournemouth,1.48,0.99,2.4699999999999998,1.2538461538461536,1.2161538461538461,Over,3,Over,1
Premier League,2022-2023,Mar 18 2023 - 3:00pm,Brentford,Leicester City,1.52,1.34,2.8600000000000003,1.2569444444444446,1.6030555555555557,Over,2,Over,1
Premier League,2022-2023,Mar 18 2023 - 3:00pm,Southampton,Tottenham Hotspur,1.51,1.57,3.08,1.2750000000000004,1.8049999999999997,Over,6,Over,1
Premier League,2022-2023,Mar 18 2023 - 3:00pm,Wolverhampton Wanderers,Leeds United,1.36,1.42,2.7800000000000002,1.3998999999999997,1.3801000000000005,Over,6,Over,1
Premier League,2022-2023,Mar 18 2023 - 5:30pm,Chelsea,Everton,1.53,1.03,2.56,1.429655172413793,1.1303448275862071,Over,4,Over,1
Premier League,2022-2023,Mar 19 2023 - 2:00pm,Arsenal,Crystal Palace,2.4,1.27,3.67,1.2309433962264151,2.439056603773585,Over,5,Over,1
Premier League,2022-2023,Apr 01 2023 - 11:30am,Manchester City,Liverpool,2.13,1.79,3.92,1.0606382978723405,2.8593617021276594,Over,5,Over,1
Premier League,2022-2023,Apr 01 2023 - 2:00pm,AFC Bournemouth,Fulham,1.21,1.25,2.46,1.5,0.96,Over,3,Over,1
Premier League,2022-2023,Apr 01 2023 - 2:00pm,Arsenal,Leeds United,2.34,1.41,3.75,0.9300000000000004,2.8199999999999994,Over,5,Over,1
Premier League,2022-2023,Apr 01 2023 - 2:00pm,Brighton & Hove Albion,Brentford,1.94,1.28,3.2199999999999998,1.307586206896552,1.9124137931034477,Over,6,Over,1
Premier League,2022-2023,Apr 01 2023 - 2:00pm,Crystal Palace,Leicester City,1.28,1.34,2.62,1.5958333333333334,1.0241666666666667,Over,3,Over,1
Premier League,2022-2023,Apr 01 2023 - 2:00pm,Nottingham Forest,Wolverhampton Wanderers,1.29,1.37,2.66,1.7819444444444443,0.8780555555555558,Over,2,Over,1
Premier League,2022-2023,Apr 01 2023 - 4:30pm,Chelsea,Aston Villa,1.54,1.29,2.83,1.4063709677419354,1.4236290322580647,Over,2,Over,1
Premier League,2022-2023,Apr 02 2023 - 1:00pm,West Ham United,Southampton,1.62,1.19,2.81,1.5,1.31,Over,1,Under,0
Premier League,2022-2023,Apr 02 2023 - 3:30pm,Newcastle United,Manchester United,1.98,1.54,3.52,1.3899999999999997,2.1300000000000003,Over,2,Over,1
Premier League,2022-2023,Apr 03 2023 - 7:00pm,Everton,Tottenham Hotspur,1.55,1.58,3.13,1.6216463414634146,1.5083536585365853,Over,2,Over,1
Premier League,2022-2023,Apr 04 2023 - 6:45pm,AFC Bournemouth,Brighton & Hove Albion,1.24,1.72,2.96,1.4409482758620686,1.5190517241379313,Over,2,Over,1
Premier League,2022-2023,Apr 04 2023 - 6:45pm,Leicester City,Aston Villa,1.37,1.25,2.62,1.3689516129032262,1.251048387096774,Over,3,Over,1
Premier League,2022-2023,Apr 04 2023 - 6:45pm,Leeds United,Nottingham Forest,1.62,1.12,2.74,1.11875,1.6212500000000003,Over,3,Over,1
Premier League,2022-2023,Apr 04 2023 - 7:00pm,Chelsea,Liverpool,1.63,1.71,3.34,1.2785714285714285,2.0614285714285714,Over,0,Under,0
Premier League,2022-2023,Apr 05 2023 - 7:00pm,West Ham United,Newcastle United,1.59,1.48,3.0700000000000003,1.5358904109589042,1.534109589041096,Over,6,Over,1
Premier League,2022-2023,Apr 05 2023 - 7:00pm,Manchester United,Brentford,1.74,1.26,3.0,0.8688157894736845,2.1311842105263157,Over,1,Over,1
Premier League,2022-2023,Apr 08 2023 - 11:30am,Manchester United,Everton,1.73,1.03,2.76,1.1380851063829784,1.6219148936170213,Over,2,Over,1
Premier League,2022-2023,Apr 08 2023 - 2:00pm,Aston Villa,Nottingham Forest,1.55,1.13,2.6799999999999997,1.3227272727272732,1.3572727272727265,Over,2,Over,1
Premier League,2022-2023,Apr 08 2023 - 2:00pm,Brentford,Newcastle United,1.51,1.5,3.01,1.5,1.5099999999999998,Over,3,Over,1
Premier League,2022-2023,Apr 08 2023 - 2:00pm,Fulham,West Ham United,1.61,1.42,3.0300000000000002,1.6216463414634146,1.4083536585365857,Over,1,Under,0
Premier League,2022-2023,Apr 08 2023 - 2:00pm,Leicester City,AFC Bournemouth,1.37,1.0,2.37,1.362416666666667,1.007583333333333,Over,1,Under,0
Premier League,2022-2023,Apr 08 2023 - 2:00pm,Tottenham Hotspur,Brighton & Hove Albion,1.76,1.75,3.51,1.4147727272727273,2.0952272727272723,Over,3,Over,1
Premier League,2022-2023,Apr 08 2023 - 2:00pm,Wolverhampton Wanderers,Chelsea,1.43,1.57,3.0,1.5,1.5,Over,1,Under,0
Premier League,2022-2023,Apr 08 2023 - 4:30pm,Southampton,Manchester City,1.55,1.89,3.44,0.9380952380952383,2.5019047619047616,Over,5,Over,1
Premier League,2022-2023,Apr 09 2023 - 1:00pm,Leeds United,Crystal Palace,1.66,1.25,2.91,1.5514925373134325,1.3585074626865676,Over,6,Over,1
Premier League,2022-2023,Apr 09 2023 - 3:30pm,Liverpool,Arsenal,2.18,1.69,3.87,1.289655172413793,2.580344827586207,Over,4,Over,1
Premier League,2022-2023,Apr 15 2023 - 11:30am,Aston Villa,Newcastle United,1.52,1.51,3.0300000000000002,1.4499999999999997,1.5800000000000005,Over,3,Over,1
Premier League,2022-2023,Apr 15 2023 - 2:00pm,Chelsea,Brighton & Hove Albion,1.61,1.72,3.33,1.358983050847458,1.971016949152542,Over,3,Over,1
Premier League,2022-2023,Apr 15 2023 - 2:00pm,Everton,Fulham,1.57,1.24,2.81,1.5771830985915494,1.2328169014084507,Over,4,Over,1
Premier League,2022-2023,Apr 15 2023 - 2:00pm,Southampton,Crystal Palace,1.49,1.29,2.7800000000000002,1.6271052631578948,1.1528947368421054,Over,2,Over,1
Premier League,2022-2023,Apr 15 2023 - 2:00pm,Wolverhampton Wanderers,Brentford,1.43,1.23,2.66,1.5731343283582087,1.0868656716417915,Over,2,Over,1
Premier League,2022-2023,Apr 15 2023 - 2:15pm,Tottenham Hotspur,AFC Bournemouth,1.71,1.06,2.77,1.0286363636363633,1.7413636363636367,Over,5,Over,1
Premier League,2022-2023,Apr 15 2023 - 4:30pm,Manchester City,Leicester City,2.15,1.29,3.44,-0.20000000000000018,3.64,Over,4,Over,1
Premier League,2022-2023,Apr 16 2023 - 1:00pm,West Ham United,Arsenal,1.55,1.67,3.2199999999999998,1.1683673469387759,2.051632653061224,Over,4,Over,1
Premier League,2022-2023,Apr 16 2023 - 3:30pm,Nottingham Forest,Manchester United,1.32,1.48,2.8,1.0956521739130434,1.7043478260869565,Over,2,Over,1
Premier League,2022-2023,Apr 17 2023 - 7:00pm,Leeds United,Liverpool,1.66,1.66,3.32,0.900731707317074,2.4192682926829256,Over,7,Over,1
Premier League,2022-2023,Apr 21 2023 - 7:00pm,Arsenal,Southampton,2.29,1.18,3.4699999999999998,0.050000000000000266,3.4199999999999995,Over,6,Over,1
Premier League,2022-2023,Apr 22 2023 - 11:30am,Fulham,Leeds United,1.63,1.39,3.0199999999999996,1.4488281249999997,1.5711718749999999,Over,3,Over,1
Premier League,2022-2023,Apr 22 2023 - 2:00pm,Brentford,Aston Villa,1.52,1.29,2.81,1.4437499999999996,1.3662500000000004,Over,2,Over,1
Premier League,2022-2023,Apr 22 2023 - 2:00pm,Crystal Palace,Everton,1.35,1.06,2.41,1.7769230769230768,0.6330769230769233,Over,0,Under,0
Premier League,2022-2023,Apr 22 2023 - 2:00pm,Leicester City,Wolverhampton Wanderers,1.39,1.33,2.7199999999999998,1.59,1.1299999999999997,Over,3,Over,1
Premier League,2022-2023,Apr 22 2023 - 2:00pm,Liverpool,Nottingham Forest,2.17,1.12,3.29,0.18461538461538485,3.105384615384615,Over,5,Over,1
Premier League,2022-2023,Apr 23 2023 - 1:00pm,AFC Bournemouth,West Ham United,1.26,1.44,2.7,1.5482142857142855,1.1517857142857146,Over,4,Over,1
Premier League,2022-2023,Apr 23 2023 - 1:00pm,Newcastle United,Tottenham Hotspur,1.97,1.55,3.52,1.3021818181818186,2.2178181818181812,Over,7,Over,1
Premier League,2022-2023,Apr 25 2023 - 6:30pm,Wolverhampton Wanderers,Crystal Palace,1.44,1.28,2.7199999999999998,1.7923295454545456,0.9276704545454542,Over,2,Over,1
Premier League,2022-2023,Apr 25 2023 - 6:45pm,Aston Villa,Fulham,1.52,1.31,2.83,1.3171428571428574,1.5128571428571427,Over,1,Under,0
Premier League,2022-2023,Apr 25 2023 - 7:00pm,Leeds United,Leicester City,1.63,1.27,2.9,1.1875000000000002,1.7124999999999997,Over,2,Over,1
Premier League,2022-2023,Apr 26 2023 - 6:30pm,Nottingham Forest,Brighton & Hove Albion,1.28,1.79,3.0700000000000003,1.0956521739130434,1.974347826086957,Over,4,Over,1
Premier League,2022-2023,Apr 26 2023 - 6:45pm,West Ham United,Liverpool,1.56,1.66,3.2199999999999998,1.1864705882352944,2.0335294117647056,Over,3,Over,1
Premier League,2022-2023,Apr 26 2023 - 6:45pm,Chelsea,Brentford,1.57,1.24,2.81,1.4376190476190474,1.3723809523809527,Over,2,Over,1
Premier League,2022-2023,Apr 26 2023 - 7:00pm,Manchester City,Arsenal,2.11,1.66,3.7699999999999996,1.0787234042553189,2.6912765957446805,Over,5,Over,1
Premier League,2022-2023,Apr 27 2023 - 6:45pm,Everton,Newcastle United,1.6,1.47,3.0700000000000003,1.5461805555555554,1.5238194444444448,Over,5,Over,1
Premier League,2022-2023,Apr 27 2023 - 6:45pm,Southampton,AFC Bournemouth,1.48,1.08,2.56,1.5,1.06,Over,1,Under,0
Premier League,2022-2023,Apr 27 2023 - 7:15pm,Tottenham Hotspur,Manchester United,1.74,1.54,3.2800000000000002,0.9771428571428573,2.302857142857143,Over,4,Over,1
Premier League,2022-2023,Apr 29 2023 - 11:30am,Crystal Palace,West Ham United,1.34,1.48,2.8200000000000003,1.6344155844155845,1.1855844155844157,Over,7,Over,1
Premier League,2022-2023,Apr 29 2023 - 2:00pm,Brentford,Nottingham Forest,1.52,1.13,2.65,1.482112676056338,1.167887323943662,Over,3,Over,1
Premier League,2022-2023,Apr 29 2023 - 2:00pm,Brighton & Hove Albion,Wolverhampton Wanderers,2.03,1.33,3.36,1.138979591836735,2.221020408163265,Over,6,Over,1
Premier League,2022-2023,Apr 30 2023 - 1:00pm,AFC Bournemouth,Leeds United,1.29,1.38,2.67,1.3479464285714289,1.322053571428571,Over,5,Over,1
Premier League,2022-2023,Apr 30 2023 - 1:00pm,Fulham,Manchester City,1.63,1.88,3.51,0.7727027027027029,2.737297297297297,Over,3,Over,1
Premier League,2022-2023,Apr 30 2023 - 1:00pm,Manchester United,Aston Villa,1.83,1.29,3.12,1.1583999999999999,1.9616000000000002,Over,1,Under,0
Premier League,2022-2023,Apr 30 2023 - 1:00pm,Newcastle United,Southampton,1.98,1.18,3.16,1.2603571428571427,1.8996428571428574,Over,4,Over,1
Premier League,2022-2023,Apr 30 2023 - 3:30pm,Liverpool,Tottenham Hotspur,2.15,1.51,3.66,0.7362500000000003,2.92375,Over,7,Over,1
Premier League,2022-2023,May 01 2023 - 7:00pm,Leicester City,Everton,1.4,1.08,2.48,1.5,0.98,Over,4,Over,1
Premier League,2022-2023,May 02 2023 - 7:00pm,Arsenal,Chelsea,2.33,1.56,3.89,1.4553571428571426,2.4346428571428573,Over,4,Over,1
Premier League,2022-2023,May 03 2023 - 7:00pm,Liverpool,Fulham,2.1,1.25,3.35,0.7083333333333339,2.641666666666666,Over,1,Over,1
Premier League,2022-2023,May 03 2023 - 7:00pm,Manchester City,West Ham United,2.09,1.46,3.55,0.7083333333333339,2.841666666666666,Over,3,Over,1
Premier League,2022-2023,May 04 2023 - 7:00pm,Brighton & Hove Albion,Manchester United,2.07,1.57,3.6399999999999997,,,Under,1,Under,1
Premier League,2022-2023,May 06 2023 - 2:00pm,AFC Bournemouth,Chelsea,1.31,1.54,2.85,1.3479464285714289,1.5020535714285712,Over,4,Over,1
Premier League,2022-2023,May 06 2023 - 2:00pm,Manchester City,Leeds United,2.08,1.41,3.49,-0.10217391304347778,3.592173913043478,Over,3,Over,1
Premier League,2022-2023,May 06 2023 - 2:00pm,Tottenham Hotspur,Crystal Palace,1.75,1.28,3.0300000000000002,1.2158823529411764,1.8141176470588238,Over,1,Under,0
Premier League,2022-2023,May 06 2023 - 2:00pm,Wolverhampton Wanderers,Aston Villa,1.42,1.25,2.67,1.7000000000000002,0.9699999999999998,Over,1,Under,0
Premier League,2022-2023,May 06 2023 - 4:30pm,Liverpool,Brentford,2.09,1.21,3.3,0.8917073170731711,2.4082926829268287,Over,1,Over,1
Premier League,2022-2023,May 07 2023 - 3:30pm,Newcastle United,Arsenal,1.98,1.61,3.59,1.0756521739130436,2.514347826086956,Over,2,Over,1
Premier League,2022-2023,May 07 2023 - 6:00pm,West Ham United,Manchester United,1.53,1.58,3.1100000000000003,1.1770588235294115,1.9329411764705888,Over,1,Under,0
Premier League,2022-2023,May 08 2023 - 2:00pm,Fulham,Leicester City,1.57,1.27,2.84,1.380952380952381,1.459047619047619,Over,8,Over,1
Premier League,2022-2023,May 08 2023 - 4:30pm,Brighton & Hove Albion,Everton,2.08,1.15,3.23,1.4126027397260272,1.8173972602739727,Over,6,Over,1
Premier League,2022-2023,May 08 2023 - 7:00pm,Nottingham Forest,Southampton,1.28,1.16,2.44,1.5433333333333332,0.8966666666666667,Over,7,Over,1
Premier League,2022-2023,May 13 2023 - 11:30am,Leeds United,Newcastle United,1.61,1.49,3.1,0.9670238095238095,2.1329761904761906,Over,4,Over,1
Premier League,2022-2023,May 13 2023 - 2:00pm,Aston Villa,Tottenham Hotspur,1.5,1.51,3.01,1.1583999999999999,1.8516,Over,3,Over,1
Premier League,2022-2023,May 13 2023 - 2:00pm,Crystal Palace,AFC Bournemouth,1.36,1.07,2.43,1.2915094339622644,1.1384905660377358,Over,2,Over,1
Premier League,2022-2023,May 13 2023 - 2:00pm,Manchester United,Wolverhampton Wanderers,1.82,1.32,3.14,0.9195121951219511,2.220487804878049,Over,2,Over,1
Premier League,2022-2023,May 13 2023 - 2:00pm,Southampton,Fulham,1.46,1.25,2.71,1.471544117647059,1.238455882352941,Over,2,Over,1
Premier League,2022-2023,May 13 2023 - 2:00pm,Chelsea,Nottingham Forest,1.59,1.11,2.7,1.286666666666667,1.413333333333333,Over,4,Over,1
Premier League,2022-2023,May 14 2023 - 1:00pm,Brentford,West Ham United,1.56,1.43,2.99,1.3750819672131147,1.6149180327868855,Over,2,Over,1
Premier League,2022-2023,May 14 2023 - 1:00pm,Everton,Manchester City,1.59,1.89,3.48,0.9100000000000004,2.5699999999999994,Over,3,Over,1
Premier League,2022-2023,May 14 2023 - 3:30pm,Arsenal,Brighton & Hove Albion,2.32,1.79,4.109999999999999,1.082083333333333,3.027916666666666,Over,3,Over,1
Premier League,2022-2023,May 15 2023 - 7:00pm,Leicester City,Liverpool,1.41,1.66,3.07,0.5754545454545461,2.4945454545454537,Over,3,Over,1
Premier League,2022-2023,May 18 2023 - 6:30pm,Newcastle United,Brighton & Hove Albion,1.96,1.77,3.73,0.8027027027027032,2.927297297297297,Over,5,Over,1
Premier League,2022-2023,May 20 2023 - 11:30am,Tottenham Hotspur,Brentford,1.71,1.19,2.9,1.1960784313725492,1.7039215686274507,Over,4,Over,1
Premier League,2022-2023,May 20 2023 - 2:00pm,AFC Bournemouth,Manchester United,1.31,1.6,2.91,0.7824324324324328,2.127567567567567,Over,1,Over,1
Premier League,2022-2023,May 20 2023 - 2:00pm,Fulham,Crystal Palace,1.58,1.28,2.8600000000000003,1.4437499999999996,1.4162500000000007,Over,4,Over,1
Premier League,2022-2023,May 20 2023 - 2:00pm,Liverpool,Aston Villa,2.07,1.29,3.36,0.8711250000000004,2.4888749999999993,Over,2,Over,1
Premier League,2022-2023,May 20 2023 - 2:00pm,Wolverhampton Wanderers,Everton,1.39,1.16,2.55,1.5492753623188404,1.0007246376811594,Over,2,Over,1
Premier League,2022-2023,May 20 2023 - 4:30pm,Nottingham Forest,Arsenal,1.28,1.61,2.89,0.8494871794871799,2.04051282051282,Over,1,Over,1
Premier League,2022-2023,May 21 2023 - 12:30pm,West Ham United,Leeds United,1.54,1.36,2.9000000000000004,1.2158823529411764,1.684117647058824,Over,4,Over,1
Premier League,2022-2023,May 21 2023 - 1:00pm,Brighton & Hove Albion,Southampton,2.13,1.21,3.34,0.9478409090909095,2.3921590909090904,Over,4,Over,1
Premier League,2022-2023,May 21 2023 - 3:00pm,Manchester City,Chelsea,2.1,1.55,3.6500000000000004,0.9888888888888892,2.6611111111111114,Over,1,Over,1
Premier League,2022-2023,May 22 2023 - 7:00pm,Newcastle United,Leicester City,1.99,1.33,3.3200000000000003,0.5575000000000006,2.7624999999999997,Over,0,Under,0
Premier League,2022-2023,May 24 2023 - 7:00pm,Brighton & Hove Albion,Manchester City,2.17,1.86,4.03,0.7362500000000003,3.29375,Over,2,Over,1
Premier League,2022-2023,May 25 2023 - 7:00pm,Manchester United,Chelsea,1.86,1.55,3.41,0.964883720930233,2.445116279069767,Over,5,Over,1
Premier League,2022-2023,May 28 2023 - 3:30pm,Arsenal,Wolverhampton Wanderers,2.27,1.29,3.56,0.836125,2.723875,Over,5,Over,1
Premier League,2022-2023,May 28 2023 - 3:30pm,Aston Villa,Brighton & Hove Albion,1.49,1.73,3.2199999999999998,1.1350961538461537,2.0849038461538463,Over,3,Over,1
Premier League,2022-2023,May 28 2023 - 3:30pm,Brentford,Manchester City,1.64,1.85,3.49,0.7632432432432434,2.7267567567567568,Over,1,Over,1
Premier League,2022-2023,May 28 2023 - 3:30pm,Chelsea,Newcastle United,1.61,1.53,3.14,0.7505714285714289,2.3894285714285712,Over,2,Over,1
Premier League,2022-2023,May 28 2023 - 3:30pm,Crystal Palace,Nottingham Forest,1.4,1.1,2.5,1.1596153846153847,1.3403846153846153,Over,2,Over,1
Premier League,2022-2023,May 28 2023 - 3:30pm,Everton,AFC Bournemouth,1.56,1.04,2.6,1.0526666666666664,1.5473333333333337,Over,1,Under,0
Premier League,2022-2023,May 28 2023 - 3:30pm,Leeds United,Tottenham Hotspur,1.59,1.48,3.0700000000000003,0.38965517241379377,2.6803448275862065,Over,5,Over,1
Premier League,2022-2023,May 28 2023 - 3:30pm,Leicester City,West Ham United,1.38,1.41,2.79,0.9292682926829272,1.8607317073170728,Over,3,Over,1
Premier League,2022-2023,May 28 2023 - 3:30pm,Manchester United,Fulham,1.89,1.27,3.16,0.18461538461538485,2.9753846153846153,Over,3,Over,1
Premier League,2022-2023,May 28 2023 - 3:30pm,Southampton,Liverpool,1.43,1.66,3.09,0.35172413793103363,2.7382758620689662,Over,8,Over,1
Premier League,2023-2024,Aug 11 2023 - 7:00pm,Burnley,Manchester City,0.0,0.0,0.0,0.7666666666666673,-0.7666666666666673,Under,3,Over,0
Premier League,2023-2024,Aug 12 2023 - 12:00pm,Arsenal,Nottingham Forest,0.0,0.0,0.0,0.6022058823529404,-0.6022058823529404,Under,3,Over,0
Premier League,2023-2024,Aug 12 2023 - 2:00pm,AFC Bournemouth,West Ham United,0.0,0.0,0.0,1.3817499999999996,-1.3817499999999996,Under,2,Over,0
Premier League,2023-2024,Aug 12 2023 - 2:00pm,Brighton & Hove Albion,Luton Town,0.0,0.0,0.0,0.8805000000000007,-0.8805000000000007,Under,5,Over,0
Premier League,2023-2024,Aug 12 2023 - 2:00pm,Everton,Fulham,0.0,0.0,0.0,1.5653164556962027,-1.5653164556962027,Under,1,Under,1
Premier League,2023-2024,Aug 12 2023 - 2:00pm,Sheffield United,Crystal Palace,0.0,0.0,0.0,1.5958333333333334,-1.5958333333333334,Under,1,Under,1
Premier League,2023-2024,Aug 12 2023 - 4:30pm,Newcastle United,Aston Villa,0.0,0.0,0.0,1.2122641509433965,-1.2122641509433965,Under,6,Over,0
Premier League,2023-2024,Aug 13 2023 - 1:00pm,Brentford,Tottenham Hotspur,0.0,0.0,0.0,1.158823529411765,-1.158823529411765,Under,4,Over,0
Premier League,2023-2024,Aug 13 2023 - 3:30pm,Chelsea,Liverpool,0.0,0.0,0.0,1.3615384615384618,-1.3615384615384618,Under,2,Over,0
Premier League,2023-2024,Aug 14 2023 - 7:00pm,Manchester United,Wolverhampton Wanderers,0.0,0.0,0.0,0.9741860465116281,-0.9741860465116281,Under,1,Over,0
Premier League,2023-2024,Aug 18 2023 - 6:45pm,Nottingham Forest,Sheffield United,0.0,0.0,0.0,1.5,-1.5,Under,3,Over,0
Premier League,2023-2024,Aug 19 2023 - 2:00pm,Fulham,Brentford,0.0,0.0,0.0,1.3399074074074078,-1.3399074074074078,Under,3,Over,0
Premier League,2023-2024,Aug 19 2023 - 2:00pm,Liverpool,AFC Bournemouth,0.0,0.0,0.0,-0.1902272727272729,0.1902272727272729,Over,4,Over,1
Premier League,2023-2024,Aug 19 2023 - 2:00pm,Wolverhampton Wanderers,Brighton & Hove Albion,0.0,0.0,0.0,1.0280487804878045,-1.0280487804878045,Under,5,Over,0
Premier League,2023-2024,Aug 19 2023 - 4:30pm,Tottenham Hotspur,Manchester United,0.0,0.0,0.0,0.8578947368421053,-0.8578947368421053,Under,2,Over,0
Premier League,2023-2024,Aug 19 2023 - 7:00pm,Manchester City,Newcastle United,0.0,0.0,0.0,1.0387499999999996,-1.0387499999999996,Under,1,Under,1
Premier League,2023-2024,Aug 20 2023 - 1:00pm,Aston Villa,Everton,0.0,0.0,0.0,1.5,-1.5,Under,4,Over,0
Premier League,2023-2024,Aug 20 2023 - 3:30pm,West Ham United,Chelsea,0.0,0.0,0.0,1.4808823529411763,-1.4808823529411763,Under,4,Over,0
Premier League,2023-2024,Aug 21 2023 - 7:00pm,Crystal Palace,Arsenal,0.0,0.0,0.0,1.4623529411764706,-1.4623529411764706,Under,1,Under,1
Premier League,2023-2024,Aug 25 2023 - 7:00pm,Chelsea,Luton Town,1.54,1.06,2.6,0.8307692307692311,1.769230769230769,Over,3,Over,1
Premier League,2023-2024,Aug 26 2023 - 11:30am,AFC Bournemouth,Tottenham Hotspur,1.66,1.98,3.6399999999999997,0.9195121951219511,2.7204878048780485,Over,2,Over,1
Premier League,2023-2024,Aug 26 2023 - 2:00pm,Arsenal,Fulham,1.72,1.05,2.77,0.4887096774193549,2.281290322580645,Over,4,Over,1
Premier League,2023-2024,Aug 26 2023 - 2:00pm,Brentford,Crystal Palace,1.35,2.1,3.45,1.5482142857142855,1.9017857142857146,Over,2,Over,1
Premier League,2023-2024,Aug 26 2023 - 2:00pm,Everton,Wolverhampton Wanderers,2.09,1.8,3.8899999999999997,1.6455625,2.2444374999999996,Over,1,Under,0
Premier League,2023-2024,Aug 26 2023 - 2:00pm,Manchester United,Nottingham Forest,1.24,0.76,2.0,0.3294642857142853,1.6705357142857147,Over,5,Over,1
Premier League,2023-2024,Aug 26 2023 - 4:30pm,Brighton & Hove Albion,West Ham United,2.91,1.39,4.3,0.9558139534883723,3.3441860465116275,Over,4,Over,1
Premier League,2023-2024,Aug 27 2023 - 1:00pm,Burnley,Aston Villa,0.65,1.68,2.33,1.2933333333333332,1.0366666666666668,Over,4,Over,1
Premier League,2023-2024,Aug 27 2023 - 1:00pm,Sheffield United,Manchester City,0.77,1.72,2.49,0.9300000000000004,1.5599999999999998,Over,3,Over,1
Premier League,2023-2024,Aug 27 2023 - 3:30pm,Newcastle United,Liverpool,2.28,1.06,3.34,0.5845454545454551,2.755454545454545,Over,3,Over,1
Premier League,2023-2024,Sep 01 2023 - 7:00pm,Luton Town,West Ham United,0.0,1.46,1.46,1.5882716049382717,-0.12827160493827172,Under,3,Over,0
Premier League,2023-2024,Sep 02 2023 - 11:30am,Sheffield United,Everton,0.78,0.93,1.71,1.6489583333333333,0.06104166666666666,Over,4,Over,1
Premier League,2023-2024,Sep 02 2023 - 2:00pm,Brentford,AFC Bournemouth,1.13,1.5,2.63,1.2043269230769231,1.4256730769230768,Over,4,Over,1
Premier League,2023-2024,Sep 02 2023 - 2:00pm,Burnley,Tottenham Hotspur,0.88,1.88,2.76,1.4123188405797102,1.3476811594202895,Over,7,Over,1
Premier League,2023-2024,Sep 02 2023 - 2:00pm,Chelsea,Nottingham Forest,1.74,0.96,2.7,1.1770588235294115,1.5229411764705887,Over,1,Under,0
Premier League,2023-2024,Sep 02 2023 - 2:00pm,Manchester City,Fulham,1.22,0.97,2.19,0.2255555555555535,1.9644444444444464,Over,6,Over,1
Premier League,2023-2024,Sep 02 2023 - 4:30pm,Brighton & Hove Albion,Newcastle United,2.87,0.65,3.52,0.8917073170731711,2.628292682926829,Over,4,Over,1
Premier League,2023-2024,Sep 03 2023 - 1:00pm,Crystal Palace,Wolverhampton Wanderers,1.14,1.4,2.54,1.6317307692307692,0.9082692307692308,Over,5,Over,1
Premier League,2023-2024,Sep 03 2023 - 1:00pm,Liverpool,Aston Villa,2.42,1.61,4.03,0.18461538461538485,3.8453846153846154,Over,3,Over,1
Premier League,2023-2024,Sep 03 2023 - 3:30pm,Arsenal,Manchester United,2.22,1.76,3.9800000000000004,0.8072368421052636,3.172763157894737,Over,4,Over,1
Premier League,2023-2024,Sep 16 2023 - 11:30am,Wolverhampton Wanderers,Liverpool,1.53,1.07,2.6,0.7083333333333339,1.8916666666666662,Over,4,Over,1
Premier League,2023-2024,Sep 16 2023 - 2:00pm,Aston Villa,Crystal Palace,1.68,1.7,3.38,1.3916666666666668,1.988333333333333,Over,4,Over,1
Premier League,2023-2024,Sep 16 2023 - 2:00pm,Fulham,Luton Town,0.92,0.96,1.88,1.4708955223880598,0.40910447761194013,Over,1,Under,0
Premier League,2023-2024,Sep 16 2023 - 2:00pm,Manchester United,Brighton & Hove Albion,1.75,1.83,3.58,0.43600000000000083,3.1439999999999992,Over,4,Over,1
Premier League,2023-2024,Sep 16 2023 - 2:00pm,Tottenham Hotspur,Sheffield United,1.91,1.06,2.9699999999999998,0.6470588235294124,2.3229411764705876,Over,3,Over,1
Premier League,2023-2024,Sep 16 2023 - 2:00pm,West Ham United,Manchester City,1.33,2.26,3.59,0.7824324324324328,2.807567567567567,Over,4,Over,1
Premier League,2023-2024,Sep 16 2023 - 4:30pm,Newcastle United,Brentford,2.27,1.99,4.26,0.7505714285714289,3.509428571428571,Over,1,Over,1
Premier League,2023-2024,Sep 17 2023 - 1:00pm,AFC Bournemouth,Chelsea,1.48,1.88,3.36,1.0428888888888885,2.317111111111111,Over,0,Under,0
Premier League,2023-2024,Sep 17 2023 - 3:30pm,Everton,Arsenal,1.97,1.4,3.37,0.8900000000000006,2.4799999999999995,Over,1,Over,1
Premier League,2023-2024,Sep 18 2023 - 6:45pm,Nottingham Forest,Burnley,1.51,0.0,1.51,1.5442567567567567,-0.03425675675675666,Under,2,Over,0
Premier League,2023-2024,Sep 23 2023 - 2:00pm,Crystal Palace,Fulham,1.68,0.95,2.63,1.5,1.13,Over,0,Under,0
Premier League,2023-2024,Sep 23 2023 - 2:00pm,Luton Town,Wolverhampton Wanderers,1.38,1.4,2.78,1.452238805970149,1.3277611940298508,Over,2,Over,1
Premier League,2023-2024,Sep 23 2023 - 2:00pm,Manchester City,Nottingham Forest,1.22,0.95,2.17,0.2999999999999994,1.8700000000000006,Over,2,Over,1
Premier League,2023-2024,Sep 23 2023 - 4:30pm,Brentford,Everton,1.47,1.23,2.7,1.318055555555556,1.3819444444444442,Over,4,Over,1
Premier League,2023-2024,Sep 23 2023 - 7:00pm,Burnley,Manchester United,1.03,1.27,2.3,0.8027027027027032,1.4972972972972967,Over,1,Over,1
Premier League,2023-2024,Sep 24 2023 - 1:00pm,Arsenal,Tottenham Hotspur,2.03,1.97,4.0,0.6879999999999997,3.3120000000000003,Over,4,Over,1
Premier League,2023-2024,Sep 24 2023 - 1:00pm,Brighton & Hove Albion,AFC Bournemouth,2.46,1.43,3.8899999999999997,0.7199999999999998,3.17,Over,4,Over,1
Premier League,2023-2024,Sep 24 2023 - 1:00pm,Chelsea,Aston Villa,1.65,1.44,3.09,1.2515178571428571,1.8384821428571427,Over,1,Under,0
Premier League,2023-2024,Sep 24 2023 - 1:00pm,Liverpool,West Ham United,2.01,1.38,3.3899999999999997,0.7551315789473678,2.634868421052632,Over,4,Over,1
Premier League,2023-2024,Sep 24 2023 - 3:30pm,Sheffield United,Newcastle United,1.08,0.79,1.87,1.1596153846153847,0.7103846153846154,Over,8,Over,1
Premier League,2023-2024,Sep 30 2023 - 11:30am,Aston Villa,Brighton & Hove Albion,1.72,1.71,3.4299999999999997,0.8130769230769233,2.6169230769230767,Over,7,Over,1
Premier League,2023-2024,Sep 30 2023 - 2:00pm,AFC Bournemouth,Arsenal,1.39,1.42,2.8099999999999996,0.7978947368421054,2.012105263157894,Over,4,Over,1
Premier League,2023-2024,Sep 30 2023 - 2:00pm,Everton,Luton Town,1.53,0.94,2.4699999999999998,1.4450819672131145,1.0249180327868852,Over,3,Over,1
Premier League,2023-2024,Sep 30 2023 - 2:00pm,Manchester United,Crystal Palace,1.6,1.47,3.0700000000000003,0.9874999999999998,2.0825000000000005,Over,1,Over,1
Premier League,2023-2024,Sep 30 2023 - 2:00pm,Newcastle United,Burnley,1.89,1.37,3.26,1.1273076923076921,2.1326923076923077,Over,2,Over,1
Premier League,2023-2024,Sep 30 2023 - 2:00pm,West Ham United,Sheffield United,1.09,1.02,2.1100000000000003,0.9934883720930234,1.116511627906977,Over,2,Over,1
Premier League,2023-2024,Sep 30 2023 - 2:00pm,Wolverhampton Wanderers,Manchester City,1.37,2.54,3.91,0.6977142857142855,3.2122857142857146,Over,3,Over,1
Premier League,2023-2024,Sep 30 2023 - 4:30pm,Tottenham Hotspur,Liverpool,2.33,1.33,3.66,-0.2866666666666666,3.9466666666666668,Over,3,Over,1
Premier League,2023-2024,Oct 01 2023 - 1:00pm,Nottingham Forest,Brentford,1.45,1.48,2.9299999999999997,1.4278947368421049,1.5021052631578948,Over,2,Over,1
Premier League,2023-2024,Oct 02 2023 - 7:00pm,Fulham,Chelsea,1.08,1.83,2.91,1.3479464285714289,1.5620535714285713,Over,2,Over,1
Premier League,2023-2024,Oct 03 2023 - 6:30pm,Luton Town,Burnley,1.56,1.02,2.58,1.4673387096774195,1.1126612903225805,Over,3,Over,1
Premier League,2023-2024,Oct 07 2023 - 11:30am,Luton Town,Tottenham Hotspur,1.59,1.8,3.39,0.964883720930233,2.4251162790697673,Over,1,Over,1
Premier League,2023-2024,Oct 07 2023 - 2:00pm,Burnley,Chelsea,1.13,1.66,2.79,1.0043902439024388,1.7856097560975612,Over,5,Over,1
Premier League,2023-2024,Oct 07 2023 - 2:00pm,Everton,AFC Bournemouth,1.73,1.4,3.13,1.3123636363636364,1.8176363636363635,Over,3,Over,1
Premier League,2023-2024,Oct 07 2023 - 2:00pm,Fulham,Sheffield United,1.15,1.07,2.2199999999999998,1.470227272727273,0.7497727272727268,Over,4,Over,1
Premier League,2023-2024,Oct 07 2023 - 2:00pm,Manchester United,Brentford,1.67,1.57,3.24,0.8240540540540544,2.415945945945946,Over,3,Over,1
Premier League,2023-2024,Oct 07 2023 - 4:30pm,Crystal Palace,Nottingham Forest,1.47,0.99,2.46,1.534918032786885,0.925081967213115,Over,0,Under,0
Premier League,2023-2024,Oct 08 2023 - 1:00pm,Brighton & Hove Albion,Liverpool,2.12,1.33,3.45,-0.10217391304347778,3.552173913043478,Over,4,Over,1
Premier League,2023-2024,Oct 08 2023 - 1:00pm,West Ham United,Newcastle United,1.46,1.43,2.8899999999999997,0.9874999999999998,1.9024999999999999,Over,4,Over,1
Premier League,2023-2024,Oct 08 2023 - 1:00pm,Wolverhampton Wanderers,Aston Villa,1.06,1.48,2.54,1.0089285714285712,1.5310714285714289,Over,2,Over,1
Premier League,2023-2024,Oct 08 2023 - 3:30pm,Arsenal,Manchester City,1.95,2.46,4.41,1.3026315789473688,3.107368421052631,Over,1,Under,0
Premier League,2023-2024,Oct 21 2023 - 11:30am,Liverpool,Everton,2.06,1.5,3.56,0.42649999999999944,3.1335000000000006,Over,2,Over,1
Premier League,2023-2024,Oct 21 2023 - 2:00pm,AFC Bournemouth,Wolverhampton Wanderers,1.25,1.22,2.4699999999999998,1.1995918367346938,1.270408163265306,Over,3,Over,1
Premier League,2023-2024,Oct 21 2023 - 2:00pm,Brentford,Burnley,1.36,1.2,2.56,1.2969444444444447,1.2630555555555554,Over,3,Over,1
Premier League,2023-2024,Oct 21 2023 - 2:00pm,Manchester City,Brighton & Hove Albion,1.15,1.49,2.6399999999999997,-0.10217391304347778,2.7421739130434775,Over,3,Over,1
Premier League,2023-2024,Oct 21 2023 - 2:00pm,Newcastle United,Crystal Palace,1.93,1.31,3.24,1.0814772727272728,2.1585227272727274,Over,4,Over,1
Premier League,2023-2024,Oct 21 2023 - 2:00pm,Nottingham Forest,Luton Town,1.22,0.94,2.16,1.5291304347826085,0.6308695652173917,Over,4,Over,1
Premier League,2023-2024,Oct 21 2023 - 4:30pm,Chelsea,Arsenal,1.53,1.52,3.05,1.0918604651162787,1.9581395348837212,Over,4,Over,1
Premier League,2023-2024,Oct 21 2023 - 7:00pm,Sheffield United,Manchester United,1.03,1.22,2.25,0.707714285714286,1.542285714285714,Over,3,Over,1
Premier League,2023-2024,Oct 22 2023 - 3:30pm,Aston Villa,West Ham United,1.75,1.32,3.0700000000000003,0.9814772727272731,2.088522727272727,Over,5,Over,1
Premier League,2023-2024,Oct 23 2023 - 7:00pm,Tottenham Hotspur,Fulham,2.35,1.06,3.41,0.9727272727272729,2.4372727272727275,Over,2,Over,1
Premier League,2023-2024,Oct 27 2023 - 7:00pm,Crystal Palace,Tottenham Hotspur,1.38,1.78,3.16,1.0348837209302326,2.1251162790697675,Over,3,Over,1
Premier League,2023-2024,Oct 28 2023 - 11:30am,Chelsea,Brentford,1.47,1.47,2.94,1.362416666666667,1.577583333333333,Over,2,Over,1
Premier League,2023-2024,Oct 28 2023 - 2:00pm,AFC Bournemouth,Burnley,1.2,1.09,2.29,1.4063709677419354,0.8836290322580647,Over,3,Over,1
Premier League,2023-2024,Oct 28 2023 - 2:00pm,Arsenal,Sheffield United,1.8,1.0,2.8,0.15519230769230719,2.6448076923076926,Over,5,Over,1
Premier League,2023-2024,Oct 28 2023 - 4:30pm,Wolverhampton Wanderers,Newcastle United,1.03,1.37,2.4000000000000004,1.0956521739130434,1.304347826086957,Over,4,Over,1
Premier League,2023-2024,Oct 29 2023 - 1:00pm,West Ham United,Everton,1.32,1.3,2.62,1.1174468085106386,1.5025531914893615,Over,1,Under,0
Premier League,2023-2024,Oct 29 2023 - 2:00pm,Aston Villa,Luton Town,1.77,1.02,2.79,0.8711250000000004,1.9188749999999997,Over,4,Over,1
Premier League,2023-2024,Oct 29 2023 - 2:00pm,Brighton & Hove Albion,Fulham,1.93,1.07,3.0,0.7083333333333339,2.291666666666666,Over,2,Over,1
Premier League,2023-2024,Oct 29 2023 - 2:00pm,Liverpool,Nottingham Forest,2.09,1.11,3.2,0.35172413793103363,2.8482758620689665,Over,3,Over,1
Premier League,2023-2024,Oct 29 2023 - 3:30pm,Manchester United,Manchester City,1.81,2.09,3.9,1.0387499999999996,2.86125,Over,3,Over,1
Premier League,2023-2024,Nov 04 2023 - 12:30pm,Fulham,Manchester United,1.37,1.31,2.68,1.4623529411764706,1.2176470588235295,Over,1,Under,0
Premier League,2023-2024,Nov 04 2023 - 3:00pm,Brentford,West Ham United,1.58,1.3,2.88,1.2235576923076923,1.6564423076923076,Over,5,Over,1
Premier League,2023-2024,Nov 04 2023 - 3:00pm,Burnley,Crystal Palace,1.08,1.32,2.4000000000000004,1.6044117647058824,0.7955882352941179,Over,2,Over,1
Premier League,2023-2024,Nov 04 2023 - 3:00pm,Everton,Brighton & Hove Albion,1.86,1.34,3.2,0.7824324324324328,2.417567567567567,Over,2,Over,1
Premier League,2023-2024,Nov 04 2023 - 3:00pm,Manchester City,AFC Bournemouth,1.28,1.36,2.64,-0.021458333333333357,2.6614583333333335,Over,7,Over,1
Premier League,2023-2024,Nov 04 2023 - 3:00pm,Sheffield United,Wolverhampton Wanderers,1.1,1.4,2.5,1.4708955223880598,1.0291044776119402,Over,3,Over,1
Premier League,2023-2024,Nov 04 2023 - 5:30pm,Newcastle United,Arsenal,1.86,1.45,3.31,1.3332727272727274,1.9767272727272727,Over,1,Under,0
Premier League,2023-2024,Nov 05 2023 - 2:00pm,Nottingham Forest,Aston Villa,1.45,1.48,2.9299999999999997,1.3512096774193552,1.5787903225806446,Over,2,Over,1
Premier League,2023-2024,Nov 05 2023 - 4:30pm,Luton Town,Liverpool,1.5,1.33,2.83,1.3428571428571427,1.4871428571428573,Over,2,Over,1
Premier League,2023-2024,Nov 06 2023 - 8:00pm,Tottenham Hotspur,Chelsea,2.14,1.56,3.7,1.2380555555555555,2.4619444444444447,Over,5,Over,1
Premier League,2023-2024,Nov 11 2023 - 12:30pm,Wolverhampton Wanderers,Tottenham Hotspur,1.11,1.64,2.75,0.9571428571428575,1.7928571428571425,Over,3,Over,1
Premier League,2023-2024,Nov 11 2023 - 3:00pm,Arsenal,Burnley,1.79,1.07,2.8600000000000003,0.43600000000000083,2.4239999999999995,Over,4,Over,1
Premier League,2023-2024,Nov 11 2023 - 3:00pm,Crystal Palace,Everton,1.31,1.28,2.59,1.6642567567567568,0.9257432432432431,Over,5,Over,1
Premier League,2023-2024,Nov 11 2023 - 3:00pm,Manchester United,Luton Town,1.67,0.95,2.62,0.7362500000000003,1.8837499999999998,Over,1,Over,1
Premier League,2023-2024,Nov 11 2023 - 5:30pm,AFC Bournemouth,Newcastle United,1.26,1.38,2.6399999999999997,1.01875,1.6212499999999996,Over,2,Over,1
Premier League,2023-2024,Nov 12 2023 - 2:00pm,Aston Villa,Fulham,1.73,1.1,2.83,0.7562500000000003,2.0737499999999995,Over,4,Over,1
Premier League,2023-2024,Nov 12 2023 - 2:00pm,Brighton & Hove Albion,Sheffield United,1.94,0.85,2.79,0.24444444444444446,2.5455555555555556,Over,2,Over,1
Premier League,2023-2024,Nov 12 2023 - 2:00pm,Liverpool,Brentford,2.15,1.39,3.54,0.43600000000000083,3.103999999999999,Over,3,Over,1
Premier League,2023-2024,Nov 12 2023 - 2:00pm,West Ham United,Nottingham Forest,1.33,1.04,2.37,0.9346153846153844,1.4353846153846157,Over,5,Over,1
Premier League,2023-2024,Nov 12 2023 - 4:30pm,Chelsea,Manchester City,1.55,2.13,3.6799999999999997,1.0569767441860463,2.6230232558139535,Over,8,Over,1
Premier League,2023-2024,Nov 25 2023 - 12:30pm,Manchester City,Liverpool,1.45,1.49,2.94,0.8307692307692311,2.109230769230769,Over,2,Over,1
Premier League,2023-2024,Nov 25 2023 - 3:00pm,Burnley,West Ham United,1.22,1.28,2.5,1.2058823529411762,1.2941176470588238,Over,3,Over,1
Premier League,2023-2024,Nov 25 2023 - 3:00pm,Luton Town,Crystal Palace,1.43,1.2,2.63,1.5958333333333334,1.0341666666666665,Over,3,Over,1
Premier League,2023-2024,Nov 25 2023 - 3:00pm,Newcastle United,Chelsea,1.69,1.66,3.3499999999999996,1.2291,2.1209,Over,5,Over,1
Premier League,2023-2024,Nov 25 2023 - 3:00pm,Nottingham Forest,Brighton & Hove Albion,1.32,1.27,2.59,0.7341176470588244,1.8558823529411754,Over,5,Over,1
Premier League,2023-2024,Nov 25 2023 - 3:00pm,Sheffield United,AFC Bournemouth,1.1,1.21,2.31,1.4511363636363634,0.8588636363636366,Over,4,Over,1
Premier League,2023-2024,Nov 25 2023 - 5:30pm,Brentford,Arsenal,1.56,1.38,2.94,0.9656578947368417,1.9743421052631582,Over,1,Over,1
Premier League,2023-2024,Nov 26 2023 - 2:00pm,Tottenham Hotspur,Aston Villa,1.93,1.5,3.4299999999999997,1.043404255319149,2.386595744680851,Over,3,Over,1
Premier League,2023-2024,Nov 26 2023 - 4:30pm,Everton,Manchester United,1.73,1.34,3.0700000000000003,1.286666666666667,1.7833333333333332,Over,3,Over,1
Premier League,2023-2024,Nov 27 2023 - 8:00pm,Fulham,Wolverhampton Wanderers,1.37,1.34,2.71,1.6245454545454545,1.0854545454545454,Over,5,Over,1
Premier League,2023-2024,Dec 02 2023 - 3:00pm,Arsenal,Wolverhampton Wanderers,1.84,1.34,3.18,0.9205000000000003,2.2595,Over,3,Over,1
Premier League,2023-2024,Dec 02 2023 - 3:00pm,Brentford,Luton Town,1.5,0.96,2.46,1.1484374999999998,1.3115625000000002,Over,4,Over,1
Premier League,2023-2024,Dec 02 2023 - 3:00pm,Burnley,Sheffield United,1.25,0.88,2.13,1.3968103448275861,0.7331896551724137,Over,5,Over,1
Premier League,2023-2024,Dec 02 2023 - 5:30pm,Nottingham Forest,Everton,1.38,1.27,2.65,1.4665573770491804,1.1834426229508195,Over,1,Under,0
Premier League,2023-2024,Dec 02 2023 - 8:00pm,Newcastle United,Manchester United,1.67,1.32,2.99,1.1678999999999997,1.8221000000000005,Over,1,Under,0
Premier League,2023-2024,Dec 03 2023 - 2:00pm,AFC Bournemouth,Aston Villa,1.4,1.52,2.92,0.7083333333333339,2.211666666666666,Over,4,Over,1
Premier League,2023-2024,Dec 03 2023 - 2:00pm,Chelsea,Brighton & Hove Albion,1.58,1.28,2.8600000000000003,0.8072368421052636,2.052763157894737,Over,5,Over,1
Premier League,2023-2024,Dec 03 2023 - 2:00pm,Liverpool,Fulham,2.15,1.13,3.28,0.24444444444444446,3.0355555555555553,Over,7,Over,1
Premier League,2023-2024,Dec 03 2023 - 2:00pm,West Ham United,Crystal Palace,1.39,1.3,2.69,1.3081730769230773,1.3818269230769227,Over,2,Over,1
Premier League,2023-2024,Dec 03 2023 - 4:30pm,Manchester City,Tottenham Hotspur,1.48,1.52,3.0,0.4084999999999992,2.591500000000001,Over,6,Over,1
Premier League,2023-2024,Dec 05 2023 - 7:30pm,Wolverhampton Wanderers,Burnley,1.18,1.09,2.27,1.3217543859649123,0.9482456140350877,Over,1,Under,0
Premier League,2023-2024,Dec 05 2023 - 8:15pm,Luton Town,Arsenal,1.38,1.45,2.83,0.45600000000000085,2.373999999999999,Over,7,Over,1
Premier League,2023-2024,Dec 06 2023 - 7:30pm,Brighton & Hove Albion,Brentford,1.88,1.41,3.29,0.9392682926829272,2.350731707317073,Over,3,Over,1
Premier League,2023-2024,Dec 06 2023 - 7:30pm,Fulham,Nottingham Forest,1.4,1.06,2.46,1.5,0.96,Over,5,Over,1
Premier League,2023-2024,Dec 06 2023 - 7:30pm,Sheffield United,Liverpool,1.08,1.41,2.49,-0.4440000000000013,2.9340000000000015,Over,2,Over,1
Premier League,2023-2024,Dec 06 2023 - 7:30pm,Crystal Palace,AFC Bournemouth,1.32,1.43,2.75,1.5,1.25,Over,2,Over,1
Premier League,2023-2024,Dec 06 2023 - 8:15pm,Aston Villa,Manchester City,1.68,2.15,3.83,0.6470588235294124,3.182941176470588,Over,1,Over,1
Premier League,2023-2024,Dec 06 2023 - 8:15pm,Manchester United,Chelsea,1.69,1.55,3.24,0.9874999999999998,2.2525000000000004,Over,3,Over,1
Premier League,2023-2024,Dec 07 2023 - 7:30pm,Everton,Newcastle United,1.79,1.37,3.16,0.9656578947368417,2.1943421052631584,Over,3,Over,1
Premier League,2023-2024,Dec 07 2023 - 8:15pm,Tottenham Hotspur,West Ham United,2.0,1.24,3.24,0.5083870967741941,2.7316129032258063,Over,3,Over,1
Premier League,2023-2024,Dec 09 2023 - 12:30pm,Crystal Palace,Liverpool,1.32,1.47,2.79,0.8267105263157897,1.9632894736842104,Over,3,Over,1
Premier League,2023-2024,Dec 09 2023 - 3:00pm,Brighton & Hove Albion,Burnley,1.9,1.11,3.01,0.7461111111111114,2.2638888888888884,Over,2,Over,1
Premier League,2023-2024,Dec 09 2023 - 3:00pm,Manchester United,AFC Bournemouth,1.79,1.4,3.19,1.3084166666666666,1.8815833333333334,Over,3,Over,1
Premier League,2023-2024,Dec 09 2023 - 3:00pm,Sheffield United,Brentford,1.04,1.33,2.37,1.3720634920634924,0.9979365079365077,Over,1,Under,0
Premier League,2023-2024,Dec 09 2023 - 3:00pm,Wolverhampton Wanderers,Nottingham Forest,1.16,1.02,2.1799999999999997,1.3772727272727274,0.8027272727272723,Over,2,Over,1
Premier League,2023-2024,Dec 09 2023 - 5:30pm,Aston Villa,Arsenal,1.7,1.56,3.26,1.2949152542372881,1.9650847457627116,Over,1,Under,0
Premier League,2023-2024,Dec 10 2023 - 2:00pm,Everton,Chelsea,1.8,1.51,3.31,1.1799999999999997,2.1300000000000003,Over,2,Over,1
Premier League,2023-2024,Dec 10 2023 - 2:00pm,Fulham,West Ham United,1.43,1.24,2.67,1.1995918367346938,1.470408163265306,Over,5,Over,1
Premier League,2023-2024,Dec 10 2023 - 2:00pm,Luton Town,Manchester City,1.31,1.97,3.2800000000000002,0.08879999999999955,3.1912000000000007,Over,3,Over,1
Premier League,2023-2024,Dec 10 2023 - 4:30pm,Tottenham Hotspur,Newcastle United,2.08,1.36,3.4400000000000004,1.124705882352941,2.3152941176470594,Over,5,Over,1
Premier League,2023-2024,Dec 15 2023 - 8:00pm,Nottingham Forest,Tottenham Hotspur,1.35,1.45,2.8,0.9101250000000005,1.8898749999999993,Over,2,Over,1
Premier League,2023-2024,Dec 16 2023 - 3:00pm,Chelsea,Sheffield United,1.53,0.87,2.4,0.6136363636363644,1.7863636363636355,Over,2,Over,1
Premier League,2023-2024,Dec 16 2023 - 3:00pm,Manchester City,Crystal Palace,1.54,1.24,2.7800000000000002,0.4887096774193549,2.2912903225806454,Over,4,Over,1
Premier League,2023-2024,Dec 16 2023 - 3:00pm,Newcastle United,Fulham,1.72,1.14,2.86,0.8464864864864872,2.0135135135135127,Over,3,Over,1
Premier League,2023-2024,Dec 16 2023 - 5:30pm,Burnley,Everton,1.35,1.28,2.63,1.3312500000000005,1.2987499999999994,Over,2,Over,1
Premier League,2023-2024,Dec 17 2023 - 2:00pm,Arsenal,Brighton & Hove Albion,1.87,1.43,3.3,0.8267105263157897,2.4732894736842104,Over,2,Over,1
Premier League,2023-2024,Dec 17 2023 - 2:00pm,Brentford,Aston Villa,1.56,1.47,3.0300000000000002,1.065978260869565,1.9640217391304353,Over,3,Over,1
Premier League,2023-2024,Dec 17 2023 - 2:00pm,West Ham United,Wolverhampton Wanderers,1.36,1.29,2.6500000000000004,1.355431034482759,1.2945689655172414,Over,3,Over,1
Premier League,2023-2024,Dec 17 2023 - 4:30pm,Liverpool,Manchester United,2.23,1.22,3.45,0.5788235294117636,2.8711764705882366,Over,0,Under,0
Premier League,2023-2024,Dec 21 2023 - 8:00pm,Crystal Palace,Brighton & Hove Albion,1.29,1.33,2.62,1.3227272727272732,1.297272727272727,Over,2,Over,1
Premier League,2023-2024,Dec 22 2023 - 8:00pm,Aston Villa,Sheffield United,1.6,0.83,2.43,0.4887096774193549,1.9412903225806453,Over,2,Over,1
Premier League,2023-2024,Dec 23 2023 - 12:30pm,West Ham United,Manchester United,1.36,1.17,2.5300000000000002,1.0526666666666664,1.4773333333333338,Over,2,Over,1
Premier League,2023-2024,Dec 23 2023 - 3:00pm,Fulham,Burnley,1.48,1.1,2.58,1.2364705882352942,1.3435294117647059,Over,2,Over,1
Premier League,2023-2024,Dec 23 2023 - 3:00pm,Luton Town,Newcastle United,1.26,1.33,2.59,1.1380851063829784,1.4519148936170214,Over,1,Under,0
Premier League,2023-2024,Dec 23 2023 - 3:00pm,Nottingham Forest,AFC Bournemouth,1.33,1.4,2.73,1.2750000000000004,1.4549999999999996,Over,5,Over,1
Premier League,2023-2024,Dec 23 2023 - 3:00pm,Tottenham Hotspur,Everton,2.16,1.29,3.45,1.0606382978723405,2.3893617021276596,Over,3,Over,1
Premier League,2023-2024,Dec 23 2023 - 5:30pm,Liverpool,Arsenal,2.29,1.55,3.84,0.9205000000000003,2.9194999999999993,Over,2,Over,1
Premier League,2023-2024,Dec 24 2023 - 1:00pm,Wolverhampton Wanderers,Chelsea,1.17,1.52,2.69,1.355431034482759,1.334568965517241,Over,3,Over,1
Premier League,2023-2024,Dec 26 2023 - 12:30pm,Newcastle United,Nottingham Forest,1.84,1.01,2.85,1.0704545454545453,1.7795454545454548,Over,4,Over,1
Premier League,2023-2024,Dec 26 2023 - 3:00pm,AFC Bournemouth,Fulham,1.44,1.12,2.56,0.9980952380952379,1.5619047619047621,Over,3,Over,1
Premier League,2023-2024,Dec 26 2023 - 3:00pm,Sheffield United,Luton Town,1.07,0.91,1.98,1.1999999999999997,0.7800000000000002,Over,5,Over,1
Premier League,2023-2024,Dec 26 2023 - 5:30pm,Burnley,Liverpool,1.32,1.45,2.77,0.4887096774193549,2.281290322580645,Over,2,Over,1
Premier League,2023-2024,Dec 26 2023 - 8:00pm,Manchester United,Aston Villa,1.76,1.51,3.27,0.9741860465116281,2.2958139534883717,Over,5,Over,1
Premier League,2023-2024,Dec 27 2023 - 7:30pm,Brentford,Wolverhampton Wanderers,1.48,1.28,2.76,1.4463709677419352,1.3136290322580646,Over,5,Over,1
Premier League,2023-2024,Dec 27 2023 - 7:30pm,Chelsea,Crystal Palace,1.55,1.17,2.7199999999999998,1.335775862068966,1.3842241379310338,Over,3,Over,1
Premier League,2023-2024,Dec 27 2023 - 8:15pm,Everton,Manchester City,1.73,1.97,3.7,1.0490909090909093,2.650909090909091,Over,4,Over,1
Premier League,2023-2024,Dec 28 2023 - 7:30pm,Brighton & Hove Albion,Tottenham Hotspur,2.01,1.45,3.46,0.980666666666667,2.479333333333333,Over,6,Over,1
Premier League,2023-2024,Dec 28 2023 - 8:15pm,Arsenal,West Ham United,1.93,1.25,3.1799999999999997,0.9727272727272729,2.207272727272727,Over,2,Over,1
Premier League,2023-2024,Dec 30 2023 - 12:30pm,Luton Town,Chelsea,1.31,1.52,2.83,1.0241860465116277,1.8058139534883724,Over,5,Over,1
Premier League,2023-2024,Dec 30 2023 - 3:00pm,Aston Villa,Burnley,1.6,1.07,2.67,0.8494871794871799,1.82051282051282,Over,5,Over,1
Premier League,2023-2024,Dec 30 2023 - 3:00pm,Crystal Palace,Brentford,1.26,1.32,2.58,1.5109523809523806,1.0690476190476195,Over,4,Over,1
Premier League,2023-2024,Dec 30 2023 - 3:00pm,Manchester City,Sheffield United,1.64,0.83,2.4699999999999998,-0.021458333333333357,2.491458333333333,Over,2,Over,1
Premier League,2023-2024,Dec 30 2023 - 3:00pm,Wolverhampton Wanderers,Everton,1.2,1.38,2.58,1.4423728813559318,1.1376271186440683,Over,3,Over,1
Premier League,2023-2024,Dec 30 2023 - 5:30pm,Nottingham Forest,Manchester United,1.31,1.18,2.49,1.2666666666666664,1.2233333333333338,Over,3,Over,1
Premier League,2023-2024,Dec 31 2023 - 2:00pm,Fulham,Arsenal,1.5,1.5,3.0,0.882162162162162,2.117837837837838,Over,3,Over,1
Premier League,2023-2024,Dec 31 2023 - 2:00pm,Tottenham Hotspur,AFC Bournemouth,2.09,1.49,3.58,0.24444444444444446,3.3355555555555556,Over,4,Over,1
Premier League,2023-2024,Jan 01 2024 - 8:00pm,Liverpool,Newcastle United,2.18,1.32,3.5,1.0487500000000003,2.45125,Over,6,Over,1
Premier League,2023-2024,Jan 02 2024 - 7:30pm,West Ham United,Brighton & Hove Albion,1.36,1.39,2.75,0.9392682926829272,1.8107317073170728,Over,0,Under,0
Premier League,2023-2024,Jan 12 2024 - 7:45pm,Burnley,Luton Town,1.27,0.94,2.21,1.3833333333333335,0.8266666666666664,Over,2,Over,1
Premier League,2023-2024,Jan 13 2024 - 12:30pm,Chelsea,Fulham,1.51,1.11,2.62,0.9392682926829272,1.6807317073170729,Over,1,Over,1
Premier League,2023-2024,Jan 13 2024 - 5:30pm,Newcastle United,Manchester City,1.86,2.0,3.8600000000000003,1.065978260869565,2.7940217391304354,Over,5,Over,1
Premier League,2023-2024,Jan 14 2024 - 2:00pm,Everton,Aston Villa,1.67,1.48,3.15,1.0137209302325578,2.136279069767442,Over,0,Under,0
Premier League,2023-2024,Jan 14 2024 - 4:30pm,Manchester United,Tottenham Hotspur,1.75,1.47,3.2199999999999998,0.6282352941176474,2.591764705882352,Over,4,Over,1
Premier League,2023-2024,Jan 20 2024 - 12:30pm,Arsenal,Crystal Palace,2.04,1.19,3.23,0.8229166666666672,2.4070833333333326,Over,5,Over,1
Premier League,2023-2024,Jan 20 2024 - 5:30pm,Brentford,Nottingham Forest,1.49,1.06,2.55,1.1692708333333335,1.3807291666666663,Over,5,Over,1
Premier League,2023-2024,Jan 21 2024 - 2:00pm,Sheffield United,West Ham United,1.14,1.21,2.3499999999999996,0.8364062499999998,1.5135937499999998,Over,4,Over,1
Premier League,2023-2024,Jan 21 2024 - 4:30pm,AFC Bournemouth,Liverpool,1.41,1.53,2.94,0.6995833333333332,2.2404166666666665,Over,4,Over,1
Premier League,2023-2024,Jan 22 2024 - 7:45pm,Brighton & Hove Albion,Wolverhampton Wanderers,2.0,1.27,3.27,1.0034883720930232,2.2665116279069766,Over,0,Under,0
Premier League,2023-2024,Jan 30 2024 - 7:30pm,Nottingham Forest,Arsenal,1.27,1.49,2.76,1.0286363636363633,1.7313636363636364,Over,3,Over,1
Premier League,2023-2024,Jan 30 2024 - 7:45pm,Fulham,Everton,1.48,1.32,2.8,1.4463709677419352,1.3536290322580646,Over,0,Under,0
Premier League,2023-2024,Jan 30 2024 - 7:45pm,Luton Town,Brighton & Hove Albion,1.36,1.48,2.84,0.8794871794871795,1.9605128205128204,Over,4,Over,1
Premier League,2023-2024,Jan 30 2024 - 8:00pm,Crystal Palace,Sheffield United,1.3,0.8,2.1,1.5311363636363633,0.5688636363636368,Over,5,Over,1
Premier League,2023-2024,Jan 30 2024 - 8:15pm,Aston Villa,Newcastle United,1.63,1.26,2.8899999999999997,0.5403225806451617,2.3496774193548378,Over,4,Over,1
Premier League,2023-2024,Jan 31 2024 - 7:30pm,Tottenham Hotspur,Brentford,2.03,1.33,3.36,1.0208695652173916,2.339130434782608,Over,5,Over,1
Premier League,2023-2024,Jan 31 2024 - 7:30pm,Manchester City,Burnley,1.67,1.08,2.75,0.20814814814814842,2.5418518518518516,Over,4,Over,1
Premier League,2023-2024,Jan 31 2024 - 8:15pm,Liverpool,Chelsea,2.28,1.52,3.8,1.3272727272727272,2.4727272727272727,Over,5,Over,1
Premier League,2023-2024,Feb 01 2024 - 7:30pm,West Ham United,AFC Bournemouth,1.32,1.5,2.8200000000000003,0.8578947368421053,1.962105263157895,Over,2,Over,1
Premier League,2023-2024,Feb 01 2024 - 8:15pm,Wolverhampton Wanderers,Manchester United,1.23,1.22,2.45,1.1678999999999997,1.2821000000000005,Over,7,Over,1
Premier League,2023-2024,Feb 03 2024 - 12:30pm,Everton,Tottenham Hotspur,1.63,1.49,3.12,1.0034883720930232,2.116511627906977,Over,4,Over,1
Premier League,2023-2024,Feb 03 2024 - 3:00pm,Brighton & Hove Albion,Crystal Palace,1.93,1.21,3.1399999999999997,1.2043269230769231,1.9356730769230766,Over,5,Over,1
Premier League,2023-2024,Feb 03 2024 - 3:00pm,Burnley,Fulham,1.31,1.14,2.45,1.5,0.9500000000000002,Over,4,Over,1
Premier League,2023-2024,Feb 03 2024 - 3:00pm,Newcastle United,Luton Town,1.8,0.99,2.79,0.7362500000000003,2.05375,Over,8,Over,1
Premier League,2023-2024,Feb 03 2024 - 5:30pm,Sheffield United,Aston Villa,1.2,1.5,2.7,0.8794871794871795,1.8205128205128207,Over,5,Over,1
Premier League,2023-2024,Feb 04 2024 - 2:00pm,AFC Bournemouth,Nottingham Forest,1.37,1.08,2.45,0.8464864864864872,1.603513513513513,Over,2,Over,1
Premier League,2023-2024,Feb 04 2024 - 2:00pm,Chelsea,Wolverhampton Wanderers,1.53,1.25,2.7800000000000002,0.7995833333333335,1.9804166666666667,Over,6,Over,1
Premier League,2023-2024,Feb 04 2024 - 2:00pm,Manchester United,West Ham United,1.69,1.22,2.91,0.9101250000000005,1.9998749999999996,Over,3,Over,1
Premier League,2023-2024,Feb 04 2024 - 4:30pm,Arsenal,Liverpool,2.02,1.55,3.5700000000000003,0.9495121951219512,2.6204878048780493,Over,4,Over,1
Premier League,2023-2024,Feb 05 2024 - 8:00pm,Brentford,Manchester City,1.48,2.07,3.55,0.8494871794871799,2.70051282051282,Over,4,Over,1
Premier League,2023-2024,Feb 10 2024 - 12:30pm,Manchester City,Everton,1.66,1.35,3.01,0.43600000000000083,2.573999999999999,Over,2,Over,1
Premier League,2023-2024,Feb 10 2024 - 3:00pm,Fulham,AFC Bournemouth,1.55,1.48,3.0300000000000002,1.0833333333333333,1.946666666666667,Over,4,Over,1
Premier League,2023-2024,Feb 10 2024 - 3:00pm,Liverpool,Burnley,2.32,1.07,3.3899999999999997,-0.11130434782608756,3.5013043478260872,Over,4,Over,1
Premier League,2023-2024,Feb 10 2024 - 3:00pm,Luton Town,Sheffield United,1.38,0.83,2.21,1.5316455696202533,0.6783544303797466,Over,4,Over,1
Premier League,2023-2024,Feb 10 2024 - 3:00pm,Tottenham Hotspur,Brighton & Hove Albion,2.03,1.42,3.4499999999999997,0.006666666666666821,3.443333333333333,Over,3,Over,1
Premier League,2023-2024,Feb 10 2024 - 3:00pm,Wolverhampton Wanderers,Brentford,1.28,1.33,2.6100000000000003,1.11875,1.4912500000000004,Over,2,Over,1
Premier League,2023-2024,Feb 10 2024 - 5:30pm,Nottingham Forest,Newcastle United,1.23,1.26,2.49,0.8581081081081086,1.6318918918918917,Over,5,Over,1
Premier League,2023-2024,Feb 11 2024 - 2:00pm,West Ham United,Arsenal,1.29,1.53,2.8200000000000003,0.9495121951219512,1.870487804878049,Over,6,Over,1
Premier League,2023-2024,Feb 11 2024 - 4:30pm,Aston Villa,Manchester United,1.63,1.29,2.92,0.8494871794871799,2.0705128205128203,Over,3,Over,1
Premier League,2023-2024,Feb 12 2024 - 8:00pm,Crystal Palace,Chelsea,1.32,1.45,2.77,1.3171428571428574,1.4528571428571426,Over,4,Over,1
Premier League,2023-2024,Feb 17 2024 - 12:30pm,Brentford,Liverpool,1.43,1.5,2.9299999999999997,0.6785714285714293,2.2514285714285704,Over,5,Over,1
Premier League,2023-2024,Feb 17 2024 - 3:00pm,Burnley,Arsenal,1.31,1.64,2.95,0.6454545454545455,2.3045454545454547,Over,5,Over,1
Premier League,2023-2024,Feb 17 2024 - 3:00pm,Fulham,Aston Villa,1.53,1.54,3.0700000000000003,1.1,1.9700000000000002,Over,3,Over,1
Premier League,2023-2024,Feb 17 2024 - 3:00pm,Newcastle United,AFC Bournemouth,1.79,1.52,3.31,0.8531250000000004,2.4568749999999997,Over,4,Over,1
Premier League,2023-2024,Feb 17 2024 - 3:00pm,Nottingham Forest,West Ham United,1.24,1.26,2.5,1.2435576923076925,1.2564423076923075,Over,2,Over,1
Premier League,2023-2024,Feb 17 2024 - 3:00pm,Tottenham Hotspur,Wolverhampton Wanderers,1.99,1.27,3.26,0.5581818181818179,2.701818181818182,Over,3,Over,1
Premier League,2023-2024,Feb 17 2024 - 5:30pm,Manchester City,Chelsea,1.64,1.47,3.11,0.5845454545454551,2.5254545454545445,Over,2,Over,1
Premier League,2023-2024,Feb 18 2024 - 2:00pm,Sheffield United,Brighton & Hove Albion,1.21,1.38,2.59,0.8917073170731711,1.6982926829268288,Over,5,Over,1
Premier League,2023-2024,Feb 18 2024 - 4:30pm,Luton Town,Manchester United,1.43,1.3,2.73,0.8917073170731711,1.838292682926829,Over,3,Over,1
Premier League,2023-2024,Feb 19 2024 - 8:00pm,Everton,Crystal Palace,1.63,1.19,2.82,1.6682926829268292,1.1517073170731706,Over,2,Over,1
Premier League,2023-2024,Feb 20 2024 - 7:30pm,Manchester City,Brentford,1.71,1.33,3.04,0.2999999999999994,2.7400000000000007,Over,1,Over,1
Premier League,2023-2024,Feb 21 2024 - 7:30pm,Liverpool,Luton Town,2.32,1.04,3.36,0.4084999999999992,2.9515000000000007,Over,5,Over,1
Premier League,2023-2024,Feb 24 2024 - 3:00pm,Aston Villa,Nottingham Forest,1.69,1.1,2.79,0.8711250000000004,1.9188749999999997,Over,6,Over,1
Premier League,2023-2024,Feb 24 2024 - 3:00pm,Brighton & Hove Albion,Everton,1.87,1.28,3.1500000000000004,0.7505714285714289,2.3994285714285715,Over,2,Over,1
Premier League,2023-2024,Feb 24 2024 - 3:00pm,Crystal Palace,Burnley,1.31,1.07,2.38,1.1048780487804872,1.2751219512195127,Over,3,Over,1
Premier League,2023-2024,Feb 24 2024 - 3:00pm,Manchester United,Fulham,1.67,1.19,2.86,0.8805000000000007,1.9794999999999991,Over,3,Over,1
Premier League,2023-2024,Feb 24 2024 - 5:30pm,AFC Bournemouth,Manchester City,1.33,2.15,3.48,0.43600000000000083,3.043999999999999,Over,1,Over,1
Premier League,2023-2024,Feb 24 2024 - 8:00pm,Arsenal,Newcastle United,1.99,1.26,3.25,0.6519999999999999,2.598,Over,5,Over,1
Premier League,2023-2024,Feb 25 2024 - 1:30pm,Wolverhampton Wanderers,Sheffield United,1.33,0.84,2.17,0.9205000000000003,1.2494999999999996,Over,1,Over,1
Premier League,2023-2024,Feb 26 2024 - 8:00pm,West Ham United,Brentford,1.22,1.29,2.51,1.1583999999999999,1.3516,Over,6,Over,1
Premier League,2023-2024,Mar 02 2024 - 3:00pm,Brentford,Chelsea,1.45,1.45,2.9,0.9300000000000004,1.9699999999999995,Over,4,Over,1
Premier League,2023-2024,Mar 02 2024 - 3:00pm,Everton,West Ham United,1.64,1.25,2.8899999999999997,1.2666666666666664,1.6233333333333333,Over,4,Over,1
Premier League,2023-2024,Mar 02 2024 - 3:00pm,Fulham,Brighton & Hove Albion,1.54,1.46,3.0,0.964883720930233,2.0351162790697668,Over,3,Over,1
Premier League,2023-2024,Mar 02 2024 - 3:00pm,Newcastle United,Wolverhampton Wanderers,1.79,1.3,3.09,0.9113095238095243,2.1786904761904755,Over,3,Over,1
Premier League,2023-2024,Mar 02 2024 - 3:00pm,Nottingham Forest,Liverpool,1.29,1.53,2.8200000000000003,0.6437142857142857,2.1762857142857146,Over,1,Over,1
Premier League,2023-2024,Mar 02 2024 - 3:00pm,Tottenham Hotspur,Crystal Palace,1.99,1.19,3.1799999999999997,0.691111111111111,2.488888888888889,Over,4,Over,1
Premier League,2023-2024,Mar 02 2024 - 5:30pm,Luton Town,Aston Villa,1.47,1.51,2.98,0.5289062499999997,2.45109375,Over,5,Over,1
Premier League,2023-2024,Mar 03 2024 - 1:00pm,Burnley,AFC Bournemouth,1.25,1.52,2.77,1.01875,1.75125,Over,2,Over,1
Premier League,2023-2024,Mar 03 2024 - 3:30pm,Manchester City,Manchester United,1.81,1.36,3.17,0.39999999999999947,2.7700000000000005,Over,4,Over,1
Premier League,2023-2024,Mar 04 2024 - 8:00pm,Sheffield United,Arsenal,1.16,1.64,2.8,0.39999999999999947,2.4000000000000004,Over,6,Over,1
Premier League,2023-2024,Mar 09 2024 - 12:30pm,Manchester United,Everton,1.7,1.26,2.96,1.0034883720930232,1.9565116279069767,Over,2,Over,1
Premier League,2023-2024,Mar 09 2024 - 3:00pm,AFC Bournemouth,Sheffield United,1.33,0.88,2.21,0.7362500000000003,1.4737499999999997,Over,4,Over,1
Premier League,2023-2024,Mar 09 2024 - 3:00pm,Crystal Palace,Luton Town,1.35,1.03,2.38,1.2122641509433965,1.1677358490566034,Over,2,Over,1
Premier League,2023-2024,Mar 09 2024 - 3:00pm,Wolverhampton Wanderers,Fulham,1.33,1.21,2.54,1.3168103448275865,1.2231896551724135,Over,3,Over,1
Premier League,2023-2024,Mar 09 2024 - 5:30pm,Arsenal,Brentford,2.01,1.33,3.34,0.37965517241379265,2.960344827586207,Over,3,Over,1
Premier League,2023-2024,Mar 10 2024 - 1:00pm,Aston Villa,Tottenham Hotspur,1.68,1.48,3.16,0.2580357142857146,2.9019642857142856,Over,4,Over,1
Premier League,2023-2024,Mar 10 2024 - 2:00pm,Brighton & Hove Albion,Nottingham Forest,1.87,1.11,2.9800000000000004,0.5083870967741941,2.4716129032258065,Over,1,Over,1
Premier League,2023-2024,Mar 10 2024 - 2:00pm,West Ham United,Burnley,1.28,1.03,2.31,0.8472368421052634,1.4627631578947367,Over,4,Over,1
Premier League,2023-2024,Mar 10 2024 - 3:45pm,Liverpool,Manchester City,2.37,2.11,4.48,0.8279999999999994,3.652000000000001,Over,2,Over,1
Premier League,2023-2024,Mar 11 2024 - 8:00pm,Chelsea,Newcastle United,1.56,1.21,2.77,0.52,2.25,Over,5,Over,1
Premier League,2023-2024,Mar 13 2024 - 7:30pm,AFC Bournemouth,Luton Town,1.47,1.04,2.51,-0.03750000000000098,2.5475000000000008,Over,7,Over,1
Premier League,2023-2024,Mar 16 2024 - 3:00pm,Burnley,Brentford,1.31,1.3,2.6100000000000003,0.6000000000000005,2.01,Over,3,Over,1
Premier League,2023-2024,Mar 16 2024 - 3:00pm,Luton Town,Nottingham Forest,1.46,1.12,2.58,0.9874999999999998,1.5925000000000002,Over,2,Over,1
Premier League,2023-2024,Mar 16 2024 - 5:30pm,Fulham,Tottenham Hotspur,1.53,1.46,2.99,0.6136363636363644,2.376363636363636,Over,3,Over,1
Premier League,2023-2024,Mar 17 2024 - 2:00pm,West Ham United,Aston Villa,1.32,1.52,2.84,0.8805000000000007,1.9594999999999991,Over,2,Over,1
Premier League,2023-2024,Mar 30 2024 - 12:30pm,Newcastle United,West Ham United,1.78,1.26,3.04,0.4665000000000008,2.5734999999999992,Over,7,Over,1
Premier League,2023-2024,Mar 30 2024 - 3:00pm,AFC Bournemouth,Everton,1.54,1.3,2.84,1.065978260869565,1.774021739130435,Over,3,Over,1
Premier League,2023-2024,Mar 30 2024 - 3:00pm,Chelsea,Burnley,1.56,1.03,2.59,0.6022058823529404,1.9877941176470595,Over,4,Over,1
Premier League,2023-2024,Mar 30 2024 - 3:00pm,Nottingham Forest,Crystal Palace,1.26,1.15,2.41,1.4790625,0.9309375000000002,Over,2,Over,1
Premier League,2023-2024,Mar 30 2024 - 3:00pm,Sheffield United,Fulham,1.1,1.27,2.37,1.1114285714285714,1.2585714285714287,Over,6,Over,1
Premier League,2023-2024,Mar 30 2024 - 3:00pm,Tottenham Hotspur,Luton Town,2.0,1.04,3.04,-0.2556818181818188,3.295681818181819,Over,3,Over,1
Premier League,2023-2024,Mar 30 2024 - 5:30pm,Aston Villa,Wolverhampton Wanderers,1.61,1.3,2.91,0.836125,2.073875,Over,2,Over,1
Premier League,2023-2024,Mar 30 2024 - 8:00pm,Brentford,Manchester United,1.45,1.3,2.75,1.272177419354839,1.477822580645161,Over,2,Over,1
Premier League,2023-2024,Mar 31 2024 - 1:00pm,Liverpool,Brighton & Hove Albion,2.33,1.48,3.81,0.35172413793103363,3.4582758620689664,Over,3,Over,1
Premier League,2023-2024,Mar 31 2024 - 3:30pm,Manchester City,Arsenal,1.88,1.7,3.58,0.9817073170731705,2.5982926829268296,Over,0,Under,0
Premier League,2023-2024,Apr 02 2024 - 6:30pm,Nottingham Forest,Fulham,1.27,1.33,2.6,1.2367708333333332,1.363229166666667,Over,4,Over,1
Premier League,2023-2024,Apr 02 2024 - 6:30pm,Newcastle United,Everton,1.81,1.29,3.1,1.1114285714285714,1.9885714285714287,Over,2,Over,1
Premier League,2023-2024,Apr 02 2024 - 6:45pm,AFC Bournemouth,Crystal Palace,1.51,1.15,2.66,0.9707317073170731,1.689268292682927,Over,1,Over,1
Premier League,2023-2024,Apr 02 2024 - 6:45pm,Burnley,Wolverhampton Wanderers,1.34,1.31,2.6500000000000004,1.1165217391304345,1.5334782608695658,Over,2,Over,1
Premier League,2023-2024,Apr 02 2024 - 7:15pm,West Ham United,Tottenham Hotspur,1.33,1.49,2.8200000000000003,0.24444444444444446,2.575555555555556,Over,2,Over,1
Premier League,2023-2024,Apr 03 2024 - 6:30pm,Arsenal,Luton Town,2.0,1.02,3.02,0.4874999999999994,2.5325000000000006,Over,2,Over,1
Premier League,2023-2024,Apr 03 2024 - 6:30pm,Brentford,Brighton & Hove Albion,1.52,1.45,2.9699999999999998,0.8805000000000007,2.0894999999999992,Over,0,Under,0
Premier League,2023-2024,Apr 03 2024 - 7:15pm,Manchester City,Aston Villa,1.85,1.52,3.37,0.7884615384615383,2.581538461538462,Over,5,Over,1
Premier League,2023-2024,Apr 04 2024 - 6:30pm,Liverpool,Sheffield United,2.35,0.93,3.2800000000000002,-0.48900000000000077,3.769000000000001,Over,4,Over,1
Premier League,2023-2024,Apr 04 2024 - 7:15pm,Chelsea,Manchester United,1.67,1.3,2.9699999999999998,1.1088235294117648,1.861176470588235,Over,7,Over,1
Premier League,2023-2024,Apr 06 2024 - 11:30am,Crystal Palace,Manchester City,1.37,2.06,3.43,1.1092708333333332,2.320729166666667,Over,6,Over,1
Premier League,2023-2024,Apr 06 2024 - 2:00pm,Aston Villa,Brentford,1.59,1.29,2.88,0.8866666666666665,1.9933333333333334,Over,6,Over,1
Premier League,2023-2024,Apr 06 2024 - 2:00pm,Everton,Burnley,1.69,1.08,2.77,1.1875000000000002,1.5824999999999998,Over,1,Under,0
Premier League,2023-2024,Apr 06 2024 - 2:00pm,Fulham,Newcastle United,1.53,1.22,2.75,0.7714473684210523,1.9785526315789477,Over,1,Over,1
Premier League,2023-2024,Apr 06 2024 - 2:00pm,Luton Town,AFC Bournemouth,1.44,1.49,2.9299999999999997,0.6470588235294124,2.2829411764705876,Over,3,Over,1
Premier League,2023-2024,Apr 06 2024 - 2:00pm,Wolverhampton Wanderers,West Ham United,1.32,1.26,2.58,1.2043269230769231,1.375673076923077,Over,3,Over,1
Premier League,2023-2024,Apr 06 2024 - 4:30pm,Brighton & Hove Albion,Arsenal,1.82,1.64,3.46,1.177169811320755,2.2828301886792453,Over,3,Over,1
Premier League,2023-2024,Apr 07 2024 - 2:30pm,Manchester United,Liverpool,1.7,1.53,3.23,-0.21818181818181825,3.4481818181818182,Over,4,Over,1
Premier League,2023-2024,Apr 07 2024 - 4:30pm,Sheffield United,Chelsea,1.1,1.46,2.56,0.17442307692307635,2.3855769230769237,Over,4,Over,1
Premier League,2023-2024,Apr 07 2024 - 5:00pm,Tottenham Hotspur,Nottingham Forest,1.97,1.15,3.12,0.18461538461538485,2.9353846153846153,Over,4,Over,1
Premier League,2023-2024,Apr 13 2024 - 11:30am,Newcastle United,Tottenham Hotspur,1.8,1.48,3.2800000000000002,-0.2866666666666666,3.566666666666667,Over,4,Over,1
Premier League,2023-2024,Apr 13 2024 - 2:00pm,Brentford,Sheffield United,1.47,0.92,2.39,0.8307692307692311,1.559230769230769,Over,2,Over,1
Premier League,2023-2024,Apr 13 2024 - 2:00pm,Burnley,Brighton & Hove Albion,1.37,1.5,2.87,0.8368421052631585,2.0331578947368416,Over,2,Over,1
Premier League,2023-2024,Apr 13 2024 - 2:00pm,Manchester City,Luton Town,1.91,1.0,2.91,-2.111250000000001,5.021250000000001,Over,6,Over,1
Premier League,2023-2024,Apr 13 2024 - 2:00pm,Nottingham Forest,Wolverhampton Wanderers,1.28,1.28,2.56,1.2538461538461536,1.3061538461538464,Over,4,Over,1
Premier League,2023-2024,Apr 13 2024 - 4:30pm,AFC Bournemouth,Manchester United,1.51,1.31,2.8200000000000003,0.02749999999999897,2.7925000000000013,Over,4,Over,1
Premier League,2023-2024,Apr 14 2024 - 1:00pm,Liverpool,Crystal Palace,2.39,1.14,3.5300000000000002,0.24444444444444446,3.285555555555556,Over,1,Over,1
Premier League,2023-2024,Apr 14 2024 - 1:00pm,West Ham United,Fulham,1.32,1.37,2.6900000000000004,0.8578947368421053,1.8321052631578951,Over,2,Over,1
Premier League,2023-2024,Apr 14 2024 - 3:30pm,Arsenal,Aston Villa,1.94,1.48,3.42,0.4887096774193549,2.931290322580645,Over,2,Over,1
Premier League,2023-2024,Apr 15 2024 - 7:00pm,Chelsea,Everton,1.72,1.29,3.01,0.9300000000000004,2.079999999999999,Over,6,Over,1
Premier League,2023-2024,Apr 20 2024 - 2:00pm,Luton Town,Brentford,1.49,1.27,2.76,0.8445000000000003,1.9154999999999995,Over,6,Over,1
Premier League,2023-2024,Apr 20 2024 - 2:00pm,Sheffield United,Burnley,1.12,1.06,2.18,0.9904545454545459,1.1895454545454542,Over,5,Over,1
Premier League,2023-2024,Apr 20 2024 - 6:30pm,Wolverhampton Wanderers,Arsenal,1.35,1.66,3.01,0.9195121951219511,2.0904878048780486,Over,2,Over,1
Premier League,2023-2024,Apr 21 2024 - 12:30pm,Everton,Nottingham Forest,1.66,1.19,2.8499999999999996,1.0428571428571427,1.807142857142857,Over,2,Over,1
Premier League,2023-2024,Apr 21 2024 - 2:00pm,Aston Villa,AFC Bournemouth,1.57,1.45,3.02,0.8743902439024394,2.145609756097561,Over,4,Over,1
Premier League,2023-2024,Apr 21 2024 - 2:00pm,Crystal Palace,West Ham United,1.34,1.26,2.6,1.2785714285714285,1.3214285714285716,Over,7,Over,1
Premier League,2023-2024,Apr 21 2024 - 3:30pm,Fulham,Liverpool,1.55,1.59,3.14,0.8789285714285711,2.2610714285714293,Over,4,Over,1
Premier League,2023-2024,Apr 23 2024 - 7:00pm,Arsenal,Chelsea,1.92,1.43,3.3499999999999996,0.31928571428571395,3.0307142857142857,Over,5,Over,1
Premier League,2023-2024,Apr 24 2024 - 6:45pm,Wolverhampton Wanderers,AFC Bournemouth,1.31,1.45,2.76,4.0,-1.2400000000000002,Under,1,Under,1
Premier League,2023-2024,Apr 24 2024 - 7:00pm,Crystal Palace,Newcastle United,1.38,1.23,2.61,1.0526666666666664,1.5573333333333335,Over,2,Over,1
Premier League,2023-2024,Apr 24 2024 - 7:00pm,Everton,Liverpool,1.63,1.61,3.24,0.7083333333333339,2.5316666666666663,Over,2,Over,1
Premier League,2023-2024,Apr 24 2024 - 7:00pm,Manchester United,Sheffield United,1.66,0.92,2.58,1.072549019607843,1.507450980392157,Over,6,Over,1
Premier League,2023-2024,Apr 25 2024 - 7:00pm,Brighton & Hove Albion,Manchester City,1.77,2.07,3.84,0.7364864864864868,3.103513513513513,Over,4,Over,1
Premier League,2023-2024,Apr 27 2024 - 11:30am,West Ham United,Liverpool,1.35,1.63,2.98,0.08879999999999955,2.8912000000000004,Over,4,Over,1
Premier League,2023-2024,Apr 27 2024 - 2:00pm,Fulham,Crystal Palace,1.53,1.13,2.66,1.1074468085106381,1.552553191489362,Over,2,Over,1
Premier League,2023-2024,Apr 27 2024 - 2:00pm,Manchester United,Burnley,1.74,1.11,2.85,1.0937254901960782,1.7562745098039219,Over,2,Over,1
Premier League,2023-2024,Apr 27 2024 - 2:00pm,Newcastle United,Sheffield United,1.79,0.93,2.72,-0.20931818181818151,2.9293181818181817,Over,6,Over,1
Premier League,2023-2024,Apr 27 2024 - 2:00pm,Wolverhampton Wanderers,Luton Town,1.32,0.98,2.3,0.9000000000000001,1.3999999999999997,Over,3,Over,1
Premier League,2023-2024,Apr 27 2024 - 4:30pm,Everton,Brentford,1.62,1.34,2.96,1.0089285714285712,1.9510714285714288,Over,1,Under,0
Premier League,2023-2024,Apr 27 2024 - 7:00pm,Aston Villa,Chelsea,1.57,1.39,2.96,1.0487500000000003,1.9112499999999997,Over,4,Over,1
Premier League,2023-2024,Apr 28 2024 - 1:00pm,AFC Bournemouth,Brighton & Hove Albion,1.53,1.52,3.05,0.5381250000000006,2.511874999999999,Over,3,Over,1
Premier League,2023-2024,Apr 28 2024 - 1:00pm,Tottenham Hotspur,Arsenal,1.97,1.69,3.66,0.9028571428571435,2.7571428571428567,Over,5,Over,1
Premier League,2023-2024,Apr 28 2024 - 3:30pm,Nottingham Forest,Manchester City,1.33,2.04,3.37,0.6136363636363644,2.756363636363636,Over,2,Over,1
Premier League,2023-2024,May 02 2024 - 6:30pm,Chelsea,Tottenham Hotspur,1.73,1.46,3.19,0.24375000000000036,2.9462499999999996,Over,2,Over,1
Premier League,2023-2024,May 03 2024 - 7:00pm,Luton Town,Everton,1.46,1.29,2.75,1.0787234042553189,1.6712765957446811,Over,2,Over,1
Premier League,2023-2024,May 04 2024 - 11:30am,Arsenal,AFC Bournemouth,1.95,1.47,3.42,-0.20000000000000018,3.62,Over,3,Over,1
Premier League,2023-2024,May 04 2024 - 2:00pm,Brentford,Fulham,1.47,1.41,2.88,0.8794871794871795,2.0005128205128204,Over,0,Under,0
Premier League,2023-2024,May 04 2024 - 2:00pm,Burnley,Newcastle United,1.36,1.21,2.5700000000000003,0.5845454545454551,1.9854545454545451,Over,5,Over,1
Premier League,2023-2024,May 04 2024 - 2:00pm,Sheffield United,Nottingham Forest,1.19,1.18,2.37,1.0909374999999997,1.2790625000000004,Over,4,Over,1
Premier League,2023-2024,May 04 2024 - 4:30pm,Manchester City,Wolverhampton Wanderers,2.02,1.27,3.29,-0.20931818181818151,3.4993181818181816,Over,6,Over,1
Premier League,2023-2024,May 05 2024 - 1:00pm,Brighton & Hove Albion,Aston Villa,1.72,1.45,3.17,0.6605714285714288,2.509428571428571,Over,1,Over,1
Premier League,2023-2024,May 05 2024 - 1:00pm,Chelsea,West Ham United,1.73,1.22,2.95,-0.0031250000000002665,2.9531250000000004,Over,5,Over,1
Premier League,2023-2024,May 05 2024 - 3:30pm,Liverpool,Tottenham Hotspur,2.37,1.47,3.84,-0.46875000000000133,4.308750000000002,Over,6,Over,1
Premier League,2023-2024,May 06 2024 - 7:00pm,Crystal Palace,Manchester United,1.41,1.29,2.7,0.6136363636363644,2.086363636363636,Over,4,Over,1
Premier League,2023-2024,May 11 2024 - 11:30am,Fulham,Manchester City,1.5,1.99,3.49,-0.09260869565217389,3.582608695652174,Over,4,Over,1
Premier League,2023-2024,May 11 2024 - 2:00pm,AFC Bournemouth,Brentford,1.52,1.33,2.85,0.38965517241379377,2.4603448275862063,Over,3,Over,1
Premier League,2023-2024,May 11 2024 - 2:00pm,Everton,Sheffield United,1.6,0.96,2.56,0.8711250000000004,1.6888749999999997,Over,1,Over,1
Premier League,2023-2024,May 11 2024 - 2:00pm,Newcastle United,Brighton & Hove Albion,1.79,1.5,3.29,-0.3071428571428565,3.5971428571428565,Over,2,Over,1
Premier League,2023-2024,May 11 2024 - 2:00pm,Tottenham Hotspur,Burnley,1.95,1.15,3.0999999999999996,-0.6000000000000019,3.7000000000000015,Over,3,Over,1
Premier League,2023-2024,May 11 2024 - 2:00pm,West Ham United,Luton Town,1.37,1.01,2.38,0.4703225806451603,1.9096774193548396,Over,4,Over,1
Premier League,2023-2024,May 11 2024 - 2:00pm,Wolverhampton Wanderers,Crystal Palace,1.31,1.16,2.4699999999999998,1.1272826086956518,1.342717391304348,Over,4,Over,1
Premier League,2023-2024,May 11 2024 - 4:30pm,Nottingham Forest,Chelsea,1.33,1.42,2.75,0.5083870967741941,2.241612903225806,Over,5,Over,1
Premier League,2023-2024,May 12 2024 - 3:30pm,Manchester United,Arsenal,1.78,1.65,3.4299999999999997,0.15519230769230719,3.2748076923076925,Over,1,Over,1
Premier League,2023-2024,May 13 2024 - 7:00pm,Aston Villa,Liverpool,1.55,1.69,3.24,-0.42499999999999893,3.664999999999999,Over,6,Over,1
Premier League,2023-2024,May 14 2024 - 7:00pm,Tottenham Hotspur,Manchester City,1.97,2.0,3.9699999999999998,-0.316666666666666,4.286666666666665,Over,2,Over,1
Premier League,2023-2024,May 15 2024 - 6:45pm,Brighton & Hove Albion,Chelsea,1.72,1.42,3.1399999999999997,0.24444444444444446,2.895555555555555,Over,3,Over,1
Premier League,2023-2024,May 15 2024 - 7:00pm,Manchester United,Newcastle United,1.75,1.28,3.0300000000000002,-0.3342857142857145,3.3642857142857148,Over,5,Over,1
Premier League,2023-2024,May 19 2024 - 3:00pm,Arsenal,Everton,1.97,1.27,3.24,0.13750000000000018,3.1025,Over,3,Over,1
Premier League,2023-2024,May 19 2024 - 3:00pm,Brentford,Newcastle United,1.46,1.33,2.79,-0.0031250000000002665,2.7931250000000003,Over,6,Over,1
Premier League,2023-2024,May 19 2024 - 3:00pm,Brighton & Hove Albion,Manchester United,1.69,1.26,2.95,0.12134615384615444,2.8286538461538457,Over,2,Over,1
Premier League,2023-2024,May 19 2024 - 3:00pm,Burnley,Nottingham Forest,1.37,1.19,2.56,0.6036363636363635,1.9563636363636365,Over,3,Over,1
Premier League,2023-2024,May 19 2024 - 3:00pm,Chelsea,AFC Bournemouth,1.78,1.44,3.2199999999999998,-1.272000000000002,4.492000000000002,Over,3,Over,1
Premier League,2023-2024,May 19 2024 - 3:00pm,Crystal Palace,Aston Villa,1.45,1.4,2.8499999999999996,0.29089285714285573,2.559107142857144,Over,5,Over,1
Premier League,2023-2024,May 19 2024 - 3:00pm,Liverpool,Wolverhampton Wanderers,2.4,1.23,3.63,-1.8023076923076964,5.432307692307696,Over,2,Over,1
Premier League,2023-2024,May 19 2024 - 3:00pm,Luton Town,Fulham,1.48,1.4,2.88,0.2755555555555551,2.604444444444445,Over,6,Over,1
Premier League,2023-2024,May 19 2024 - 3:00pm,Manchester City,West Ham United,2.04,1.22,3.26,-2.121666666666674,5.381666666666674,Over,4,Over,1
Premier League,2023-2024,May 19 2024 - 3:00pm,Sheffield United,Tottenham Hotspur,1.22,1.48,2.7,-0.9005882352941188,3.600588235294119,Over,3,Over,1
Premier League,2024-2025,Aug 16 2024 - 7:00pm,Manchester United,Fulham,0.0,0.0,0.0,0.9559090909090915,-0.9559090909090915,Under,1,Over,0
Premier League,2024-2025,Aug 17 2024 - 11:30am,Ipswich Town,Liverpool,0.0,0.0,0.0,1.0187500000000003,-1.0187500000000003,Under,2,Over,0
Premier League,2024-2025,Aug 17 2024 - 2:00pm,Arsenal,Wolverhampton Wanderers,0.0,0.0,0.0,0.6192647058823533,-0.6192647058823533,Under,2,Over,0
Premier League,2024-2025,Aug 17 2024 - 2:00pm,Everton,Brighton & Hove Albion,0.0,0.0,0.0,1.244909090909091,-1.244909090909091,Under,3,Over,0
Premier League,2024-2025,Aug 17 2024 - 2:00pm,Newcastle United,Southampton,0.0,0.0,0.0,1.212,-1.212,Under,1,Under,1
Premier League,2024-2025,Aug 17 2024 - 2:00pm,Nottingham Forest,AFC Bournemouth,0.0,0.0,0.0,0.8900000000000006,-0.8900000000000006,Under,2,Over,0
Premier League,2024-2025,Aug 17 2024 - 4:30pm,West Ham United,Aston Villa,0.0,0.0,0.0,0.9292682926829272,-0.9292682926829272,Under,3,Over,0
Premier League,2024-2025,Aug 18 2024 - 1:00pm,Brentford,Crystal Palace,0.0,0.0,0.0,1.1595744680851066,-1.1595744680851066,Under,3,Over,0
Premier League,2024-2025,Aug 18 2024 - 3:30pm,Chelsea,Manchester City,0.0,0.0,0.0,1.27575,-1.27575,Under,2,Over,0
Premier League,2024-2025,Aug 19 2024 - 7:00pm,Leicester City,Tottenham Hotspur,0.0,0.0,0.0,0.745135135135135,-0.745135135135135,Under,2,Over,0
Premier League,2024-2025,Aug 24 2024 - 11:30am,Brighton & Hove Albion,Manchester United,0.0,0.0,0.0,0.8494871794871799,-0.8494871794871799,Under,3,Over,0
Premier League,2024-2025,Aug 24 2024 - 2:00pm,Crystal Palace,West Ham United,0.0,0.0,0.0,1.1678999999999997,-1.1678999999999997,Under,2,Over,0
Premier League,2024-2025,Aug 24 2024 - 2:00pm,Fulham,Leicester City,0.0,0.0,0.0,1.2235576923076923,-1.2235576923076923,Under,3,Over,0
Premier League,2024-2025,Aug 24 2024 - 2:00pm,Manchester City,Ipswich Town,0.0,0.0,0.0,-0.20931818181818151,0.20931818181818151,Over,5,Over,1
Premier League,2024-2025,Aug 24 2024 - 2:00pm,Southampton,Nottingham Forest,0.0,0.0,0.0,1.3021818181818186,-1.3021818181818186,Under,1,Under,1
Premier League,2024-2025,Aug 24 2024 - 2:00pm,Tottenham Hotspur,Everton,0.0,0.0,0.0,0.691111111111111,-0.691111111111111,Under,4,Over,0
Premier League,2024-2025,Aug 24 2024 - 4:30pm,Aston Villa,Arsenal,0.0,0.0,0.0,1.1950000000000003,-1.1950000000000003,Under,2,Over,0
Premier League,2024-2025,Aug 25 2024 - 1:00pm,AFC Bournemouth,Newcastle United,0.0,0.0,0.0,1.2026315789473683,-1.2026315789473683,Under,2,Over,0
Premier League,2024-2025,Aug 25 2024 - 1:00pm,Wolverhampton Wanderers,Chelsea,0.0,0.0,0.0,1.2103636363636363,-1.2103636363636363,Under,8,Over,0
Premier League,2024-2025,Aug 25 2024 - 3:30pm,Liverpool,Brentford,0.0,0.0,0.0,-0.23454545454545572,0.23454545454545572,Over,2,Over,1
Premier League,2024-2025,Aug 31 2024 - 11:30am,Arsenal,Brighton & Hove Albion,1.58,1.29,2.87,0.8531250000000004,2.0168749999999998,Over,2,Over,1
Premier League,2024-2025,Aug 31 2024 - 2:00pm,Brentford,Southampton,1.16,1.56,2.7199999999999998,0.900769230769231,1.8192307692307688,Over,4,Over,1
Premier League,2024-2025,Aug 31 2024 - 2:00pm,Everton,AFC Bournemouth,0.7,1.31,2.01,1.240566037735849,0.7694339622641508,Over,5,Over,1
Premier League,2024-2025,Aug 31 2024 - 2:00pm,Ipswich Town,Fulham,0.63,0.79,1.42,1.0626666666666666,0.3573333333333333,Over,2,Over,1
Premier League,2024-2025,Aug 31 2024 - 2:00pm,Leicester City,Aston Villa,0.73,1.14,1.8699999999999999,1.0286363636363633,0.8413636363636365,Over,3,Over,1
Premier League,2024-2025,Aug 31 2024 - 2:00pm,Nottingham Forest,Wolverhampton Wanderers,1.65,1.02,2.67,1.2235576923076923,1.4464423076923076,Over,2,Over,1
Premier League,2024-2025,Aug 31 2024 - 4:30pm,West Ham United,Manchester City,1.12,1.32,2.4400000000000004,0.4173333333333322,2.022666666666668,Over,4,Over,1
Premier League,2024-2025,Sep 01 2024 - 12:30pm,Chelsea,Crystal Palace,0.95,1.39,2.34,0.8400000000000007,1.4999999999999991,Over,2,Over,1
Premier League,2024-2025,Sep 01 2024 - 12:30pm,Newcastle United,Tottenham Hotspur,0.34,1.71,2.05,0.07920000000000016,1.9707999999999997,Over,3,Over,1
Premier League,2024-2025,Sep 01 2024 - 3:00pm,Manchester United,Liverpool,1.49,1.53,3.02,0.2999999999999994,2.7200000000000006,Over,3,Over,1
Premier League,2024-2025,Sep 14 2024 - 11:30am,Southampton,Manchester United,0.51,1.17,1.68,1.0034883720930232,0.6765116279069767,Over,3,Over,1
Premier League,2024-2025,Sep 14 2024 - 2:00pm,Brighton & Hove Albion,Ipswich Town,1.47,0.21,1.68,0.9380952380952383,0.7419047619047616,Over,0,Under,0
Premier League,2024-2025,Sep 14 2024 - 2:00pm,Crystal Palace,Leicester City,1.16,0.96,2.12,1.0956521739130434,1.0243478260869567,Over,4,Over,1
Premier League,2024-2025,Sep 14 2024 - 2:00pm,Fulham,West Ham United,1.74,1.23,2.9699999999999998,1.1074468085106381,1.8625531914893616,Over,2,Over,1
Premier League,2024-2025,Sep 14 2024 - 2:00pm,Liverpool,Nottingham Forest,1.8,1.94,3.74,-0.021458333333333357,3.7614583333333336,Over,1,Over,1
Premier League,2024-2025,Sep 14 2024 - 2:00pm,Manchester City,Brentford,1.85,0.73,2.58,-0.10217391304347778,2.682173913043478,Over,3,Over,1
Premier League,2024-2025,Sep 14 2024 - 4:30pm,Aston Villa,Everton,0.79,0.63,1.42,0.8900000000000006,0.5299999999999994,Over,5,Over,1
Premier League,2024-2025,Sep 14 2024 - 7:00pm,AFC Bournemouth,Chelsea,1.43,1.6,3.0300000000000002,0.2755555555555551,2.754444444444445,Over,1,Over,1
Premier League,2024-2025,Sep 15 2024 - 1:00pm,Tottenham Hotspur,Arsenal,1.8,1.25,3.05,0.9888888888888892,2.061111111111111,Over,1,Over,1
Premier League,2024-2025,Sep 15 2024 - 3:30pm,Wolverhampton Wanderers,Newcastle United,1.21,1.39,2.5999999999999996,0.7461111111111114,1.8538888888888883,Over,3,Over,1
Premier League,2024-2025,Sep 21 2024 - 11:30am,West Ham United,Chelsea,0.98,1.26,2.24,0.6136363636363644,1.6263636363636358,Over,3,Over,1
Premier League,2024-2025,Sep 21 2024 - 2:00pm,Aston Villa,Wolverhampton Wanderers,1.31,1.02,2.33,0.8946428571428573,1.4353571428571428,Over,4,Over,1
Premier League,2024-2025,Sep 21 2024 - 2:00pm,Fulham,Newcastle United,1.65,1.44,3.09,0.9874999999999998,2.1025,Over,4,Over,1
Premier League,2024-2025,Sep 21 2024 - 2:00pm,Leicester City,Everton,0.87,0.66,1.53,1.2727272727272727,0.2572727272727273,Over,2,Over,1
Premier League,2024-2025,Sep 21 2024 - 2:00pm,Liverpool,AFC Bournemouth,1.65,1.47,3.12,0.2580357142857146,2.8619642857142855,Over,3,Over,1
Premier League,2024-2025,Sep 21 2024 - 2:00pm,Southampton,Ipswich Town,0.69,0.34,1.03,1.1770588235294115,-0.14705882352941146,Under,2,Over,0
Premier League,2024-2025,Sep 21 2024 - 2:00pm,Tottenham Hotspur,Brentford,1.61,0.88,2.49,0.5031249999999992,1.986875000000001,Over,4,Over,1
Premier League,2024-2025,Sep 21 2024 - 4:30pm,Crystal Palace,Manchester United,1.26,1.53,2.79,0.964883720930233,1.825116279069767,Over,0,Under,0
Premier League,2024-2025,Sep 22 2024 - 1:00pm,Brighton & Hove Albion,Nottingham Forest,1.54,1.35,2.89,0.900769230769231,1.9892307692307691,Over,4,Over,1
Premier League,2024-2025,Sep 22 2024 - 3:30pm,Manchester City,Arsenal,1.92,1.04,2.96,1.375775862068965,1.584224137931035,Over,4,Over,1
Premier League,2024-2025,Sep 28 2024 - 11:30am,Newcastle United,Manchester City,0.62,1.85,2.47,0.6357142857142852,1.834285714285715,Over,2,Over,1
Premier League,2024-2025,Sep 28 2024 - 2:00pm,Arsenal,Leicester City,1.46,0.96,2.42,0.6829166666666664,1.7370833333333335,Over,6,Over,1
Premier League,2024-2025,Sep 28 2024 - 2:00pm,Brentford,West Ham United,1.46,1.09,2.55,1.0855434782608693,1.4644565217391305,Over,2,Over,1
Premier League,2024-2025,Sep 28 2024 - 2:00pm,Chelsea,Brighton & Hove Albion,1.25,1.44,2.69,1.0937254901960782,1.5962745098039217,Over,6,Over,1
Premier League,2024-2025,Sep 28 2024 - 2:00pm,Everton,Crystal Palace,1.34,1.04,2.38,1.3437500000000004,1.0362499999999994,Over,3,Over,1
Premier League,2024-2025,Sep 28 2024 - 2:00pm,Nottingham Forest,Fulham,1.52,0.87,2.39,1.3227272727272732,1.067272727272727,Over,1,Under,0
Premier League,2024-2025,Sep 28 2024 - 4:30pm,Wolverhampton Wanderers,Liverpool,1.28,1.37,2.6500000000000004,1.0328571428571431,1.6171428571428572,Over,3,Over,1
Premier League,2024-2025,Sep 29 2024 - 1:00pm,Ipswich Town,Aston Villa,0.81,1.12,1.9300000000000002,0.7588235294117645,1.1711764705882357,Over,4,Over,1
Premier League,2024-2025,Sep 29 2024 - 3:30pm,Manchester United,Tottenham Hotspur,1.3,1.78,3.08,0.24444444444444446,2.8355555555555556,Over,3,Over,1
Premier League,2024-2025,Sep 30 2024 - 7:00pm,AFC Bournemouth,Southampton,1.63,1.59,3.2199999999999998,1.0294565217391305,2.190543478260869,Over,4,Over,1
Premier League,2024-2025,Oct 05 2024 - 11:30am,Crystal Palace,Liverpool,1.16,1.38,2.54,0.8711250000000004,1.6688749999999997,Over,1,Over,1
Premier League,2024-2025,Oct 05 2024 - 2:00pm,Arsenal,Southampton,2.27,1.34,3.6100000000000003,0.3120689655172413,3.297931034482759,Over,4,Over,1
Premier League,2024-2025,Oct 05 2024 - 2:00pm,Brentford,Wolverhampton Wanderers,1.3,0.96,2.26,1.1943396226415093,1.0656603773584905,Over,8,Over,1
Premier League,2024-2025,Oct 05 2024 - 2:00pm,Leicester City,AFC Bournemouth,0.99,1.56,2.55,0.9000000000000001,1.6499999999999997,Over,1,Over,1
Premier League,2024-2025,Oct 05 2024 - 2:00pm,Manchester City,Fulham,2.27,0.9,3.17,0.5421212121212113,2.627878787878789,Over,5,Over,1
Premier League,2024-2025,Oct 05 2024 - 2:00pm,West Ham United,Ipswich Town,1.2,0.68,1.88,1.1056,0.7744,Over,5,Over,1
Premier League,2024-2025,Oct 05 2024 - 4:30pm,Everton,Newcastle United,1.23,1.42,2.65,0.9000000000000001,1.7499999999999998,Over,0,Under,0
Premier League,2024-2025,Oct 06 2024 - 1:00pm,Aston Villa,Manchester United,1.21,1.58,2.79,1.046938775510204,1.743061224489796,Over,0,Under,0
Premier League,2024-2025,Oct 06 2024 - 1:00pm,Chelsea,Nottingham Forest,1.32,1.07,2.39,0.8946428571428573,1.4953571428571428,Over,2,Over,1
Premier League,2024-2025,Oct 06 2024 - 3:30pm,Brighton & Hove Albion,Tottenham Hotspur,1.46,1.94,3.4,0.9668478260869564,2.4331521739130437,Over,5,Over,1
Premier League,2024-2025,Oct 19 2024 - 11:30am,Tottenham Hotspur,West Ham United,1.78,1.18,2.96,0.913953488372093,2.0460465116279067,Over,5,Over,1
Premier League,2024-2025,Oct 19 2024 - 2:00pm,Fulham,Aston Villa,1.88,1.08,2.96,1.1875000000000002,1.7724999999999997,Over,4,Over,1
Premier League,2024-2025,Oct 19 2024 - 2:00pm,Manchester United,Brentford,1.18,0.94,2.12,0.8072368421052636,1.3127631578947365,Over,3,Over,1
Premier League,2024-2025,Oct 19 2024 - 2:00pm,Newcastle United,Brighton & Hove Albion,0.77,1.44,2.21,0.7362500000000003,1.4737499999999997,Over,1,Over,1
Premier League,2024-2025,Oct 19 2024 - 2:00pm,Southampton,Leicester City,0.78,0.81,1.59,1.0833333333333333,0.5066666666666668,Over,5,Over,1
Premier League,2024-2025,Oct 19 2024 - 2:15pm,Ipswich Town,Everton,0.98,0.88,1.8599999999999999,1.3123636363636364,0.5476363636363635,Over,2,Over,1
Premier League,2024-2025,Oct 19 2024 - 4:30pm,AFC Bournemouth,Arsenal,1.52,0.91,2.43,0.8688157894736845,1.5611842105263156,Over,2,Over,1
Premier League,2024-2025,Oct 20 2024 - 1:00pm,Wolverhampton Wanderers,Manchester City,1.14,1.77,2.91,0.43600000000000083,2.4739999999999993,Over,3,Over,1
Premier League,2024-2025,Oct 20 2024 - 3:30pm,Liverpool,Chelsea,1.84,1.23,3.0700000000000003,1.1230188679245283,1.946981132075472,Over,3,Over,1
Premier League,2024-2025,Oct 21 2024 - 7:00pm,Nottingham Forest,Crystal Palace,1.29,1.16,2.45,1.439473684210526,1.0105263157894742,Over,1,Under,0
Premier League,2024-2025,Oct 25 2024 - 7:00pm,Leicester City,Nottingham Forest,0.91,1.17,2.08,1.3081730769230773,0.7718269230769228,Over,4,Over,1
Premier League,2024-2025,Oct 26 2024 - 2:00pm,Aston Villa,AFC Bournemouth,1.15,1.5,2.65,0.9292682926829272,1.7207317073170727,Over,2,Over,1
Premier League,2024-2025,Oct 26 2024 - 2:00pm,Brentford,Ipswich Town,1.57,0.72,2.29,1.0756521739130436,1.2143478260869565,Over,7,Over,1
Premier League,2024-2025,Oct 26 2024 - 2:00pm,Brighton & Hove Albion,Wolverhampton Wanderers,1.38,1.13,2.51,0.7562500000000003,1.7537499999999995,Over,4,Over,1
Premier League,2024-2025,Oct 26 2024 - 2:00pm,Manchester City,Southampton,2.17,1.15,3.32,-0.22659090909090818,3.546590909090908,Over,1,Over,1
Premier League,2024-2025,Oct 26 2024 - 4:30pm,Everton,Fulham,1.13,0.94,2.07,1.4488281249999997,0.6211718750000002,Over,2,Over,1
Premier League,2024-2025,Oct 27 2024 - 2:00pm,Chelsea,Newcastle United,1.54,1.4,2.94,0.7083333333333339,2.231666666666666,Over,3,Over,1
Premier League,2024-2025,Oct 27 2024 - 2:00pm,Crystal Palace,Tottenham Hotspur,1.15,1.77,2.92,0.9380952380952383,1.9819047619047616,Over,1,Over,1
Premier League,2024-2025,Oct 27 2024 - 2:00pm,West Ham United,Manchester United,1.48,1.46,2.94,0.8494871794871799,2.09051282051282,Over,3,Over,1
Premier League,2024-2025,Oct 27 2024 - 4:30pm,Arsenal,Liverpool,2.33,1.39,3.7199999999999998,1.3780000000000003,2.3419999999999996,Over,4,Over,1
Premier League,2024-2025,Nov 02 2024 - 12:30pm,Newcastle United,Arsenal,1.0,0.86,1.8599999999999999,1.3315789473684214,0.5284210526315785,Over,1,Under,0
Premier League,2024-2025,Nov 02 2024 - 3:00pm,AFC Bournemouth,Manchester City,1.47,2.04,3.51,0.9195121951219511,2.5904878048780486,Over,3,Over,1
Premier League,2024-2025,Nov 02 2024 - 3:00pm,Ipswich Town,Leicester City,0.99,0.99,1.98,1.0855434782608693,0.8944565217391307,Over,2,Over,1
Premier League,2024-2025,Nov 02 2024 - 3:00pm,Liverpool,Brighton & Hove Albion,1.64,1.32,2.96,0.24444444444444446,2.7155555555555555,Over,3,Over,1
Premier League,2024-2025,Nov 02 2024 - 3:00pm,Nottingham Forest,West Ham United,1.37,1.16,2.5300000000000002,1.4511363636363634,1.0788636363636368,Over,3,Over,1
Premier League,2024-2025,Nov 02 2024 - 3:00pm,Southampton,Everton,0.95,1.03,1.98,1.1799999999999997,0.8000000000000003,Over,1,Under,0
Premier League,2024-2025,Nov 02 2024 - 5:30pm,Wolverhampton Wanderers,Crystal Palace,0.98,1.3,2.2800000000000002,0.7281250000000001,1.5518750000000001,Over,4,Over,1
Premier League,2024-2025,Nov 03 2024 - 2:00pm,Tottenham Hotspur,Aston Villa,1.85,1.13,2.98,0.31928571428571395,2.660714285714286,Over,5,Over,1
Premier League,2024-2025,Nov 03 2024 - 4:30pm,Manchester United,Chelsea,1.42,1.27,2.69,0.8743902439024394,1.8156097560975606,Over,2,Over,1
Premier League,2024-2025,Nov 04 2024 - 8:00pm,Fulham,Brentford,1.68,0.9,2.58,0.9771428571428573,1.6028571428571428,Over,3,Over,1
Premier League,2024-2025,Nov 09 2024 - 3:00pm,Brentford,AFC Bournemouth,1.63,1.39,3.0199999999999996,0.6345454545454541,2.3854545454545457,Over,5,Over,1
Premier League,2024-2025,Nov 09 2024 - 3:00pm,Crystal Palace,Fulham,1.24,1.02,2.26,1.3833333333333335,0.8766666666666663,Over,2,Over,1
Premier League,2024-2025,Nov 09 2024 - 3:00pm,West Ham United,Everton,1.44,1.14,2.58,1.286666666666667,1.293333333333333,Over,0,Under,0
Premier League,2024-2025,Nov 09 2024 - 3:00pm,Wolverhampton Wanderers,Southampton,1.04,1.03,2.0700000000000003,0.9205000000000003,1.1495,Over,2,Over,1
Premier League,2024-2025,Nov 09 2024 - 5:30pm,Brighton & Hove Albion,Manchester City,1.4,2.0,3.4,0.7362500000000003,2.6637499999999994,Over,3,Over,1
Premier League,2024-2025,Nov 09 2024 - 8:00pm,Liverpool,Aston Villa,1.61,1.07,2.68,0.4887096774193549,2.1912903225806453,Over,2,Over,1
Premier League,2024-2025,Nov 10 2024 - 2:00pm,Manchester United,Leicester City,1.35,1.1,2.45,0.31928571428571395,2.1307142857142862,Over,3,Over,1
Premier League,2024-2025,Nov 10 2024 - 2:00pm,Nottingham Forest,Newcastle United,1.48,1.33,2.81,1.40175,1.40825,Over,4,Over,1
Premier League,2024-2025,Nov 10 2024 - 2:00pm,Tottenham Hotspur,Ipswich Town,1.83,0.85,2.68,-0.7102777777777773,3.3902777777777775,Over,3,Over,1
Premier League,2024-2025,Nov 10 2024 - 4:30pm,Chelsea,Arsenal,1.58,0.89,2.47,1.0833333333333333,1.386666666666667,Over,2,Over,1
Premier League,2024-2025,Nov 23 2024 - 12:30pm,Leicester City,Chelsea,0.98,1.21,2.19,0.7083333333333339,1.481666666666666,Over,3,Over,1
Premier League,2024-2025,Nov 23 2024 - 3:00pm,AFC Bournemouth,Brighton & Hove Albion,1.44,1.31,2.75,0.8267105263157897,1.9232894736842103,Over,3,Over,1
Premier League,2024-2025,Nov 23 2024 - 3:00pm,Arsenal,Nottingham Forest,2.08,1.32,3.4000000000000004,1.3072321428571432,2.0927678571428574,Over,3,Over,1
Premier League,2024-2025,Nov 23 2024 - 3:00pm,Aston Villa,Crystal Palace,1.28,1.37,2.6500000000000004,0.9874999999999998,1.6625000000000005,Over,4,Over,1
Premier League,2024-2025,Nov 23 2024 - 3:00pm,Everton,Brentford,1.13,0.83,1.96,1.2470588235294116,0.7129411764705884,Over,0,Under,0
Premier League,2024-2025,Nov 23 2024 - 3:00pm,Fulham,Wolverhampton Wanderers,1.85,1.18,3.0300000000000002,1.1074468085106381,1.922553191489362,Over,5,Over,1
Premier League,2024-2025,Nov 23 2024 - 5:30pm,Manchester City,Tottenham Hotspur,2.21,1.63,3.84,-0.1902272727272729,4.030227272727273,Over,4,Over,1
Premier League,2024-2025,Nov 24 2024 - 2:00pm,Southampton,Liverpool,0.94,1.33,2.27,0.18461538461538485,2.085384615384615,Over,5,Over,1
Premier League,2024-2025,Nov 24 2024 - 4:30pm,Ipswich Town,Manchester United,0.99,1.48,2.4699999999999998,0.8267105263157897,1.64328947368421,Over,2,Over,1
Premier League,2024-2025,Nov 25 2024 - 8:00pm,Newcastle United,West Ham United,0.99,1.07,2.06,0.8494871794871799,1.2105128205128202,Over,2,Over,1
Premier League,2024-2025,Nov 29 2024 - 8:00pm,Brighton & Hove Albion,Southampton,1.33,1.01,2.34,0.9028571428571435,1.4371428571428564,Over,2,Over,1
Premier League,2024-2025,Nov 30 2024 - 3:00pm,Brentford,Leicester City,1.57,1.08,2.6500000000000004,0.707714285714286,1.9422857142857144,Over,5,Over,1
Premier League,2024-2025,Nov 30 2024 - 3:00pm,Crystal Palace,Newcastle United,1.25,1.4,2.65,1.335775862068966,1.314224137931034,Over,2,Over,1
Premier League,2024-2025,Nov 30 2024 - 3:00pm,Nottingham Forest,Ipswich Town,1.39,0.86,2.25,1.0799999999999996,1.1700000000000004,Over,1,Under,0
Premier League,2024-2025,Nov 30 2024 - 3:00pm,Wolverhampton Wanderers,AFC Bournemouth,1.0,1.34,2.34,0.7773611111111114,1.5626388888888885,Over,6,Over,1
Premier League,2024-2025,Nov 30 2024 - 5:30pm,West Ham United,Arsenal,1.4,0.9,2.3,1.1074468085106381,1.1925531914893617,Over,7,Over,1
Premier League,2024-2025,Dec 01 2024 - 1:30pm,Chelsea,Aston Villa,1.5,1.07,2.5700000000000003,0.6470588235294124,1.922941176470588,Over,3,Over,1
Premier League,2024-2025,Dec 01 2024 - 1:30pm,Manchester United,Everton,1.3,1.18,2.48,0.9707317073170731,1.5092682926829268,Over,4,Over,1
Premier League,2024-2025,Dec 01 2024 - 1:30pm,Tottenham Hotspur,Fulham,1.81,1.16,2.9699999999999998,-0.07217391304347665,3.0421739130434764,Over,2,Over,1
Premier League,2024-2025,Dec 01 2024 - 4:00pm,Liverpool,Manchester City,1.58,1.92,3.5,0.9380952380952383,2.5619047619047617,Over,2,Over,1
Premier League,2024-2025,Dec 03 2024 - 7:30pm,Ipswich Town,Crystal Palace,1.05,1.38,2.4299999999999997,1.5,0.9299999999999997,Over,1,Under,0
Premier League,2024-2025,Dec 03 2024 - 8:15pm,Leicester City,West Ham United,0.89,1.15,2.04,1.2272727272727275,0.8127272727272725,Over,4,Over,1
Premier League,2024-2025,Dec 04 2024 - 7:30pm,Everton,Wolverhampton Wanderers,1.29,1.15,2.44,1.3227272727272732,1.1172727272727268,Over,4,Over,1
Premier League,2024-2025,Dec 04 2024 - 7:30pm,Manchester City,Nottingham Forest,2.17,1.2,3.37,0.9289285714285718,2.441071428571428,Over,3,Over,1
Premier League,2024-2025,Dec 04 2024 - 7:30pm,Newcastle United,Liverpool,1.12,1.54,2.66,1.255862068965517,1.404137931034483,Over,6,Over,1
Premier League,2024-2025,Dec 04 2024 - 7:30pm,Southampton,Chelsea,0.95,1.31,2.26,0.8307692307692311,1.4292307692307686,Over,6,Over,1
Premier League,2024-2025,Dec 04 2024 - 8:15pm,Arsenal,Manchester United,2.05,1.41,3.46,0.7285714285714289,2.7314285714285713,Over,2,Over,1
Premier League,2024-2025,Dec 04 2024 - 8:15pm,Aston Villa,Brentford,1.3,0.81,2.1100000000000003,0.8267105263157897,1.2832894736842106,Over,4,Over,1
Premier League,2024-2025,Dec 05 2024 - 7:30pm,Fulham,Brighton & Hove Albion,1.75,1.21,2.96,1.4123188405797102,1.5476811594202897,Over,4,Over,1
Premier League,2024-2025,Dec 05 2024 - 8:15pm,AFC Bournemouth,Tottenham Hotspur,1.51,1.57,3.08,1.0191489361702128,2.060851063829787,Over,1,Under,0
Premier League,2024-2025,Dec 07 2024 - 3:00pm,Aston Villa,Southampton,1.41,0.96,2.37,0.4458333333333333,1.9241666666666668,Over,1,Over,1
Premier League,2024-2025,Dec 07 2024 - 3:00pm,Brentford,Newcastle United,1.57,1.25,2.8200000000000003,0.5000000000000007,2.3199999999999994,Over,6,Over,1
Premier League,2024-2025,Dec 07 2024 - 3:00pm,Crystal Palace,Manchester City,1.25,1.76,3.01,1.0333333333333332,1.9766666666666666,Over,4,Over,1
Premier League,2024-2025,Dec 07 2024 - 5:30pm,Manchester United,Nottingham Forest,1.27,1.18,2.45,1.127659574468085,1.322340425531915,Over,5,Over,1
Premier League,2024-2025,Dec 08 2024 - 2:00pm,Fulham,Arsenal,1.61,1.02,2.63,1.1026530612244896,1.5273469387755103,Over,2,Over,1
Premier League,2024-2025,Dec 08 2024 - 2:00pm,Ipswich Town,AFC Bournemouth,1.03,1.36,2.39,1.0606382978723405,1.3293617021276596,Over,3,Over,1
Premier League,2024-2025,Dec 08 2024 - 2:00pm,Leicester City,Brighton & Hove Albion,0.94,1.19,2.13,0.9648888888888889,1.165111111111111,Over,4,Over,1
Premier League,2024-2025,Dec 08 2024 - 4:30pm,Tottenham Hotspur,Chelsea,1.71,1.49,3.2,0.7781249999999995,2.421875000000001,Over,7,Over,1
Premier League,2024-2025,Dec 09 2024 - 8:00pm,West Ham United,Wolverhampton Wanderers,1.35,1.09,2.4400000000000004,0.9000000000000001,1.5400000000000003,Over,3,Over,1
Premier League,2024-2025,Dec 14 2024 - 3:00pm,Arsenal,Everton,1.95,1.14,3.09,1.0880851063829788,2.001914893617021,Over,0,Under,0
Premier League,2024-2025,Dec 14 2024 - 3:00pm,Liverpool,Fulham,1.62,1.22,2.84,0.37965517241379265,2.460344827586207,Over,4,Over,1
Premier League,2024-2025,Dec 14 2024 - 3:00pm,Newcastle United,Leicester City,1.19,1.03,2.2199999999999998,0.31928571428571395,1.9007142857142858,Over,4,Over,1
Premier League,2024-2025,Dec 14 2024 - 3:00pm,Wolverhampton Wanderers,Ipswich Town,1.01,0.85,1.8599999999999999,0.9707317073170731,0.8892682926829267,Over,3,Over,1
Premier League,2024-2025,Dec 14 2024 - 5:30pm,Nottingham Forest,Aston Villa,1.39,1.06,2.45,1.1909374999999998,1.2590625000000004,Over,3,Over,1
Premier League,2024-2025,Dec 15 2024 - 2:00pm,Brighton & Hove Albion,Crystal Palace,1.39,1.33,2.7199999999999998,1.0833333333333333,1.6366666666666665,Over,4,Over,1
Premier League,2024-2025,Dec 15 2024 - 4:30pm,Manchester City,Manchester United,2.12,1.31,3.43,0.43600000000000083,2.9939999999999993,Over,3,Over,1
Premier League,2024-2025,Dec 15 2024 - 7:00pm,Chelsea,Brentford,1.55,0.8,2.35,-0.1902272727272729,2.540227272727273,Over,3,Over,1
Premier League,2024-2025,Dec 15 2024 - 7:00pm,Southampton,Tottenham Hotspur,0.93,1.52,2.45,-0.11130434782608756,2.5613043478260877,Over,5,Over,1
Premier League,2024-2025,Dec 16 2024 - 8:00pm,AFC Bournemouth,West Ham United,1.55,1.36,2.91,0.7461111111111114,2.1638888888888888,Over,2,Over,1
Premier League,2024-2025,Dec 21 2024 - 12:30pm,Aston Villa,Manchester City,1.4,1.72,3.12,0.8168421052631587,2.3031578947368416,Over,3,Over,1
Premier League,2024-2025,Dec 21 2024 - 3:00pm,Brentford,Nottingham Forest,1.57,1.14,2.71,1.0833333333333333,1.6266666666666667,Over,2,Over,1
Premier League,2024-2025,Dec 21 2024 - 3:00pm,Ipswich Town,Newcastle United,1.06,1.28,2.34,0.9571428571428575,1.3828571428571423,Over,4,Over,1
Premier League,2024-2025,Dec 21 2024 - 3:00pm,West Ham United,Brighton & Hove Albion,1.35,1.24,2.59,0.9904545454545459,1.599545454545454,Over,2,Over,1
Premier League,2024-2025,Dec 21 2024 - 5:30pm,Crystal Palace,Arsenal,1.18,1.11,2.29,1.3967741935483873,0.8932258064516128,Over,6,Over,1
Premier League,2024-2025,Dec 22 2024 - 2:00pm,Everton,Chelsea,1.26,1.52,2.7800000000000002,1.1295918367346938,1.6504081632653065,Over,0,Under,0
Premier League,2024-2025,Dec 22 2024 - 2:00pm,Fulham,Southampton,1.45,0.89,2.34,0.9814772727272731,1.3585227272727267,Over,0,Under,0
Premier League,2024-2025,Dec 22 2024 - 2:00pm,Leicester City,Wolverhampton Wanderers,0.93,1.12,2.0500000000000003,1.0387499999999996,1.0112500000000006,Over,3,Over,1
Premier League,2024-2025,Dec 22 2024 - 2:00pm,Manchester United,AFC Bournemouth,1.33,1.43,2.76,1.2343750000000002,1.5256249999999996,Over,3,Over,1
Premier League,2024-2025,Dec 22 2024 - 4:30pm,Tottenham Hotspur,Liverpool,1.66,1.51,3.17,-0.316666666666666,3.486666666666666,Over,9,Over,1
Premier League,2024-2025,Dec 26 2024 - 12:30pm,Manchester City,Everton,1.98,1.02,3.0,0.707714285714286,2.292285714285714,Over,2,Over,1
Premier League,2024-2025,Dec 26 2024 - 3:00pm,AFC Bournemouth,Crystal Palace,1.61,1.31,2.92,1.0956521739130434,1.8243478260869566,Over,0,Under,0
Premier League,2024-2025,Dec 26 2024 - 3:00pm,Chelsea,Fulham,1.65,1.18,2.83,0.4887096774193549,2.341290322580645,Over,3,Over,1
Premier League,2024-2025,Dec 26 2024 - 3:00pm,Newcastle United,Aston Villa,1.35,1.05,2.4000000000000004,0.9392682926829272,1.4607317073170731,Over,3,Over,1
Premier League,2024-2025,Dec 26 2024 - 3:00pm,Nottingham Forest,Tottenham Hotspur,1.42,1.56,2.98,0.707714285714286,2.2722857142857142,Over,1,Over,1
Premier League,2024-2025,Dec 26 2024 - 3:00pm,Southampton,West Ham United,0.93,1.33,2.2600000000000002,0.9392682926829272,1.320731707317073,Over,1,Over,1
Premier League,2024-2025,Dec 26 2024 - 5:30pm,Wolverhampton Wanderers,Manchester United,1.06,1.27,2.33,0.9904545454545459,1.3395454545454542,Over,2,Over,1
Premier League,2024-2025,Dec 26 2024 - 8:00pm,Liverpool,Leicester City,1.6,0.96,2.56,-0.1630434782608705,2.7230434782608706,Over,4,Over,1
Premier League,2024-2025,Dec 27 2024 - 7:30pm,Brighton & Hove Albion,Brentford,1.4,0.82,2.2199999999999998,0.4887096774193549,1.7312903225806449,Over,0,Under,0
Premier League,2024-2025,Dec 27 2024 - 8:15pm,Arsenal,Ipswich Town,1.9,0.88,2.78,0.2999999999999994,2.4800000000000004,Over,1,Over,1
Premier League,2024-2025,Dec 29 2024 - 2:30pm,Leicester City,Manchester City,0.95,1.7,2.65,-0.021458333333333357,2.6714583333333333,Over,2,Over,1
Premier League,2024-2025,Dec 29 2024 - 3:00pm,Crystal Palace,Southampton,1.21,0.84,2.05,1.2043269230769231,0.8456730769230767,Over,3,Over,1
Premier League,2024-2025,Dec 29 2024 - 3:00pm,Everton,Nottingham Forest,1.19,1.16,2.3499999999999996,1.7420454545454542,0.6079545454545454,Over,2,Over,1
Premier League,2024-2025,Dec 29 2024 - 3:00pm,Fulham,AFC Bournemouth,1.46,1.4,2.86,1.097659574468085,1.7623404255319148,Over,4,Over,1
Premier League,2024-2025,Dec 29 2024 - 3:00pm,Tottenham Hotspur,Wolverhampton Wanderers,1.6,1.1,2.7,-0.021458333333333357,2.7214583333333335,Over,4,Over,1
Premier League,2024-2025,Dec 29 2024 - 5:15pm,West Ham United,Liverpool,1.3,1.63,2.9299999999999997,0.479354838709678,2.4506451612903217,Over,5,Over,1
Premier League,2024-2025,Dec 30 2024 - 7:45pm,Aston Villa,Brighton & Hove Albion,1.38,1.26,2.6399999999999997,0.8620000000000005,1.7779999999999991,Over,4,Over,1
Premier League,2024-2025,Dec 30 2024 - 7:45pm,Ipswich Town,Chelsea,1.03,1.5,2.5300000000000002,0.4616129032258054,2.068387096774195,Over,2,Over,1
Premier League,2024-2025,Dec 30 2024 - 8:00pm,Manchester United,Newcastle United,1.41,1.32,2.73,1.0060000000000004,1.7239999999999995,Over,2,Over,1
Premier League,2024-2025,Jan 01 2025 - 5:30pm,Brentford,Arsenal,1.53,1.14,2.67,0.8168421052631587,1.8531578947368412,Over,4,Over,1
Premier League,2024-2025,Jan 04 2025 - 12:30pm,Tottenham Hotspur,Newcastle United,1.58,1.3,2.88,0.07920000000000016,2.8007999999999997,Over,3,Over,1
Premier League,2024-2025,Jan 04 2025 - 3:00pm,AFC Bournemouth,Everton,1.6,0.99,2.59,1.335775862068966,1.254224137931034,Over,1,Under,0
Premier League,2024-2025,Jan 04 2025 - 3:00pm,Aston Villa,Leicester City,1.38,0.89,2.27,0.7362500000000003,1.5337499999999997,Over,3,Over,1
Premier League,2024-2025,Jan 04 2025 - 3:00pm,Crystal Palace,Chelsea,1.28,1.51,2.79,0.9000000000000001,1.89,Over,2,Over,1
Premier League,2024-2025,Jan 04 2025 - 3:00pm,Manchester City,West Ham United,1.96,1.29,3.25,1.046938775510204,2.203061224489796,Over,5,Over,1
Premier League,2024-2025,Jan 04 2025 - 3:00pm,Southampton,Brentford,1.0,0.81,1.81,0.9874999999999998,0.8225000000000002,Over,5,Over,1
Premier League,2024-2025,Jan 04 2025 - 5:30pm,Brighton & Hove Albion,Arsenal,1.49,1.17,2.66,1.2043269230769231,1.455673076923077,Over,2,Over,1
Premier League,2024-2025,Jan 05 2025 - 2:00pm,Fulham,Ipswich Town,1.44,0.8,2.24,1.0626666666666666,1.1773333333333336,Over,4,Over,1
Premier League,2024-2025,Jan 05 2025 - 4:30pm,Liverpool,Manchester United,1.66,1.25,2.91,0.2999999999999994,2.6100000000000008,Over,4,Over,1
Premier League,2024-2025,Jan 06 2025 - 8:00pm,Wolverhampton Wanderers,Nottingham Forest,1.04,1.17,2.21,0.5250000000000006,1.6849999999999994,Over,3,Over,1
Premier League,2024-2025,Jan 14 2025 - 7:30pm,Brentford,Manchester City,1.44,1.66,3.0999999999999996,0.2999999999999994,2.8000000000000003,Over,4,Over,1
Premier League,2024-2025,Jan 14 2025 - 7:30pm,West Ham United,Fulham,1.22,1.24,2.46,1.0137209302325578,1.4462790697674421,Over,5,Over,1
Premier League,2024-2025,Jan 14 2025 - 7:30pm,Chelsea,AFC Bournemouth,1.62,1.47,3.09,0.9559090909090915,2.1340909090909084,Over,4,Over,1
Premier League,2024-2025,Jan 14 2025 - 8:00pm,Nottingham Forest,Liverpool,1.37,1.74,3.1100000000000003,1.0756521739130436,2.0343478260869565,Over,2,Over,1
Premier League,2024-2025,Jan 15 2025 - 7:30pm,Everton,Aston Villa,1.21,0.99,2.2,1.4409482758620686,0.7590517241379315,Over,1,Under,0
Premier League,2024-2025,Jan 15 2025 - 7:30pm,Leicester City,Crystal Palace,0.98,1.27,2.25,1.1960784313725492,1.0539215686274508,Over,2,Over,1
Premier League,2024-2025,Jan 15 2025 - 7:30pm,Newcastle United,Wolverhampton Wanderers,1.43,1.09,2.52,0.5289062499999997,1.9910937500000003,Over,3,Over,1
Premier League,2024-2025,Jan 15 2025 - 8:00pm,Arsenal,Tottenham Hotspur,1.85,1.54,3.39,-0.15818181818181642,3.5481818181818165,Over,3,Over,1
Premier League,2024-2025,Jan 16 2025 - 7:30pm,Ipswich Town,Brighton & Hove Albion,1.03,1.26,2.29,1.1485714285714284,1.1414285714285717,Over,2,Over,1
Premier League,2024-2025,Jan 16 2025 - 8:00pm,Manchester United,Southampton,1.35,0.84,2.19,1.2400000000000002,0.9499999999999997,Over,4,Over,1
Premier League,2024-2025,Jan 18 2025 - 12:30pm,Newcastle United,AFC Bournemouth,1.48,1.42,2.9,0.5293548387096776,2.370645161290322,Over,5,Over,1
Premier League,2024-2025,Jan 18 2025 - 3:00pm,Brentford,Liverpool,1.48,1.82,3.3,-0.01249999999999929,3.312499999999999,Over,2,Over,1
Premier League,2024-2025,Jan 18 2025 - 3:00pm,Leicester City,Fulham,1.07,1.31,2.38,1.0241860465116277,1.3558139534883722,Over,2,Over,1
Premier League,2024-2025,Jan 18 2025 - 3:00pm,West Ham United,Crystal Palace,1.16,1.25,2.41,1.0956521739130434,1.3143478260869568,Over,2,Over,1
Premier League,2024-2025,Jan 18 2025 - 5:30pm,Arsenal,Aston Villa,1.84,1.01,2.85,1.0241860465116277,1.8258139534883724,Over,4,Over,1
Premier League,2024-2025,Jan 19 2025 - 2:00pm,Everton,Tottenham Hotspur,1.2,1.49,2.69,0.900769230769231,1.789230769230769,Over,5,Over,1
Premier League,2024-2025,Jan 19 2025 - 2:00pm,Manchester United,Brighton & Hove Albion,1.45,1.28,2.73,1.0241860465116277,1.7058139534883723,Over,4,Over,1
Premier League,2024-2025,Jan 19 2025 - 2:00pm,Nottingham Forest,Southampton,1.31,0.89,2.2,1.0043902439024388,1.1956097560975614,Over,5,Over,1
Premier League,2024-2025,Jan 19 2025 - 4:30pm,Ipswich Town,Manchester City,1.0,1.73,2.73,0.479354838709678,2.250645161290322,Over,6,Over,1
Premier League,2024-2025,Jan 20 2025 - 8:00pm,Chelsea,Wolverhampton Wanderers,1.72,1.14,2.86,0.14615384615384652,2.7138461538461534,Over,4,Over,1
Premier League,2024-2025,Jan 25 2025 - 3:00pm,AFC Bournemouth,Nottingham Forest,1.63,1.17,2.8,1.3688135593220339,1.431186440677966,Over,5,Over,1
Premier League,2024-2025,Jan 25 2025 - 3:00pm,Brighton & Hove Albion,Everton,1.44,0.99,2.4299999999999997,1.2538461538461536,1.176153846153846,Over,1,Under,0
Premier League,2024-2025,Jan 25 2025 - 3:00pm,Liverpool,Ipswich Town,1.66,0.8,2.46,-0.23454545454545572,2.6945454545454557,Over,5,Over,1
Premier League,2024-2025,Jan 25 2025 - 3:00pm,Southampton,Newcastle United,0.98,1.29,2.27,0.7083333333333339,1.561666666666666,Over,4,Over,1
Premier League,2024-2025,Jan 25 2025 - 3:00pm,Wolverhampton Wanderers,Arsenal,1.08,1.16,2.24,1.2122641509433965,1.0277358490566038,Over,1,Under,0
Premier League,2024-2025,Jan 25 2025 - 5:30pm,Manchester City,Chelsea,1.89,1.48,3.37,0.5289062499999997,2.8410937500000006,Over,4,Over,1
Premier League,2024-2025,Jan 26 2025 - 2:00pm,Crystal Palace,Brentford,1.27,0.95,2.2199999999999998,1.1383333333333332,1.0816666666666666,Over,3,Over,1
Premier League,2024-2025,Jan 26 2025 - 2:00pm,Tottenham Hotspur,Leicester City,1.57,0.86,2.43,-0.021458333333333357,2.4514583333333335,Over,3,Over,1
Premier League,2024-2025,Jan 26 2025 - 4:30pm,Aston Villa,West Ham United,1.37,1.31,2.68,0.8688157894736845,1.8111842105263156,Over,2,Over,1
Premier League,2024-2025,Jan 26 2025 - 7:00pm,Fulham,Manchester United,1.44,1.22,2.66,1.2750000000000004,1.3849999999999998,Over,1,Under,0
Premier League,2024-2025,Feb 01 2025 - 12:30pm,Nottingham Forest,Brighton & Hove Albion,1.33,1.23,2.56,1.5,1.06,Over,7,Over,1
Premier League,2024-2025,Feb 01 2025 - 3:00pm,Everton,Leicester City,1.23,0.9,2.13,1.4423728813559318,0.6876271186440681,Over,4,Over,1
Premier League,2024-2025,Feb 01 2025 - 3:00pm,Newcastle United,Fulham,1.48,1.34,2.8200000000000003,1.1295918367346938,1.6904081632653065,Over,3,Over,1
Premier League,2024-2025,Feb 01 2025 - 3:00pm,AFC Bournemouth,Liverpool,1.67,1.98,3.65,0.9727272727272729,2.677272727272727,Over,2,Over,1
Premier League,2024-2025,Feb 01 2025 - 3:00pm,Ipswich Town,Southampton,1.0,0.93,1.9300000000000002,1.1692708333333335,0.7607291666666667,Over,3,Over,1
Premier League,2024-2025,Feb 01 2025 - 5:30pm,Wolverhampton Wanderers,Aston Villa,1.08,1.0,2.08,0.835135135135135,1.244864864864865,Over,2,Over,1
Premier League,2024-2025,Feb 02 2025 - 2:00pm,Brentford,Tottenham Hotspur,1.46,1.5,2.96,-0.42499999999999893,3.384999999999999,Over,2,Over,1
Premier League,2024-2025,Feb 02 2025 - 2:00pm,Manchester United,Crystal Palace,1.38,1.27,2.65,1.3272321428571432,1.3227678571428567,Over,2,Over,1
Premier League,2024-2025,Feb 02 2025 - 4:30pm,Arsenal,Manchester City,1.87,1.76,3.63,1.335775862068966,2.294224137931034,Over,6,Over,1
Premier League,2024-2025,Feb 03 2025 - 8:00pm,Chelsea,West Ham United,1.76,1.34,3.1,0.8946428571428573,2.205357142857143,Over,3,Over,1
Premier League,2024-2025,Feb 12 2025 - 7:30pm,Everton,Liverpool,1.26,1.98,3.24,1.0333333333333332,2.206666666666667,Over,4,Over,1
Premier League,2024-2025,Feb 14 2025 - 8:00pm,Brighton & Hove Albion,Chelsea,1.47,1.44,2.91,1.2331578947368422,1.676842105263158,Over,3,Over,1
Premier League,2024-2025,Feb 15 2025 - 12:30pm,Leicester City,Arsenal,1.07,1.16,2.23,0.9996590909090908,1.2303409090909092,Over,2,Over,1
Premier League,2024-2025,Feb 15 2025 - 3:00pm,Aston Villa,Ipswich Town,1.38,0.78,2.16,1.2111111111111112,0.9488888888888889,Over,2,Over,1
Premier League,2024-2025,Feb 15 2025 - 3:00pm,Fulham,Nottingham Forest,1.41,1.22,2.63,1.4437499999999996,1.1862500000000002,Over,3,Over,1
Premier League,2024-2025,Feb 15 2025 - 3:00pm,Manchester City,Newcastle United,1.85,1.35,3.2,1.1450943396226414,2.054905660377359,Over,4,Over,1
Premier League,2024-2025,Feb 15 2025 - 3:00pm,Southampton,AFC Bournemouth,1.02,1.5,2.52,0.8072368421052636,1.7127631578947364,Over,4,Over,1
Premier League,2024-2025,Feb 15 2025 - 3:00pm,West Ham United,Brentford,1.12,1.01,2.13,0.9195121951219511,1.2104878048780487,Over,1,Over,1
Premier League,2024-2025,Feb 15 2025 - 5:30pm,Crystal Palace,Everton,1.3,0.93,2.23,1.5563492063492061,0.6736507936507938,Over,3,Over,1
Premier League,2024-2025,Feb 16 2025 - 2:00pm,Liverpool,Wolverhampton Wanderers,1.72,1.13,2.8499999999999996,-0.0031250000000002665,2.853125,Over,3,Over,1
Premier League,2024-2025,Feb 16 2025 - 4:30pm,Tottenham Hotspur,Manchester United,1.58,1.17,2.75,0.7083333333333339,2.041666666666666,Over,1,Over,1
Premier League,2024-2025,Feb 19 2025 - 7:30pm,Aston Villa,Liverpool,1.48,1.9,3.38,0.7824324324324328,2.597567567567567,Over,4,Over,1
Premier League,2024-2025,Feb 21 2025 - 8:00pm,Leicester City,Brentford,1.05,1.05,2.1,0.8267105263157897,1.2732894736842104,Over,4,Over,1
Premier League,2024-2025,Feb 22 2025 - 12:30pm,Everton,Manchester United,1.26,1.22,2.48,1.5,0.98,Over,4,Over,1
Premier League,2024-2025,Feb 22 2025 - 3:00pm,AFC Bournemouth,Wolverhampton Wanderers,1.66,1.17,2.83,0.7285714285714289,2.1014285714285714,Over,1,Over,1
Premier League,2024-2025,Feb 22 2025 - 3:00pm,Arsenal,West Ham United,1.84,1.34,3.18,0.788333333333334,2.391666666666666,Over,1,Over,1
Premier League,2024-2025,Feb 22 2025 - 3:00pm,Fulham,Crystal Palace,1.51,1.26,2.77,1.3942105263157896,1.3757894736842105,Over,2,Over,1
Premier League,2024-2025,Feb 22 2025 - 3:00pm,Ipswich Town,Tottenham Hotspur,1.06,1.47,2.5300000000000002,0.5781250000000007,1.9518749999999996,Over,5,Over,1
Premier League,2024-2025,Feb 22 2025 - 3:00pm,Southampton,Brighton & Hove Albion,1.05,1.26,2.31,0.7562500000000003,1.5537499999999997,Over,4,Over,1
Premier League,2024-2025,Feb 22 2025 - 5:30pm,Aston Villa,Chelsea,1.46,1.4,2.86,0.6136363636363644,2.2463636363636352,Over,3,Over,1
Premier League,2024-2025,Feb 23 2025 - 2:00pm,Newcastle United,Nottingham Forest,1.47,1.2,2.67,1.0034883720930232,1.6665116279069767,Over,7,Over,1
Premier League,2024-2025,Feb 23 2025 - 4:30pm,Manchester City,Liverpool,1.83,1.89,3.7199999999999998,1.0819,2.6380999999999997,Over,2,Over,1
Premier League,2024-2025,Feb 25 2025 - 7:30pm,Brighton & Hove Albion,AFC Bournemouth,1.47,1.52,2.99,1.2272727272727275,1.7627272727272727,Over,3,Over,1
Premier League,2024-2025,Feb 25 2025 - 7:30pm,Wolverhampton Wanderers,Fulham,1.08,1.36,2.4400000000000004,1.3227272727272732,1.1172727272727272,Over,3,Over,1
Premier League,2024-2025,Feb 25 2025 - 7:30pm,Crystal Palace,Aston Villa,1.35,1.01,2.3600000000000003,1.5,0.8600000000000003,Over,5,Over,1
Premier League,2024-2025,Feb 25 2025 - 8:15pm,Chelsea,Southampton,1.78,0.95,2.73,-0.316666666666666,3.046666666666666,Over,4,Over,1
Premier League,2024-2025,Feb 26 2025 - 7:30pm,Brentford,Everton,1.52,0.97,2.49,1.452238805970149,1.0377611940298512,Over,2,Over,1
Premier League,2024-2025,Feb 26 2025 - 7:30pm,Nottingham Forest,Arsenal,1.37,1.19,2.56,1.439473684210526,1.120526315789474,Over,0,Under,0
Premier League,2024-2025,Feb 26 2025 - 7:30pm,Tottenham Hotspur,Manchester City,1.65,1.71,3.36,-0.20000000000000018,3.56,Over,1,Over,1
Premier League,2024-2025,Feb 26 2025 - 7:30pm,Manchester United,Ipswich Town,1.41,0.77,2.1799999999999997,1.0526666666666664,1.1273333333333333,Over,5,Over,1
Premier League,2024-2025,Feb 26 2025 - 8:15pm,Liverpool,Newcastle United,1.68,1.29,2.9699999999999998,0.36999999999999966,2.6,Over,2,Over,1
Premier League,2024-2025,Feb 27 2025 - 8:00pm,West Ham United,Leicester City,1.15,0.9,2.05,1.14,0.9099999999999999,Over,2,Over,1
Premier League,2024-2025,Mar 08 2025 - 12:30pm,Nottingham Forest,Manchester City,1.33,1.67,3.0,0.8027027027027032,2.197297297297297,Over,1,Over,1
Premier League,2024-2025,Mar 08 2025 - 3:00pm,Brighton & Hove Albion,Fulham,1.46,1.36,2.8200000000000003,0.9761249999999992,1.843875000000001,Over,3,Over,1
Premier League,2024-2025,Mar 08 2025 - 3:00pm,Crystal Palace,Ipswich Town,1.38,0.79,2.17,1.2538461538461536,0.9161538461538463,Over,1,Under,0
Premier League,2024-2025,Mar 08 2025 - 3:00pm,Liverpool,Southampton,1.65,0.93,2.58,-0.7458333333333336,3.3258333333333336,Over,4,Over,1
Premier League,2024-2025,Mar 08 2025 - 5:30pm,Brentford,Aston Villa,1.51,1.0,2.51,0.8711250000000004,1.6388749999999994,Over,1,Over,1
Premier League,2024-2025,Mar 08 2025 - 8:00pm,Wolverhampton Wanderers,Everton,1.14,1.01,2.15,0.7055555555555557,1.4444444444444442,Over,2,Over,1
Premier League,2024-2025,Mar 09 2025 - 2:00pm,Chelsea,Leicester City,1.82,0.91,2.73,-0.0031250000000002665,2.7331250000000002,Over,1,Over,1
Premier League,2024-2025,Mar 09 2025 - 2:00pm,Tottenham Hotspur,AFC Bournemouth,1.62,1.55,3.17,0.1646153846153826,3.0053846153846173,Over,4,Over,1
Premier League,2024-2025,Mar 09 2025 - 4:30pm,Manchester United,Arsenal,1.4,1.21,2.61,0.9416666666666662,1.6683333333333337,Over,2,Over,1
Premier League,2024-2025,Mar 10 2025 - 8:00pm,West Ham United,Newcastle United,1.14,1.23,2.37,0.8267105263157897,1.5432894736842104,Over,1,Over,1
Premier League,2024-2025,Mar 15 2025 - 3:00pm,Everton,West Ham United,1.27,1.28,2.55,0.7392857142857143,1.8107142857142855,Over,2,Over,1
Premier League,2024-2025,Mar 15 2025 - 3:00pm,Ipswich Town,Nottingham Forest,1.11,1.23,2.34,1.0428571428571427,1.2971428571428572,Over,6,Over,1
Premier League,2024-2025,Mar 15 2025 - 3:00pm,Manchester City,Brighton & Hove Albion,1.85,1.33,3.18,0.43600000000000083,2.7439999999999993,Over,4,Over,1
Premier League,2024-2025,Mar 15 2025 - 3:00pm,Southampton,Wolverhampton Wanderers,1.03,1.19,2.2199999999999998,1.1595744680851066,1.0604255319148932,Over,3,Over,1
Premier League,2024-2025,Mar 15 2025 - 5:30pm,AFC Bournemouth,Brentford,1.61,1.11,2.72,0.9888888888888892,1.731111111111111,Over,3,Over,1
Premier League,2024-2025,Mar 16 2025 - 1:30pm,Arsenal,Chelsea,1.86,1.42,3.2800000000000002,1.1595744680851066,2.1204255319148935,Over,1,Under,0
Premier League,2024-2025,Mar 16 2025 - 1:30pm,Fulham,Tottenham Hotspur,1.47,1.46,2.9299999999999997,0.9380952380952383,1.9919047619047614,Over,2,Over,1
Premier League,2024-2025,Mar 16 2025 - 7:00pm,Leicester City,Manchester United,1.05,1.22,2.27,1.0833333333333333,1.1866666666666668,Over,3,Over,1
Premier League,2024-2025,Apr 01 2025 - 6:45pm,Arsenal,Fulham,1.83,1.32,3.1500000000000004,1.3968103448275861,1.7531896551724142,Over,3,Over,1
Premier League,2024-2025,Apr 01 2025 - 6:45pm,Wolverhampton Wanderers,West Ham United,1.15,1.27,2.42,1.439473684210526,0.9805263157894739,Over,1,Under,0
Premier League,2024-2025,Apr 01 2025 - 7:00pm,Nottingham Forest,Manchester United,1.31,1.26,2.5700000000000003,1.3227272727272732,1.247272727272727,Over,1,Under,0
Premier League,2024-2025,Apr 02 2025 - 6:45pm,AFC Bournemouth,Ipswich Town,1.65,0.87,2.52,0.8711250000000004,1.6488749999999996,Over,3,Over,1
Premier League,2024-2025,Apr 02 2025 - 6:45pm,Brighton & Hove Albion,Aston Villa,1.44,1.03,2.4699999999999998,0.964883720930233,1.5051162790697667,Over,3,Over,1
Premier League,2024-2025,Apr 02 2025 - 6:45pm,Manchester City,Leicester City,1.82,0.89,2.71,-0.10217391304347778,2.8121739130434777,Over,2,Over,1
Premier League,2024-2025,Apr 02 2025 - 6:45pm,Newcastle United,Brentford,1.47,1.14,2.61,0.31928571428571395,2.290714285714286,Over,3,Over,1
Premier League,2024-2025,Apr 02 2025 - 6:45pm,Southampton,Crystal Palace,1.05,1.25,2.3,0.953125,1.3468749999999998,Over,2,Over,1
Premier League,2024-2025,Apr 02 2025 - 7:00pm,Liverpool,Everton,1.74,1.02,2.76,0.8900000000000006,1.8699999999999992,Over,1,Over,1
Premier League,2024-2025,Apr 03 2025 - 7:00pm,Chelsea,Tottenham Hotspur,1.86,1.45,3.31,0.006666666666666821,3.3033333333333332,Over,1,Over,1
Premier League,2024-2025,Apr 05 2025 - 11:30am,Everton,Arsenal,1.29,1.26,2.55,1.6894736842105265,0.8605263157894734,Over,2,Over,1
Premier League,2024-2025,Apr 05 2025 - 2:00pm,Crystal Palace,Brighton & Hove Albion,1.41,1.34,2.75,1.0833333333333333,1.6666666666666667,Over,3,Over,1
Premier League,2024-2025,Apr 05 2025 - 2:00pm,Ipswich Town,Wolverhampton Wanderers,1.12,1.17,2.29,1.5,0.79,Over,3,Over,1
Premier League,2024-2025,Apr 05 2025 - 2:00pm,West Ham United,AFC Bournemouth,1.14,1.58,2.7199999999999998,1.0833333333333333,1.6366666666666665,Over,4,Over,1
Premier League,2024-2025,Apr 05 2025 - 4:30pm,Aston Villa,Nottingham Forest,1.47,1.25,2.7199999999999998,1.1484374999999998,1.5715625,Over,3,Over,1
Premier League,2024-2025,Apr 06 2025 - 1:00pm,Brentford,Chelsea,1.52,1.39,2.91,0.6136363636363644,2.296363636363636,Over,0,Under,0
Premier League,2024-2025,Apr 06 2025 - 1:00pm,Fulham,Liverpool,1.48,1.83,3.31,1.1875000000000002,2.1224999999999996,Over,5,Over,1
Premier League,2024-2025,Apr 06 2025 - 1:00pm,Tottenham Hotspur,Southampton,1.6,0.93,2.5300000000000002,0.15519230769230719,2.374807692307693,Over,4,Over,1
Premier League,2024-2025,Apr 06 2025 - 3:30pm,Manchester United,Manchester City,1.39,1.67,3.0599999999999996,0.9571428571428575,2.1028571428571423,Over,0,Under,0
Premier League,2024-2025,Apr 07 2025 - 7:00pm,Leicester City,Newcastle United,1.08,1.23,2.31,0.8494871794871799,1.4605128205128202,Over,3,Over,1
Premier League,2024-2025,Apr 12 2025 - 11:30am,Manchester City,Crystal Palace,1.81,1.24,3.05,0.8072368421052636,2.2427631578947365,Over,7,Over,1
Premier League,2024-2025,Apr 12 2025 - 2:00pm,Brighton & Hove Albion,Leicester City,1.44,0.85,2.29,0.8494871794871799,1.4405128205128201,Over,4,Over,1
Premier League,2024-2025,Apr 12 2025 - 2:00pm,Nottingham Forest,Everton,1.29,0.99,2.2800000000000002,1.682051282051282,0.5979487179487182,Over,1,Under,0
Premier League,2024-2025,Apr 12 2025 - 2:00pm,Southampton,Aston Villa,1.05,1.03,2.08,0.9000000000000001,1.18,Over,3,Over,1
Premier League,2024-2025,Apr 12 2025 - 4:30pm,Arsenal,Brentford,1.82,1.15,2.9699999999999998,0.8900000000000006,2.079999999999999,Over,2,Over,1
Premier League,2024-2025,Apr 13 2025 - 1:00pm,Chelsea,Ipswich Town,1.84,0.87,2.71,0.31928571428571395,2.390714285714286,Over,4,Over,1
Premier League,2024-2025,Apr 13 2025 - 1:00pm,Liverpool,West Ham United,1.76,1.25,3.01,0.5939393939393944,2.416060606060605,Over,3,Over,1
Premier League,2024-2025,Apr 13 2025 - 1:00pm,Wolverhampton Wanderers,Tottenham Hotspur,1.14,1.42,2.5599999999999996,0.9292682926829272,1.6307317073170724,Over,6,Over,1
Premier League,2024-2025,Apr 13 2025 - 3:30pm,Newcastle United,Manchester United,1.51,1.35,2.8600000000000003,1.0787234042553189,1.7812765957446814,Over,5,Over,1
Premier League,2024-2025,Apr 14 2025 - 7:00pm,AFC Bournemouth,Fulham,1.7,1.3,3.0,1.0833333333333333,1.9166666666666667,Over,1,Under,0
Premier League,2024-2025,Apr 16 2025 - 6:30pm,Newcastle United,Crystal Palace,1.52,1.22,2.74,1.0909374999999997,1.6490625000000005,Over,5,Over,1
Premier League,2024-2025,Apr 19 2025 - 2:00pm,Brentford,Brighton & Hove Albion,1.49,1.35,2.84,1.1596153846153847,1.6803846153846151,Over,6,Over,1
Premier League,2024-2025,Apr 19 2025 - 2:00pm,Crystal Palace,AFC Bournemouth,1.38,1.56,2.94,1.0833333333333333,1.8566666666666667,Over,0,Under,0
Premier League,2024-2025,Apr 19 2025 - 2:00pm,Everton,Manchester City,1.26,1.64,2.9,0.953125,1.946875,Over,2,Over,1
Premier League,2024-2025,Apr 19 2025 - 2:00pm,West Ham United,Southampton,1.13,0.96,2.09,0.6681818181818184,1.4218181818181814,Over,2,Over,1
Premier League,2024-2025,Apr 19 2025 - 4:30pm,Aston Villa,Newcastle United,1.5,1.25,2.75,1.2122641509433965,1.5377358490566035,Over,5,Over,1
Premier League,2024-2025,Apr 20 2025 - 1:00pm,Fulham,Chelsea,1.47,1.43,2.9,1.3021818181818186,1.5978181818181814,Over,3,Over,1
Premier League,2024-2025,Apr 20 2025 - 1:00pm,Ipswich Town,Arsenal,1.1,1.29,2.39,1.11875,1.2712500000000002,Over,4,Over,1
Premier League,2024-2025,Apr 20 2025 - 1:00pm,Manchester United,Wolverhampton Wanderers,1.38,1.23,2.61,1.4085714285714286,1.2014285714285713,Over,1,Under,0
Premier League,2024-2025,Apr 20 2025 - 3:30pm,Leicester City,Liverpool,1.06,1.82,2.88,0.01687500000000064,2.8631249999999993,Over,1,Over,1
Premier League,2024-2025,Apr 21 2025 - 7:00pm,Tottenham Hotspur,Nottingham Forest,1.61,1.28,2.89,0.9000000000000001,1.99,Over,3,Over,1
Premier League,2024-2025,Apr 22 2025 - 7:00pm,Manchester City,Aston Villa,1.83,1.14,2.9699999999999998,0.8072368421052636,2.1627631578947364,Over,3,Over,1
Premier League,2024-2025,Apr 23 2025 - 7:00pm,Arsenal,Crystal Palace,1.81,1.22,3.0300000000000002,1.0833333333333333,1.946666666666667,Over,4,Over,1
Premier League,2024-2025,Apr 26 2025 - 11:30am,Chelsea,Everton,1.94,1.03,2.9699999999999998,1.138888888888889,1.8311111111111107,Over,1,Under,0
Premier League,2024-2025,Apr 26 2025 - 2:00pm,Brighton & Hove Albion,West Ham United,1.5,1.24,2.74,1.0034883720930232,1.736511627906977,Over,5,Over,1
Premier League,2024-2025,Apr 26 2025 - 2:00pm,Newcastle United,Ipswich Town,1.53,0.9,2.43,0.913953488372093,1.5160465116279072,Over,3,Over,1
Premier League,2024-2025,Apr 26 2025 - 2:00pm,Southampton,Fulham,1.03,1.33,2.3600000000000003,0.7505714285714289,1.6094285714285714,Over,3,Over,1
Premier League,2024-2025,Apr 26 2025 - 2:00pm,Wolverhampton Wanderers,Leicester City,1.15,0.9,2.05,0.7857142857142858,1.264285714285714,Over,3,Over,1
Premier League,2024-2025,Apr 27 2025 - 1:00pm,AFC Bournemouth,Manchester United,1.67,1.33,3.0,1.1943396226415093,1.8056603773584907,Over,2,Over,1
Premier League,2024-2025,Apr 27 2025 - 3:30pm,Liverpool,Tottenham Hotspur,1.76,1.41,3.17,-0.4347499999999993,3.6047499999999992,Over,6,Over,1
Premier League,2024-2025,May 01 2025 - 6:30pm,Nottingham Forest,Brentford,1.29,1.12,2.41,1.0833333333333333,1.3266666666666669,Over,2,Over,1
Premier League,2024-2025,May 02 2025 - 7:00pm,Manchester City,Wolverhampton Wanderers,1.83,1.2,3.0300000000000002,0.7362500000000003,2.29375,Over,1,Over,1
Premier League,2024-2025,May 03 2025 - 11:30am,Aston Villa,Fulham,1.56,1.41,2.9699999999999998,1.3168103448275865,1.6531896551724132,Over,1,Under,0
Premier League,2024-2025,May 03 2025 - 2:00pm,Everton,Ipswich Town,1.24,0.87,2.11,1.4499999999999997,0.6600000000000001,Over,4,Over,1
Premier League,2024-2025,May 03 2025 - 2:00pm,Leicester City,Southampton,1.05,0.99,2.04,1.2727272727272727,0.7672727272727273,Over,2,Over,1
Premier League,2024-2025,May 03 2025 - 4:30pm,Arsenal,AFC Bournemouth,1.79,1.57,3.3600000000000003,1.3168103448275865,2.043189655172414,Over,3,Over,1
Premier League,2024-2025,May 04 2025 - 1:00pm,Brentford,Manchester United,1.51,1.4,2.91,0.7285714285714289,2.1814285714285715,Over,7,Over,1
Premier League,2024-2025,May 04 2025 - 1:00pm,Brighton & Hove Albion,Newcastle United,1.52,1.24,2.76,0.8027027027027032,1.9572972972972966,Over,2,Over,1
Premier League,2024-2025,May 04 2025 - 1:00pm,West Ham United,Tottenham Hotspur,1.14,1.38,2.5199999999999996,0.707714285714286,1.8122857142857136,Over,2,Over,1
Premier League,2024-2025,May 04 2025 - 3:30pm,Chelsea,Liverpool,1.93,1.88,3.8099999999999996,1.0606382978723405,2.749361702127659,Over,4,Over,1
Premier League,2024-2025,May 05 2025 - 7:00pm,Crystal Palace,Nottingham Forest,1.32,1.24,2.56,1.5,1.06,Over,2,Over,1
Premier League,2024-2025,May 10 2025 - 2:00pm,Fulham,Everton,1.43,1.03,2.46,1.6216463414634146,0.8383536585365854,Over,4,Over,1
Premier League,2024-2025,May 10 2025 - 2:00pm,Ipswich Town,Brentford,1.06,1.12,2.18,0.9380952380952383,1.2419047619047618,Over,1,Over,1
Premier League,2024-2025,May 10 2025 - 2:00pm,Southampton,Manchester City,1.03,1.65,2.6799999999999997,0.07000000000000028,2.6099999999999994,Over,0,Under,0
Premier League,2024-2025,May 10 2025 - 2:00pm,Wolverhampton Wanderers,Brighton & Hove Albion,1.2,1.35,2.55,1.2727272727272727,1.2772727272727271,Over,2,Over,1
Premier League,2024-2025,May 10 2025 - 4:30pm,AFC Bournemouth,Aston Villa,1.63,1.13,2.76,1.14,1.6199999999999999,Over,1,Under,0
Premier League,2024-2025,May 11 2025 - 11:00am,Newcastle United,Chelsea,1.56,1.45,3.01,0.8711250000000004,2.1388749999999996,Over,2,Over,1
Premier League,2024-2025,May 11 2025 - 1:15pm,Manchester United,West Ham United,1.38,1.24,2.62,1.1484374999999998,1.4715625000000003,Over,2,Over,1
Premier League,2024-2025,May 11 2025 - 1:15pm,Nottingham Forest,Leicester City,1.32,0.9,2.22,1.14,1.0800000000000003,Over,4,Over,1
Premier League,2024-2025,May 11 2025 - 1:15pm,Tottenham Hotspur,Crystal Palace,1.66,1.23,2.8899999999999997,0.8027027027027032,2.0872972972972965,Over,2,Over,1
Premier League,2024-2025,May 11 2025 - 3:30pm,Liverpool,Arsenal,1.77,1.37,3.14,1.3437500000000004,1.7962499999999997,Over,4,Over,1
Premier League,2024-2025,May 16 2025 - 6:30pm,Aston Villa,Tottenham Hotspur,1.53,1.34,2.87,0.15519230769230719,2.714807692307693,Over,2,Over,1
Premier League,2024-2025,May 16 2025 - 7:15pm,Chelsea,Manchester United,1.92,1.41,3.33,0.6282352941176474,2.7017647058823524,Over,1,Over,1
Premier League,2024-2025,May 18 2025 - 11:00am,Everton,Southampton,1.24,0.99,2.23,1.2122641509433965,1.0177358490566035,Over,2,Over,1
Premier League,2024-2025,May 18 2025 - 1:15pm,West Ham United,Nottingham Forest,1.14,1.24,2.38,1.4040983606557378,0.9759016393442621,Over,3,Over,1
Premier League,2024-2025,May 18 2025 - 2:00pm,Brentford,Fulham,1.52,1.4,2.92,0.8494871794871799,2.0705128205128203,Over,5,Over,1
Premier League,2024-2025,May 18 2025 - 2:00pm,Leicester City,Ipswich Town,1.07,0.89,1.96,1.1484374999999998,0.8115625000000002,Over,2,Over,1
Premier League,2024-2025,May 18 2025 - 3:30pm,Arsenal,Newcastle United,1.77,1.26,3.0300000000000002,1.0089285714285712,2.021071428571429,Over,1,Under,0
Premier League,2024-2025,May 19 2025 - 7:00pm,Brighton & Hove Albion,Liverpool,1.47,1.85,3.3200000000000003,0.2648148148148146,3.0551851851851857,Over,5,Over,1
Premier League,2024-2025,May 20 2025 - 7:00pm,Crystal Palace,Wolverhampton Wanderers,1.36,1.17,2.5300000000000002,1.4463709677419352,1.083629032258065,Over,6,Over,1
Premier League,2024-2025,May 20 2025 - 7:00pm,Manchester City,AFC Bournemouth,1.79,1.54,3.33,0.4458333333333333,2.8841666666666668,Over,4,Over,1
Premier League,2024-2025,May 25 2025 - 3:00pm,AFC Bournemouth,Leicester City,1.62,0.92,2.54,0.2544444444444447,2.2855555555555553,Over,2,Over,1
Premier League,2024-2025,May 25 2025 - 3:00pm,Fulham,Manchester City,1.46,1.73,3.19,0.8711250000000004,2.3188749999999994,Over,2,Over,1
Premier League,2024-2025,May 25 2025 - 3:00pm,Ipswich Town,West Ham United,1.06,1.23,2.29,0.8072368421052636,1.4827631578947364,Over,4,Over,1
Premier League,2024-2025,May 25 2025 - 3:00pm,Liverpool,Crystal Palace,1.76,1.3,3.06,-0.316666666666666,3.376666666666666,Over,2,Over,1
Premier League,2024-2025,May 25 2025 - 3:00pm,Manchester United,Aston Villa,1.43,1.11,2.54,0.9380952380952383,1.6019047619047617,Over,2,Over,1
Premier League,2024-2025,May 25 2025 - 3:00pm,Newcastle United,Everton,1.57,1.05,2.62,0.9113095238095243,1.7086904761904758,Over,1,Over,1
Premier League,2024-2025,May 25 2025 - 3:00pm,Nottingham Forest,Chelsea,1.34,1.44,2.7800000000000002,1.11875,1.6612500000000003,Over,1,Under,0
Premier League,2024-2025,May 25 2025 - 3:00pm,Southampton,Arsenal,0.98,1.4,2.38,0.8743902439024394,1.5056097560975605,Over,3,Over,1
Premier League,2024-2025,May 25 2025 - 3:00pm,Tottenham Hotspur,Brighton & Hove Albion,1.61,1.32,2.93,-0.10217391304347778,3.032173913043478,Over,5,Over,1
Premier League,2024-2025,May 25 2025 - 3:00pm,Wolverhampton Wanderers,Brentford,1.2,1.15,2.3499999999999996,0.5187096774193554,1.8312903225806443,Over,2,Over,1
